trial_key,subject_id,cross_subject_split,condition_category,condition_id,condition_name,repetition,release_status,exclusion_reason,relative_path,amg_rows,semg_rows,motion_rows,common_duration_s,auditory_cue_record_available,auditory_cue_event_count,auditory_cue_onsets_s_relative_to_shared_trial_origin,auditory_cue_used_for_benchmark_alignment
user01|functional_action|deadlift|A1,user01,train,functional_action,deadlift,Deadlift,A1,released,,data/trials/user01/functional_action/deadlift/A1.npz,22385.0,13990.0,1260.0,13.990413427352903,True,3.0,"[2.008685350418091,6.058680295944214,10.028392314910889]",False
user01|functional_action|deadlift|A2,user01,train,functional_action,deadlift,Deadlift,A2,released,,data/trials/user01/functional_action/deadlift/A2.npz,22039.0,13775.0,1240.0,13.774513006210327,True,3.0,"[1.8624379634857178,5.922212839126587,9.865470886230469]",False
user01|functional_action|deadlift|A3,user01,train,functional_action,deadlift,Deadlift,A3,released,,data/trials/user01/functional_action/deadlift/A3.npz,21887.0,13679.0,1232.0,13.679065227508543,True,3.0,"[1.7738990783691406,5.81538724899292,9.769290208816528]",False
user01|functional_action|deadlift|A4,user01,train,functional_action,deadlift,Deadlift,A4,released,,data/trials/user01/functional_action/deadlift/A4.npz,21923.0,13703.0,1234.0,13.702304601669312,True,3.0,"[1.7811753749847412,5.829400539398193,9.781457424163818]",False
user01|functional_action|deep_squat|A1,user01,train,functional_action,deep_squat,Deep Squat,A1,released,,data/trials/user01/functional_action/deep_squat/A1.npz,22110.0,13818.0,1244.0,13.818396091461182,True,3.0,"[1.9531347751617432,5.996178865432739,9.9563307762146]",False
user01|functional_action|deep_squat|A2,user01,train,functional_action,deep_squat,Deep Squat,A2,released,,data/trials/user01/functional_action/deep_squat/A2.npz,21990.0,13743.0,1237.0,13.743420362472534,True,3.0,"[1.7722623348236084,5.79925537109375,9.847160339355469]",False
user01|functional_action|deep_squat|A3,user01,train,functional_action,deep_squat,Deep Squat,A3,released,,data/trials/user01/functional_action/deep_squat/A3.npz,21988.0,13743.0,1237.0,13.742677927017212,True,3.0,"[1.767338752746582,5.82642674446106,9.854349613189697]",False
user01|functional_action|deep_squat|A4,user01,train,functional_action,deep_squat,Deep Squat,A4,released,,data/trials/user01/functional_action/deep_squat/A4.npz,21981.0,13738.0,1237.0,13.737991333007812,True,3.0,"[1.7675001621246338,5.80428409576416,9.851931095123291]",False
user01|functional_action|forward_lunge|A1,user01,train,functional_action,forward_lunge,Forward Lunge,A1,released,,data/trials/user01/functional_action/forward_lunge/A1.npz,22075.0,13797.0,1242.0,13.796664953231812,True,3.0,"[1.8081047534942627,5.86061692237854,9.812655925750732]",False
user01|functional_action|forward_lunge|A2,user01,train,functional_action,forward_lunge,Forward Lunge,A2,released,,data/trials/user01/functional_action/forward_lunge/A2.npz,22025.0,13766.0,1239.0,13.765330791473389,True,3.0,"[1.8781795501708984,5.922996520996094,9.874232530593872]",False
user01|functional_action|forward_lunge|A3,user01,train,functional_action,forward_lunge,Forward Lunge,A3,released,,data/trials/user01/functional_action/forward_lunge/A3.npz,22003.0,13752.0,1238.0,13.751917123794556,True,3.0,"[1.8285620212554932,5.8775482177734375,9.825955152511597]",False
user01|functional_action|forward_lunge|A4,user01,train,functional_action,forward_lunge,Forward Lunge,A4,released,,data/trials/user01/functional_action/forward_lunge/A4.npz,22005.0,13753.0,1238.0,13.752926111221312,True,3.0,"[1.8588199615478516,5.920144081115723,9.879297971725464]",False
user01|functional_action|heel_raise|A1,user01,train,functional_action,heel_raise,Heel Raise,A1,released,,data/trials/user01/functional_action/heel_raise/A1.npz,22067.0,13792.0,1242.0,13.792027950286863,True,3.0,"[1.7960968017578125,5.839893817901611,9.789572954177856]",False
user01|functional_action|heel_raise|A2,user01,train,functional_action,heel_raise,Heel Raise,A2,released,,data/trials/user01/functional_action/heel_raise/A2.npz,21987.0,13741.0,1237.0,13.741775751113892,True,3.0,"[1.824805498123169,5.858311653137207,9.90970253944397]",False
user01|functional_action|heel_raise|A3,user01,train,functional_action,heel_raise,Heel Raise,A3,released,,data/trials/user01/functional_action/heel_raise/A3.npz,21905.0,13691.0,1232.0,13.690016508102415,True,3.0,"[1.7655882835388184,5.824051380157471,9.78354024887085]",False
user01|functional_action|heel_raise|A4,user01,train,functional_action,heel_raise,Heel Raise,A4,released,,data/trials/user01/functional_action/heel_raise/A4.npz,21950.0,13719.0,1235.0,13.718814373016356,True,3.0,"[1.8155152797698975,5.883893251419067,9.835370302200317]",False
user01|functional_action|left_lunge|A1,user01,train,functional_action,left_lunge,Left Lunge,A1,released,,data/trials/user01/functional_action/left_lunge/A1.npz,21976.0,13735.0,1237.0,13.735098361968994,True,3.0,"[1.8192682266235352,5.856496334075928,9.911726236343384]",False
user01|functional_action|left_lunge|A2,user01,train,functional_action,left_lunge,Left Lunge,A2,released,,data/trials/user01/functional_action/left_lunge/A2.npz,22001.0,13750.0,1238.0,13.750478506088257,True,3.0,"[1.7992095947265625,5.8500285148620605,9.794753551483154]",False
user01|functional_action|left_lunge|A3,user01,train,functional_action,left_lunge,Left Lunge,A3,released,,data/trials/user01/functional_action/left_lunge/A3.npz,22117.0,13824.0,1245.0,13.823168516159058,True,3.0,"[1.8193933963775635,5.853813409805298,9.911110401153564]",False
user01|functional_action|left_lunge|A4,user01,train,functional_action,left_lunge,Left Lunge,A4,released,,data/trials/user01/functional_action/left_lunge/A4.npz,22038.0,13774.0,1240.0,13.7741539478302,True,3.0,"[1.7881839275360107,5.840876817703247,9.796123027801514]",False
user01|functional_action|quiet_sit|A1,user01,train,functional_action,quiet_sit,Quiet Sit,A1,released,,data/trials/user01/functional_action/quiet_sit/A1.npz,21931.0,13707.0,1234.0,13.706376791000366,True,3.0,"[1.7789885997772217,5.844039678573608,9.773425579071045]",False
user01|functional_action|quiet_sit|A2,user01,train,functional_action,quiet_sit,Quiet Sit,A2,released,,data/trials/user01/functional_action/quiet_sit/A2.npz,21993.0,13745.0,1237.0,13.745184183120728,True,3.0,"[1.803929090499878,5.838905096054077,9.875140190124512]",False
user01|functional_action|quiet_sit|A3,user01,train,functional_action,quiet_sit,Quiet Sit,A3,released,,data/trials/user01/functional_action/quiet_sit/A3.npz,21964.0,13727.0,1236.0,13.727111339569092,True,3.0,"[1.809314250946045,5.857264280319214,9.89505124092102]",False
user01|functional_action|quiet_sit|A4,user01,train,functional_action,quiet_sit,Quiet Sit,A4,released,,data/trials/user01/functional_action/quiet_sit/A4.npz,21960.0,13726.0,1236.0,13.725221157073976,True,3.0,"[1.7726020812988281,5.818852186203003,9.865173101425171]",False
user01|functional_action|quiet_stand|A1,user01,train,functional_action,quiet_stand,Quiet Stand,A1,released,,data/trials/user01/functional_action/quiet_stand/A1.npz,22066.0,13791.0,1242.0,13.791079759597778,True,3.0,"[1.828460693359375,5.861910581588745,9.905427694320679]",False
user01|functional_action|quiet_stand|A2,user01,train,functional_action,quiet_stand,Quiet Stand,A2,released,,data/trials/user01/functional_action/quiet_stand/A2.npz,22000.0,13750.0,1238.0,13.74967885017395,True,3.0,"[1.694718837738037,5.739011764526367,9.78221869468689]",False
user01|functional_action|quiet_stand|A3,user01,train,functional_action,quiet_stand,Quiet Stand,A3,released,,data/trials/user01/functional_action/quiet_stand/A3.npz,22007.0,13754.0,1238.0,13.754302501678469,True,3.0,"[1.9962043762207031,6.0528154373168945,9.995265483856201]",False
user01|functional_action|quiet_stand|A4,user01,train,functional_action,quiet_stand,Quiet Stand,A4,released,,data/trials/user01/functional_action/quiet_stand/A4.npz,21840.0,13650.0,1229.0,13.649895906448364,True,3.0,"[1.8075809478759766,5.854568004608154,9.891337871551514]",False
user01|functional_action|single_leg_stance|A1,user01,train,functional_action,single_leg_stance,Single-leg Stance,A1,released,,data/trials/user01/functional_action/single_leg_stance/A1.npz,22137.0,13836.0,1246.0,13.83594274520874,True,3.0,"[1.793602705001831,5.8252856731414795,9.870319843292236]",False
user01|functional_action|single_leg_stance|A2,user01,train,functional_action,single_leg_stance,Single-leg Stance,A2,released,,data/trials/user01/functional_action/single_leg_stance/A2.npz,22153.0,13846.0,1247.0,13.845980167388916,True,3.0,"[1.8093299865722656,5.852461099624634,9.89812707901001]",False
user01|functional_action|single_leg_stance|A3,user01,train,functional_action,single_leg_stance,Single-leg Stance,A3,released,,data/trials/user01/functional_action/single_leg_stance/A3.npz,22010.0,13756.0,1239.0,13.756410121917725,True,3.0,"[1.854978084564209,5.892597198486328,9.852250099182129]",False
user01|functional_action|single_leg_stance|A4,user01,train,functional_action,single_leg_stance,Single-leg Stance,A4,released,,data/trials/user01/functional_action/single_leg_stance/A4.npz,22014.0,13759.0,1239.0,13.758902311325071,True,3.0,"[1.7993721961975098,5.843702077865601,9.807851076126099]",False
user01|functional_action|stair_ascent|A1,user01,train,functional_action,stair_ascent,Stair Ascent,A1,released,,data/trials/user01/functional_action/stair_ascent/A1.npz,21976.0,13735.0,1237.0,13.734981775283812,True,3.0,"[1.8251385688781738,5.8846917152404785,9.842796564102173]",False
user01|functional_action|stair_ascent|A2,user01,train,functional_action,stair_ascent,Stair Ascent,A2,released,,data/trials/user01/functional_action/stair_ascent/A2.npz,22051.0,13782.0,1241.0,13.781783103942873,True,3.0,"[1.8246181011199951,5.872558116912842,9.882548093795776]",False
user01|functional_action|stair_ascent|A3,user01,train,functional_action,stair_ascent,Stair Ascent,A3,released,,data/trials/user01/functional_action/stair_ascent/A3.npz,22100.0,13812.0,1244.0,13.812134504318236,True,3.0,"[1.8447754383087158,5.892221450805664,9.847001552581787]",False
user01|functional_action|stair_ascent|A4,user01,train,functional_action,stair_ascent,Stair Ascent,A4,released,,data/trials/user01/functional_action/stair_ascent/A4.npz,21962.0,13727.0,1236.0,13.726591348648071,True,3.0,"[1.8237903118133545,5.871782302856445,9.83288025856018]",False
user01|functional_action|stand_sit_transition|A1,user01,train,functional_action,stand_sit_transition,Stand-sit transition,A1,released,,data/trials/user01/functional_action/stand_sit_transition/A1.npz,21845.0,13653.0,1229.0,13.653254508972168,True,3.0,"[1.8802523612976074,5.938722372055054,9.89112639427185]",False
user01|functional_action|stand_sit_transition|A2,user01,train,functional_action,stand_sit_transition,Stand-sit transition,A2,released,,data/trials/user01/functional_action/stand_sit_transition/A2.npz,21964.0,13727.0,1236.0,13.72744083404541,True,3.0,"[1.9351646900177002,5.9897027015686035,9.947028636932373]",False
user01|functional_action|stand_sit_transition|A3,user01,train,functional_action,stand_sit_transition,Stand-sit transition,A3,released,,data/trials/user01/functional_action/stand_sit_transition/A3.npz,21962.0,13726.0,1236.0,13.726052522659302,True,3.0,"[1.8874273300170898,5.932153224945068,9.89141035079956]",False
user01|functional_action|stand_sit_transition|A4,user01,train,functional_action,stand_sit_transition,Stand-sit transition,A4,released,,data/trials/user01/functional_action/stand_sit_transition/A4.npz,22083.0,13801.0,1242.0,13.801368236541748,True,3.0,"[1.8307421207427979,5.890904188156128,9.838734149932861]",False
user01|functional_action|vertical_jump|A1,user01,train,functional_action,vertical_jump,Vertical Jump,A1,released,,data/trials/user01/functional_action/vertical_jump/A1.npz,22196.0,13873.0,1249.0,13.87305760383606,True,3.0,"[1.8837804794311523,5.926683664321899,9.96693754196167]",False
user01|functional_action|vertical_jump|A2,user01,train,functional_action,vertical_jump,Vertical Jump,A2,released,,data/trials/user01/functional_action/vertical_jump/A2.npz,21929.0,13706.0,1234.0,13.705630779266356,True,3.0,"[1.8100135326385498,5.850754499435425,9.811120510101318]",False
user01|functional_action|vertical_jump|A3,user01,train,functional_action,vertical_jump,Vertical Jump,A3,released,,data/trials/user01/functional_action/vertical_jump/A3.npz,22061.0,13789.0,1241.0,13.78841495513916,True,3.0,"[1.8140666484832764,5.896426677703857,9.889904737472534]",False
user01|functional_action|vertical_jump|A4,user01,train,functional_action,vertical_jump,Vertical Jump,A4,released,,data/trials/user01/functional_action/vertical_jump/A4.npz,21971.0,13732.0,1236.0,13.732060432434082,True,3.0,"[1.7712912559509277,5.818493366241455,9.770296335220337]",False
user01|treadmill_walking|treadmill_walking_1_kmh|A1,user01,train,treadmill_walking,treadmill_walking_1_kmh,Walk at 1 km/h,A1,released,,data/trials/user01/treadmill_walking/treadmill_walking_1_kmh/A1.npz,21950.0,13718.0,1235.0,13.7186861038208,True,3.0,"[1.781296968460083,5.822471857070923,9.860553979873657]",False
user01|treadmill_walking|treadmill_walking_1_kmh|A2,user01,train,treadmill_walking,treadmill_walking_1_kmh,Walk at 1 km/h,A2,released,,data/trials/user01/treadmill_walking/treadmill_walking_1_kmh/A2.npz,22076.0,13797.0,1242.0,13.79694962501526,True,3.0,"[1.837064504623413,5.876359462738037,9.91987133026123]",False
user01|treadmill_walking|treadmill_walking_1_kmh|A3,user01,train,treadmill_walking,treadmill_walking_1_kmh,Walk at 1 km/h,A3,released,,data/trials/user01/treadmill_walking/treadmill_walking_1_kmh/A3.npz,22007.0,13754.0,1238.0,13.754339694976808,True,3.0,"[1.8190977573394775,5.86234974861145,9.907692670822144]",False
user01|treadmill_walking|treadmill_walking_1_kmh|A4,user01,train,treadmill_walking,treadmill_walking_1_kmh,Walk at 1 km/h,A4,released,,data/trials/user01/treadmill_walking/treadmill_walking_1_kmh/A4.npz,21879.0,13675.0,1231.0,13.674670696258543,True,3.0,"[1.8098936080932617,5.850051641464233,9.884666681289673]",False
user01|treadmill_walking|treadmill_walking_2_kmh|A1,user01,train,treadmill_walking,treadmill_walking_2_kmh,Walk at 2 km/h,A1,released,,data/trials/user01/treadmill_walking/treadmill_walking_2_kmh/A1.npz,22013.0,13758.0,1239.0,13.758452653884888,True,3.0,"[1.8160865306854248,5.85309362411499,9.814557552337646]",False
user01|treadmill_walking|treadmill_walking_2_kmh|A2,user01,train,treadmill_walking,treadmill_walking_2_kmh,Walk at 2 km/h,A2,released,,data/trials/user01/treadmill_walking/treadmill_walking_2_kmh/A2.npz,22029.0,13768.0,1240.0,13.768251180648804,True,3.0,"[1.8381052017211914,5.881723165512085,9.929419994354248]",False
user01|treadmill_walking|treadmill_walking_2_kmh|A3,user01,train,treadmill_walking,treadmill_walking_2_kmh,Walk at 2 km/h,A3,released,,data/trials/user01/treadmill_walking/treadmill_walking_2_kmh/A3.npz,20931.0,13082.0,1177.0,13.081400156021118,True,3.0,"[1.245378017425537,5.278865098953247,9.315481901168823]",False
user01|treadmill_walking|treadmill_walking_2_kmh|A4,user01,train,treadmill_walking,treadmill_walking_2_kmh,Walk at 2 km/h,A4,released,,data/trials/user01/treadmill_walking/treadmill_walking_2_kmh/A4.npz,21908.0,13693.0,1233.0,13.69253396987915,True,3.0,"[1.7871639728546143,5.825855016708374,9.87352991104126]",False
user01|treadmill_walking|treadmill_walking_3_kmh|A1,user01,train,treadmill_walking,treadmill_walking_3_kmh,Walk at 3 km/h,A1,released,,data/trials/user01/treadmill_walking/treadmill_walking_3_kmh/A1.npz,22012.0,13757.0,1238.0,13.757452487945557,True,3.0,"[1.9391324520111084,5.981799364089966,10.02746844291687]",False
user01|treadmill_walking|treadmill_walking_3_kmh|A2,user01,train,treadmill_walking,treadmill_walking_3_kmh,Walk at 3 km/h,A2,released,,data/trials/user01/treadmill_walking/treadmill_walking_3_kmh/A2.npz,22031.0,13769.0,1240.0,13.768988132476808,True,3.0,"[1.8172318935394287,5.855870962142944,9.906235933303833]",False
user01|treadmill_walking|treadmill_walking_3_kmh|A3,user01,train,treadmill_walking,treadmill_walking_3_kmh,Walk at 3 km/h,A3,released,,data/trials/user01/treadmill_walking/treadmill_walking_3_kmh/A3.npz,21960.0,13725.0,1236.0,13.72473430633545,True,3.0,"[1.830686330795288,5.878085136413574,9.917908191680908]",False
user01|treadmill_walking|treadmill_walking_3_kmh|A4,user01,train,treadmill_walking,treadmill_walking_3_kmh,Walk at 3 km/h,A4,released,,data/trials/user01/treadmill_walking/treadmill_walking_3_kmh/A4.npz,21930.0,13706.0,1234.0,13.706082105636597,True,3.0,"[1.800739049911499,5.839039087295532,9.885263204574585]",False
user01|treadmill_walking|treadmill_walking_4_kmh|A1,user01,train,treadmill_walking,treadmill_walking_4_kmh,Walk at 4 km/h,A1,released,,data/trials/user01/treadmill_walking/treadmill_walking_4_kmh/A1.npz,21914.0,13696.0,1233.0,13.696291446685793,True,3.0,"[1.7894034385681152,5.818932294845581,9.860457420349121]",False
user01|treadmill_walking|treadmill_walking_4_kmh|A2,user01,train,treadmill_walking,treadmill_walking_4_kmh,Walk at 4 km/h,A2,released,,data/trials/user01/treadmill_walking/treadmill_walking_4_kmh/A2.npz,21875.0,13672.0,1231.0,13.672118186950684,True,3.0,"[1.8066041469573975,5.844468116760254,9.895761013031006]",False
user01|treadmill_walking|treadmill_walking_4_kmh|A3,user01,train,treadmill_walking,treadmill_walking_4_kmh,Walk at 4 km/h,A3,released,,data/trials/user01/treadmill_walking/treadmill_walking_4_kmh/A3.npz,21925.0,13703.0,1234.0,13.703482151031494,True,3.0,"[1.7568950653076172,5.796828985214233,9.769252061843872]",False
user01|treadmill_walking|treadmill_walking_4_kmh|A4,user01,train,treadmill_walking,treadmill_walking_4_kmh,Walk at 4 km/h,A4,released,,data/trials/user01/treadmill_walking/treadmill_walking_4_kmh/A4.npz,21858.0,13661.0,1230.0,13.660977840423584,True,3.0,"[1.8404796123504639,5.883532762527466,9.924939632415771]",False
user01|treadmill_walking|treadmill_walking_5_kmh|A1,user01,train,treadmill_walking,treadmill_walking_5_kmh,Walk at 5 km/h,A1,released,,data/trials/user01/treadmill_walking/treadmill_walking_5_kmh/A1.npz,21977.0,13736.0,1237.0,13.735827684402466,True,3.0,"[1.929762601852417,5.973002672195435,10.022141695022583]",False
user01|treadmill_walking|treadmill_walking_5_kmh|A2,user01,train,treadmill_walking,treadmill_walking_5_kmh,Walk at 5 km/h,A2,released,,data/trials/user01/treadmill_walking/treadmill_walking_5_kmh/A2.npz,21884.0,13677.0,1231.0,13.677360773086548,True,3.0,"[1.864985704421997,5.955056667327881,9.893589735031128]",False
user01|treadmill_walking|treadmill_walking_5_kmh|A3,user01,train,treadmill_walking,treadmill_walking_5_kmh,Walk at 5 km/h,A3,released,,data/trials/user01/treadmill_walking/treadmill_walking_5_kmh/A3.npz,21926.0,13704.0,1234.0,13.703373908996582,True,3.0,"[1.8105387687683105,5.859304666519165,9.903564691543579]",False
user01|treadmill_walking|treadmill_walking_5_kmh|A4,user01,train,treadmill_walking,treadmill_walking_5_kmh,Walk at 5 km/h,A4,released,,data/trials/user01/treadmill_walking/treadmill_walking_5_kmh/A4.npz,21882.0,13676.0,1231.0,13.67608880996704,True,3.0,"[1.8344247341156006,5.879703760147095,9.927767753601074]",False
user02|functional_action|deadlift|A1,user02,train,functional_action,deadlift,Deadlift,A1,released,,data/trials/user02/functional_action/deadlift/A1.npz,22937.0,14336.0,1291.0,14.335758209228516,True,3.0,"[1.7660281658172607,5.798501014709473,9.83132004737854]",False
user02|functional_action|deadlift|A2,user02,train,functional_action,deadlift,Deadlift,A2,released,,data/trials/user02/functional_action/deadlift/A2.npz,22797.0,14248.0,1283.0,14.247988939285278,True,3.0,"[1.7135636806488037,5.755587816238403,9.802658796310425]",False
user02|functional_action|deadlift|A3,user02,train,functional_action,deadlift,Deadlift,A3,released,,data/trials/user02/functional_action/deadlift/A3.npz,22722.0,14201.0,1278.0,14.200915813446043,True,3.0,"[1.7066247463226318,5.742586612701416,9.776874780654907]",False
user02|functional_action|deadlift|A4,user02,train,functional_action,deadlift,Deadlift,A4,released,,data/trials/user02/functional_action/deadlift/A4.npz,22720.0,14200.0,1278.0,14.200375080108644,True,3.0,"[1.7747249603271484,5.795661926269531,9.83578896522522]",False
user02|functional_action|deep_squat|A1,user02,train,functional_action,deep_squat,Deep Squat,A1,released,,data/trials/user02/functional_action/deep_squat/A1.npz,22828.0,14268.0,1284.0,14.267720699310305,True,3.0,"[1.7216346263885498,5.752405643463135,9.791834592819214]",False
user02|functional_action|deep_squat|A2,user02,train,functional_action,deep_squat,Deep Squat,A2,released,,data/trials/user02/functional_action/deep_squat/A2.npz,22896.0,14310.0,1288.0,14.3101909160614,True,3.0,"[1.7772338390350342,5.803921937942505,9.84421682357788]",False
user02|functional_action|deep_squat|A3,user02,train,functional_action,deep_squat,Deep Squat,A3,released,,data/trials/user02/functional_action/deep_squat/A3.npz,22743.0,14215.0,1280.0,14.214722394943236,True,3.0,"[1.7291052341461182,5.768188238143921,9.803030252456665]",False
user02|functional_action|deep_squat|A4,user02,train,functional_action,deep_squat,Deep Squat,A4,released,,data/trials/user02/functional_action/deep_squat/A4.npz,22858.0,14286.0,1286.0,14.286022901535034,True,3.0,"[1.7532308101654053,5.778558731079102,9.818329811096191]",False
user02|functional_action|forward_lunge|A1,user02,train,functional_action,forward_lunge,Forward Lunge,A1,released,,data/trials/user02/functional_action/forward_lunge/A1.npz,22902.0,14313.0,1289.0,14.31355047225952,True,3.0,"[1.7496461868286133,5.782673358917236,9.81785535812378]",False
user02|functional_action|forward_lunge|A2,user02,train,functional_action,forward_lunge,Forward Lunge,A2,released,,data/trials/user02/functional_action/forward_lunge/A2.npz,22862.0,14289.0,1286.0,14.288428783416748,True,3.0,"[1.7799465656280518,5.81060266494751,9.856732606887817]",False
user02|functional_action|forward_lunge|A3,user02,train,functional_action,forward_lunge,Forward Lunge,A3,released,,data/trials/user02/functional_action/forward_lunge/A3.npz,22740.0,14213.0,1280.0,14.21259617805481,True,3.0,"[1.7645201683044434,5.791547060012817,9.83583402633667]",False
user02|functional_action|forward_lunge|A4,user02,train,functional_action,forward_lunge,Forward Lunge,A4,released,,data/trials/user02/functional_action/forward_lunge/A4.npz,22975.0,14360.0,1293.0,14.35935091972351,True,3.0,"[1.7616839408874512,5.802861928939819,9.789148807525635]",False
user02|functional_action|heel_raise|A1,user02,train,functional_action,heel_raise,Heel Raise,A1,released,,data/trials/user02/functional_action/heel_raise/A1.npz,22869.0,14293.0,1287.0,14.293159008026125,True,3.0,"[1.778350830078125,5.815281867980957,9.852645874023438]",False
user02|functional_action|heel_raise|A2,user02,train,functional_action,heel_raise,Heel Raise,A2,released,,data/trials/user02/functional_action/heel_raise/A2.npz,23054.0,14409.0,1297.0,14.408663511276243,True,3.0,"[2.0345592498779297,6.081640243530273,10.030702352523804]",False
user02|functional_action|heel_raise|A3,user02,train,functional_action,heel_raise,Heel Raise,A3,released,,data/trials/user02/functional_action/heel_raise/A3.npz,22761.0,14226.0,1281.0,14.225609302520752,True,3.0,"[1.7780790328979492,5.816022157669067,9.84852910041809]",False
user02|functional_action|heel_raise|A4,user02,train,functional_action,heel_raise,Heel Raise,A4,released,,data/trials/user02/functional_action/heel_raise/A4.npz,22788.0,14244.0,1282.0,14.243024110794067,True,3.0,"[1.7917962074279785,5.821087121963501,9.849339008331299]",False
user02|functional_action|left_lunge|A1,user02,train,functional_action,left_lunge,Left Lunge,A1,released,,data/trials/user02/functional_action/left_lunge/A1.npz,22867.0,14292.0,1287.0,14.29219913482666,True,3.0,"[1.7515769004821777,5.787524938583374,9.833828926086426]",False
user02|functional_action|left_lunge|A2,user02,train,functional_action,left_lunge,Left Lunge,A2,released,,data/trials/user02/functional_action/left_lunge/A2.npz,22920.0,14325.0,1290.0,14.32526397705078,True,3.0,"[1.7744417190551758,5.80925989151001,9.851557731628418]",False
user02|functional_action|left_lunge|A3,user02,train,functional_action,left_lunge,Left Lunge,A3,released,,data/trials/user02/functional_action/left_lunge/A3.npz,22815.0,14259.0,1284.0,14.259044647216797,True,3.0,"[1.7341265678405762,5.780687570571899,9.820247411727905]",False
user02|functional_action|left_lunge|A4,user02,train,functional_action,left_lunge,Left Lunge,A4,released,,data/trials/user02/functional_action/left_lunge/A4.npz,22883.0,14302.0,1288.0,14.301949739456177,True,3.0,"[1.7572276592254639,5.796557664871216,9.837228536605835]",False
user02|functional_action|quiet_sit|A1,user02,train,functional_action,quiet_sit,Quiet Sit,A1,released,,data/trials/user02/functional_action/quiet_sit/A1.npz,22981.0,14364.0,1293.0,14.363524436950684,True,3.0,"[1.7722194194793701,5.80876350402832,9.854952335357666]",False
user02|functional_action|quiet_sit|A2,user02,train,functional_action,quiet_sit,Quiet Sit,A2,released,,data/trials/user02/functional_action/quiet_sit/A2.npz,22765.0,14228.0,1281.0,14.22788906097412,True,3.0,"[1.727220058441162,5.7638938426971436,9.801692962646484]",False
user02|functional_action|quiet_sit|A3,user02,train,functional_action,quiet_sit,Quiet Sit,A3,released,,data/trials/user02/functional_action/quiet_sit/A3.npz,22846.0,14278.0,1286.0,14.27838897705078,True,3.0,"[1.751896858215332,5.7919697761535645,9.828197717666626]",False
user02|functional_action|quiet_sit|A4,user02,train,functional_action,quiet_sit,Quiet Sit,A4,released,,data/trials/user02/functional_action/quiet_sit/A4.npz,22858.0,14286.0,1286.0,14.286527872085571,True,3.0,"[1.778303623199463,5.814121723175049,9.855535745620728]",False
user02|functional_action|quiet_stand|A1,user02,train,functional_action,quiet_stand,Quiet Stand,A1,released,,data/trials/user02/functional_action/quiet_stand/A1.npz,22746.0,14216.0,1280.0,14.215866327285768,True,3.0,"[1.7020142078399658,5.73252010345459,9.770838022232056]",False
user02|functional_action|quiet_stand|A2,user02,train,functional_action,quiet_stand,Quiet Stand,A2,released,,data/trials/user02/functional_action/quiet_stand/A2.npz,22860.0,14288.0,1286.0,14.287536859512327,True,3.0,"[1.7370967864990234,5.782129764556885,9.822436809539795]",False
user02|functional_action|quiet_stand|A3,user02,train,functional_action,quiet_stand,Quiet Stand,A3,released,,data/trials/user02/functional_action/quiet_stand/A3.npz,22775.0,14234.0,1282.0,14.234317541122437,True,3.0,"[1.721839427947998,5.762961387634277,9.794682264328003]",False
user02|functional_action|quiet_stand|A4,user02,train,functional_action,quiet_stand,Quiet Stand,A4,released,,data/trials/user02/functional_action/quiet_stand/A4.npz,22830.0,14268.0,1285.0,14.268631935119627,True,3.0,"[1.853590965270996,5.8847270011901855,9.923882961273193]",False
user02|functional_action|single_leg_stance|A1,user02,train,functional_action,single_leg_stance,Single-leg Stance,A1,released,,data/trials/user02/functional_action/single_leg_stance/A1.npz,22806.0,14253.0,1283.0,14.253294229507446,True,3.0,"[1.9301581382751465,5.971095085144043,9.925507068634033]",False
user02|functional_action|single_leg_stance|A2,user02,train,functional_action,single_leg_stance,Single-leg Stance,A2,released,,data/trials/user02/functional_action/single_leg_stance/A2.npz,22843.0,14277.0,1285.0,14.277149677276611,True,3.0,"[1.8399605751037598,5.877568483352661,9.921518564224243]",False
user02|functional_action|single_leg_stance|A3,user02,train,functional_action,single_leg_stance,Single-leg Stance,A3,released,,data/trials/user02/functional_action/single_leg_stance/A3.npz,22756.0,14223.0,1280.0,14.22238302230835,True,3.0,"[1.7300877571105957,5.75877571105957,9.809638738632202]",False
user02|functional_action|single_leg_stance|A4,user02,train,functional_action,single_leg_stance,Single-leg Stance,A4,released,,data/trials/user02/functional_action/single_leg_stance/A4.npz,22816.0,14260.0,1284.0,14.259470462799072,True,3.0,"[1.8524794578552246,5.889054536819458,9.926564455032349]",False
user02|functional_action|stair_ascent|A1,user02,train,functional_action,stair_ascent,Stair Ascent,A1,released,,data/trials/user02/functional_action/stair_ascent/A1.npz,22728.0,14205.0,1279.0,14.204927444458008,True,3.0,"[1.7510442733764648,5.788483381271362,9.832463264465332]",False
user02|functional_action|stair_ascent|A2,user02,train,functional_action,stair_ascent,Stair Ascent,A2,released,,data/trials/user02/functional_action/stair_ascent/A2.npz,22755.0,14222.0,1280.0,14.221573114395142,True,3.0,"[1.7121779918670654,5.7519989013671875,9.793869018554688]",False
user02|functional_action|stair_ascent|A3,user02,train,functional_action,stair_ascent,Stair Ascent,A3,released,,data/trials/user02/functional_action/stair_ascent/A3.npz,22847.0,14279.0,1286.0,14.279315710067747,True,3.0,"[1.79716157913208,5.8337624073028564,9.870821475982666]",False
user02|functional_action|stair_ascent|A4,user02,train,functional_action,stair_ascent,Stair Ascent,A4,released,,data/trials/user02/functional_action/stair_ascent/A4.npz,22787.0,14241.0,1282.0,14.241748094558716,True,3.0,"[1.7783279418945312,5.808654069900513,9.845720052719116]",False
user02|functional_action|stand_sit_transition|A1,user02,train,functional_action,stand_sit_transition,Stand-sit transition,A1,released,,data/trials/user02/functional_action/stand_sit_transition/A1.npz,22858.0,14286.0,1286.0,14.286059141159058,True,3.0,"[1.7154629230499268,5.754258871078491,9.793277978897095]",False
user02|functional_action|stand_sit_transition|A2,user02,train,functional_action,stand_sit_transition,Stand-sit transition,A2,released,,data/trials/user02/functional_action/stand_sit_transition/A2.npz,22931.0,14332.0,1290.0,14.331560373306274,True,3.0,"[1.9223394393920898,5.950711250305176,9.99785041809082]",False
user02|functional_action|stand_sit_transition|A3,user02,train,functional_action,stand_sit_transition,Stand-sit transition,A3,released,,data/trials/user02/functional_action/stand_sit_transition/A3.npz,22798.0,14249.0,1283.0,14.248899221420288,True,3.0,"[1.7463202476501465,5.773944139480591,9.816234111785889]",False
user02|functional_action|stand_sit_transition|A4,user02,train,functional_action,stand_sit_transition,Stand-sit transition,A4,released,,data/trials/user02/functional_action/stand_sit_transition/A4.npz,22856.0,14286.0,1286.0,14.285266637802124,True,3.0,"[1.7459845542907715,5.8114964962005615,9.746898651123047]",False
user02|functional_action|vertical_jump|A1,user02,train,functional_action,vertical_jump,Vertical Jump,A1,released,,data/trials/user02/functional_action/vertical_jump/A1.npz,22692.0,14183.0,1277.0,14.182687997817991,True,3.0,"[1.7266178131103516,5.769699811935425,9.817153930664062]",False
user02|functional_action|vertical_jump|A2,user02,train,functional_action,vertical_jump,Vertical Jump,A2,released,,data/trials/user02/functional_action/vertical_jump/A2.npz,22752.0,14221.0,1280.0,14.220073699951172,True,3.0,"[1.7656373977661133,5.806849479675293,9.762486457824707]",False
user02|functional_action|vertical_jump|A3,user02,train,functional_action,vertical_jump,Vertical Jump,A3,released,,data/trials/user02/functional_action/vertical_jump/A3.npz,22688.0,14180.0,1277.0,14.179582595825195,True,3.0,"[1.7408416271209717,5.774618625640869,9.81284761428833]",False
user02|functional_action|vertical_jump|A4,user02,train,functional_action,vertical_jump,Vertical Jump,A4,released,,data/trials/user02/functional_action/vertical_jump/A4.npz,22670.0,14169.0,1276.0,14.168968677520752,True,3.0,"[1.7994763851165771,5.838611602783203,9.873162508010864]",False
user02|treadmill_walking|treadmill_walking_1_kmh|A1,user02,train,treadmill_walking,treadmill_walking_1_kmh,Walk at 1 km/h,A1,released,,data/trials/user02/treadmill_walking/treadmill_walking_1_kmh/A1.npz,22736.0,14210.0,1279.0,14.210073471069336,True,3.0,"[1.9588704109191895,6.000736474990845,10.04418134689331]",False
user02|treadmill_walking|treadmill_walking_1_kmh|A2,user02,train,treadmill_walking,treadmill_walking_1_kmh,Walk at 1 km/h,A2,released,,data/trials/user02/treadmill_walking/treadmill_walking_1_kmh/A2.npz,22680.0,14175.0,1276.0,14.174633979797363,True,3.0,"[1.7201488018035889,5.7497239112854,9.784352779388428]",False
user02|treadmill_walking|treadmill_walking_1_kmh|A3,user02,train,treadmill_walking,treadmill_walking_1_kmh,Walk at 1 km/h,A3,released,,data/trials/user02/treadmill_walking/treadmill_walking_1_kmh/A3.npz,22751.0,14220.0,1280.0,14.219712495803831,True,3.0,"[1.8086514472961426,5.8368213176727295,9.87504529953003]",False
user02|treadmill_walking|treadmill_walking_1_kmh|A4,user02,train,treadmill_walking,treadmill_walking_1_kmh,Walk at 1 km/h,A4,released,,data/trials/user02/treadmill_walking/treadmill_walking_1_kmh/A4.npz,22807.0,14255.0,1283.0,14.254674434661863,True,3.0,"[1.985417366027832,6.016484498977661,10.053550481796265]",False
user02|treadmill_walking|treadmill_walking_2_kmh|A1,user02,train,treadmill_walking,treadmill_walking_2_kmh,Walk at 2 km/h,A1,released,,data/trials/user02/treadmill_walking/treadmill_walking_2_kmh/A1.npz,22709.0,14193.0,1278.0,14.193016767501833,True,3.0,"[1.7349348068237305,5.771990776062012,9.80601167678833]",False
user02|treadmill_walking|treadmill_walking_2_kmh|A2,user02,train,treadmill_walking,treadmill_walking_2_kmh,Walk at 2 km/h,A2,released,,data/trials/user02/treadmill_walking/treadmill_walking_2_kmh/A2.npz,22708.0,14193.0,1278.0,14.1928973197937,True,3.0,"[1.7203781604766846,5.777483224868774,9.71269416809082]",False
user02|treadmill_walking|treadmill_walking_2_kmh|A3,user02,train,treadmill_walking,treadmill_walking_2_kmh,Walk at 2 km/h,A3,released,,data/trials/user02/treadmill_walking/treadmill_walking_2_kmh/A3.npz,22832.0,14270.0,1285.0,14.270060777664185,True,3.0,"[1.8354485034942627,5.926645517349243,9.854466676712036]",False
user02|treadmill_walking|treadmill_walking_2_kmh|A4,user02,train,treadmill_walking,treadmill_walking_2_kmh,Walk at 2 km/h,A4,released,,data/trials/user02/treadmill_walking/treadmill_walking_2_kmh/A4.npz,22660.0,14163.0,1275.0,14.162363052368164,True,3.0,"[1.8053278923034668,5.842366933822632,9.88435983657837]",False
user02|treadmill_walking|treadmill_walking_3_kmh|A1,user02,train,treadmill_walking,treadmill_walking_3_kmh,Walk at 3 km/h,A1,released,,data/trials/user02/treadmill_walking/treadmill_walking_3_kmh/A1.npz,22746.0,14216.0,1280.0,14.216485977172852,True,3.0,"[1.7206058502197266,5.759876728057861,9.785682678222656]",False
user02|treadmill_walking|treadmill_walking_3_kmh|A2,user02,train,treadmill_walking,treadmill_walking_3_kmh,Walk at 3 km/h,A2,released,,data/trials/user02/treadmill_walking/treadmill_walking_3_kmh/A2.npz,22731.0,14208.0,1279.0,14.207195281982422,True,3.0,"[1.7428150177001953,5.77657413482666,9.803001165390015]",False
user02|treadmill_walking|treadmill_walking_3_kmh|A3,user02,train,treadmill_walking,treadmill_walking_3_kmh,Walk at 3 km/h,A3,released,,data/trials/user02/treadmill_walking/treadmill_walking_3_kmh/A3.npz,22757.0,14223.0,1280.0,14.223203897476196,True,3.0,"[1.875093936920166,5.906915903091431,9.963077783584595]",False
user02|treadmill_walking|treadmill_walking_3_kmh|A4,user02,train,treadmill_walking,treadmill_walking_3_kmh,Walk at 3 km/h,A4,released,,data/trials/user02/treadmill_walking/treadmill_walking_3_kmh/A4.npz,22653.0,14158.0,1275.0,14.15814447402954,True,3.0,"[1.732588291168213,5.763767242431641,9.801356315612793]",False
user02|treadmill_walking|treadmill_walking_4_kmh|A1,user02,train,treadmill_walking,treadmill_walking_4_kmh,Walk at 4 km/h,A1,released,,data/trials/user02/treadmill_walking/treadmill_walking_4_kmh/A1.npz,22737.0,14211.0,1279.0,14.210940837860107,True,3.0,"[1.7385456562042236,5.770970821380615,9.80860161781311]",False
user02|treadmill_walking|treadmill_walking_4_kmh|A2,user02,train,treadmill_walking,treadmill_walking_4_kmh,Walk at 4 km/h,A2,released,,data/trials/user02/treadmill_walking/treadmill_walking_4_kmh/A2.npz,22746.0,14216.0,1280.0,14.215807676315308,True,3.0,"[1.7589166164398193,5.80065655708313,9.831016778945923]",False
user02|treadmill_walking|treadmill_walking_4_kmh|A3,user02,train,treadmill_walking,treadmill_walking_4_kmh,Walk at 4 km/h,A3,released,,data/trials/user02/treadmill_walking/treadmill_walking_4_kmh/A3.npz,22702.0,14189.0,1277.0,14.189009666442873,True,3.0,"[1.722280502319336,5.776350498199463,9.717494487762451]",False
user02|treadmill_walking|treadmill_walking_4_kmh|A4,user02,train,treadmill_walking,treadmill_walking_4_kmh,Walk at 4 km/h,A4,released,,data/trials/user02/treadmill_walking/treadmill_walking_4_kmh/A4.npz,22092.0,13806.0,1242.0,13.80689525604248,True,3.0,"[1.530156135559082,5.567090034484863,9.528539180755615]",False
user02|treadmill_walking|treadmill_walking_5_kmh|A1,user02,train,treadmill_walking,treadmill_walking_5_kmh,Walk at 5 km/h,A1,released,,data/trials/user02/treadmill_walking/treadmill_walking_5_kmh/A1.npz,22724.0,14203.0,1279.0,14.20214033126831,True,3.0,"[1.7551453113555908,5.793064117431641,9.827040195465088]",False
user02|treadmill_walking|treadmill_walking_5_kmh|A2,user02,train,treadmill_walking,treadmill_walking_5_kmh,Walk at 5 km/h,A2,released,,data/trials/user02/treadmill_walking/treadmill_walking_5_kmh/A2.npz,22710.0,14194.0,1278.0,14.194299459457396,True,3.0,"[1.740558385848999,5.768696308135986,9.802047491073608]",False
user02|treadmill_walking|treadmill_walking_5_kmh|A3,user02,train,treadmill_walking,treadmill_walking_5_kmh,Walk at 5 km/h,A3,released,,data/trials/user02/treadmill_walking/treadmill_walking_5_kmh/A3.npz,22666.0,14166.0,1275.0,14.166395664215088,True,3.0,"[1.7079815864562988,5.745079517364502,9.7772696018219]",False
user02|treadmill_walking|treadmill_walking_5_kmh|A4,user02,train,treadmill_walking,treadmill_walking_5_kmh,Walk at 5 km/h,A4,released,,data/trials/user02/treadmill_walking/treadmill_walking_5_kmh/A4.npz,22693.0,14183.0,1277.0,14.18340539932251,True,3.0,"[1.7131423950195312,5.750206232070923,9.790801286697388]",False
user03|functional_action|deadlift|A1,user03,train,functional_action,deadlift,Deadlift,A1,released,,data/trials/user03/functional_action/deadlift/A1.npz,22692.0,14182.0,1277.0,14.182222843170166,True,3.0,"[1.75258469581604,5.79222559928894,9.823401689529419]",False
user03|functional_action|deadlift|A2,user03,train,functional_action,deadlift,Deadlift,A2,released,,data/trials/user03/functional_action/deadlift/A2.npz,22586.0,14116.0,1271.0,14.116385221481323,True,3.0,"[1.7505619525909424,5.808248043060303,9.753523111343384]",False
user03|functional_action|deadlift|A3,user03,train,functional_action,deadlift,Deadlift,A3,released,,data/trials/user03/functional_action/deadlift/A3.npz,22592.0,14120.0,1271.0,14.120271682739258,True,3.0,"[1.7315316200256348,5.763187646865845,9.806220531463623]",False
user03|functional_action|deadlift|A4,user03,train,functional_action,deadlift,Deadlift,A4,released,,data/trials/user03/functional_action/deadlift/A4.npz,22752.0,14220.0,1280.0,14.21980905532837,True,3.0,"[1.7805688381195068,5.830749988555908,9.778838872909546]",False
user03|functional_action|deep_squat|A1,user03,train,functional_action,deep_squat,Deep Squat,A1,released,,data/trials/user03/functional_action/deep_squat/A1.npz,22603.0,14127.0,1272.0,14.127121210098268,True,3.0,"[1.8255560398101807,5.859622955322266,9.907330989837646]",False
user03|functional_action|deep_squat|A2,user03,train,functional_action,deep_squat,Deep Squat,A2,released,,data/trials/user03/functional_action/deep_squat/A2.npz,22715.0,14197.0,1278.0,14.196884155273438,True,3.0,"[1.7701380252838135,5.819972991943359,9.86019492149353]",False
user03|functional_action|deep_squat|A3,user03,train,functional_action,deep_squat,Deep Squat,A3,released,,data/trials/user03/functional_action/deep_squat/A3.npz,22617.0,14136.0,1273.0,14.135725736618042,True,3.0,"[1.7787916660308838,5.808084487915039,9.863054513931274]",False
user03|functional_action|deep_squat|A4,user03,train,functional_action,deep_squat,Deep Squat,A4,released,,data/trials/user03/functional_action/deep_squat/A4.npz,22630.0,14143.0,1273.0,14.143474817276,True,3.0,"[1.8121988773345947,5.846029758453369,9.878478765487671]",False
user03|functional_action|forward_lunge|A1,user03,train,functional_action,forward_lunge,Forward Lunge,A1,released,,data/trials/user03/functional_action/forward_lunge/A1.npz,22523.0,14077.0,1267.0,14.077206373214722,True,3.0,"[1.768874168395996,5.804196357727051,9.76505422592163]",False
user03|functional_action|forward_lunge|A2,user03,train,functional_action,forward_lunge,Forward Lunge,A2,released,,data/trials/user03/functional_action/forward_lunge/A2.npz,22768.0,14230.0,1281.0,14.230330228805542,True,3.0,"[1.844905138015747,5.883967161178589,9.936914205551147]",False
user03|functional_action|forward_lunge|A3,user03,train,functional_action,forward_lunge,Forward Lunge,A3,released,,data/trials/user03/functional_action/forward_lunge/A3.npz,22661.0,14164.0,1275.0,14.163368940353394,True,3.0,"[1.7526729106903076,5.792112827301025,9.84118390083313]",False
user03|functional_action|forward_lunge|A4,user03,train,functional_action,forward_lunge,Forward Lunge,A4,released,,data/trials/user03/functional_action/forward_lunge/A4.npz,22648.0,14155.0,1274.0,14.15502405166626,True,3.0,"[1.750378131866455,5.819988965988159,9.774826049804688]",False
user03|functional_action|heel_raise|A1,user03,train,functional_action,heel_raise,Heel Raise,A1,released,,data/trials/user03/functional_action/heel_raise/A1.npz,22565.0,14103.0,1270.0,14.103291034698486,True,3.0,"[1.754499912261963,5.788662910461426,9.840296030044556]",False
user03|functional_action|heel_raise|A2,user03,train,functional_action,heel_raise,Heel Raise,A2,released,,data/trials/user03/functional_action/heel_raise/A2.npz,22699.0,14187.0,1277.0,14.186908960342407,True,3.0,"[1.717365026473999,5.760077953338623,9.71331000328064]",False
user03|functional_action|heel_raise|A3,user03,train,functional_action,heel_raise,Heel Raise,A3,released,,data/trials/user03/functional_action/heel_raise/A3.npz,22632.0,14146.0,1273.0,14.145214796066284,True,3.0,"[1.7212088108062744,5.747982740402222,9.786527872085571]",False
user03|functional_action|heel_raise|A4,user03,train,functional_action,heel_raise,Heel Raise,A4,released,,data/trials/user03/functional_action/heel_raise/A4.npz,22608.0,14130.0,1272.0,14.13009548187256,True,3.0,"[1.7204854488372803,5.7476584911346436,9.78802227973938]",False
user03|functional_action|left_lunge|A1,user03,train,functional_action,left_lunge,Left Lunge,A1,released,,data/trials/user03/functional_action/left_lunge/A1.npz,22644.0,14153.0,1274.0,14.152584075927734,True,3.0,"[1.7441339492797852,5.803907871246338,9.751421928405762]",False
user03|functional_action|left_lunge|A2,user03,train,functional_action,left_lunge,Left Lunge,A2,released,,data/trials/user03/functional_action/left_lunge/A2.npz,22685.0,14178.0,1276.0,14.178236484527588,True,3.0,"[1.7714123725891113,5.818578481674194,9.767171382904053]",False
user03|functional_action|left_lunge|A3,user03,train,functional_action,left_lunge,Left Lunge,A3,released,,data/trials/user03/functional_action/left_lunge/A3.npz,22723.0,14202.0,1279.0,14.20202660560608,True,3.0,"[1.7692983150482178,5.811918497085571,9.76452350616455]",False
user03|functional_action|left_lunge|A4,user03,train,functional_action,left_lunge,Left Lunge,A4,released,,data/trials/user03/functional_action/left_lunge/A4.npz,22651.0,14157.0,1275.0,14.157022476196287,True,3.0,"[1.7891404628753662,5.827943325042725,9.87830138206482]",False
user03|functional_action|quiet_sit|A1,user03,train,functional_action,quiet_sit,Quiet Sit,A1,released,,data/trials/user03/functional_action/quiet_sit/A1.npz,22705.0,14190.0,1278.0,14.190226078033447,True,3.0,"[1.7652809619903564,5.817846059799194,9.855091094970703]",False
user03|functional_action|quiet_sit|A2,user03,train,functional_action,quiet_sit,Quiet Sit,A2,released,,data/trials/user03/functional_action/quiet_sit/A2.npz,22671.0,14169.0,1276.0,14.169123649597168,True,3.0,"[1.7663555145263672,5.814972400665283,9.853598594665527]",False
user03|functional_action|quiet_sit|A3,user03,train,functional_action,quiet_sit,Quiet Sit,A3,released,,data/trials/user03/functional_action/quiet_sit/A3.npz,22509.0,14067.0,1267.0,14.067842960357666,True,3.0,"[1.7805469036102295,5.822595834732056,9.862700939178467]",False
user03|functional_action|quiet_sit|A4,user03,train,functional_action,quiet_sit,Quiet Sit,A4,released,,data/trials/user03/functional_action/quiet_sit/A4.npz,22577.0,14110.0,1270.0,14.110386371612549,True,3.0,"[1.97334623336792,6.004125118255615,10.036324262619019]",False
user03|functional_action|quiet_stand|A1,user03,train,functional_action,quiet_stand,Quiet Stand,A1,released,,data/trials/user03/functional_action/quiet_stand/A1.npz,22694.0,14184.0,1277.0,14.18387770652771,True,3.0,"[1.762573480606079,5.809976577758789,9.856662511825562]",False
user03|functional_action|quiet_stand|A2,user03,train,functional_action,quiet_stand,Quiet Stand,A2,released,,data/trials/user03/functional_action/quiet_stand/A2.npz,22749.0,14218.0,1280.0,14.21807599067688,True,3.0,"[1.7965478897094727,5.831466913223267,9.875905990600586]",False
user03|functional_action|quiet_stand|A3,user03,train,functional_action,quiet_stand,Quiet Stand,A3,released,,data/trials/user03/functional_action/quiet_stand/A3.npz,22699.0,14187.0,1277.0,14.186657905578612,True,3.0,"[1.7776298522949219,5.821096897125244,9.8679518699646]",False
user03|functional_action|quiet_stand|A4,user03,train,functional_action,quiet_stand,Quiet Stand,A4,released,,data/trials/user03/functional_action/quiet_stand/A4.npz,22575.0,14110.0,1270.0,14.10951042175293,True,3.0,"[1.7845873832702637,5.817767381668091,9.851782321929932]",False
user03|functional_action|single_leg_stance|A1,user03,train,functional_action,single_leg_stance,Single-leg Stance,A1,released,,data/trials/user03/functional_action/single_leg_stance/A1.npz,22658.0,14162.0,1275.0,14.161685943603516,True,3.0,"[1.79197096824646,5.835198879241943,9.876352787017822]",False
user03|functional_action|single_leg_stance|A2,user03,train,functional_action,single_leg_stance,Single-leg Stance,A2,released,,data/trials/user03/functional_action/single_leg_stance/A2.npz,22690.0,14180.0,1277.0,14.180808544158936,True,3.0,"[1.7947614192962646,5.8367674350738525,9.884498596191406]",False
user03|functional_action|single_leg_stance|A3,user03,train,functional_action,single_leg_stance,Single-leg Stance,A3,released,,data/trials/user03/functional_action/single_leg_stance/A3.npz,22644.0,14152.0,1274.0,14.15223479270935,True,3.0,"[1.7327876091003418,5.762901782989502,9.803191661834717]",False
user03|functional_action|single_leg_stance|A4,user03,train,functional_action,single_leg_stance,Single-leg Stance,A4,released,,data/trials/user03/functional_action/single_leg_stance/A4.npz,22583.0,14115.0,1271.0,14.114303588867188,True,3.0,"[1.7898235321044922,5.819692611694336,9.860925436019897]",False
user03|functional_action|stair_ascent|A1,user03,train,functional_action,stair_ascent,Stair Ascent,A1,released,,data/trials/user03/functional_action/stair_ascent/A1.npz,22624.0,14140.0,1273.0,14.139811754226685,True,3.0,"[1.7544918060302734,5.797128677368164,9.843509674072266]",False
user03|functional_action|stair_ascent|A2,user03,train,functional_action,stair_ascent,Stair Ascent,A2,released,,data/trials/user03/functional_action/stair_ascent/A2.npz,22664.0,14165.0,1275.0,14.164854764938354,True,3.0,"[1.7436676025390625,5.773172616958618,9.817947626113892]",False
user03|functional_action|stair_ascent|A3,user03,train,functional_action,stair_ascent,Stair Ascent,A3,released,,data/trials/user03/functional_action/stair_ascent/A3.npz,22593.0,14121.0,1271.0,14.120850563049316,True,3.0,"[1.8059914112091064,5.84192156791687,9.882245540618896]",False
user03|functional_action|stair_ascent|A4,user03,train,functional_action,stair_ascent,Stair Ascent,A4,released,,data/trials/user03/functional_action/stair_ascent/A4.npz,22684.0,14178.0,1276.0,14.177679777145386,True,3.0,"[1.7723636627197266,5.815663814544678,9.84942889213562]",False
user03|functional_action|stand_sit_transition|A1,user03,train,functional_action,stand_sit_transition,Stand-sit transition,A1,released,,data/trials/user03/functional_action/stand_sit_transition/A1.npz,22712.0,14194.0,1278.0,14.194868803024292,True,3.0,"[1.7627665996551514,5.80532169342041,9.75549864768982]",False
user03|functional_action|stand_sit_transition|A2,user03,train,functional_action,stand_sit_transition,Stand-sit transition,A2,released,,data/trials/user03/functional_action/stand_sit_transition/A2.npz,22702.0,14189.0,1277.0,14.188830614089966,True,3.0,"[1.7772166728973389,5.808887481689453,9.868826627731323]",False
user03|functional_action|stand_sit_transition|A3,user03,train,functional_action,stand_sit_transition,Stand-sit transition,A3,released,,data/trials/user03/functional_action/stand_sit_transition/A3.npz,22557.0,14097.0,1269.0,14.09764051437378,True,3.0,"[1.7457654476165771,5.777769327163696,9.821803331375122]",False
user03|functional_action|stand_sit_transition|A4,user03,train,functional_action,stand_sit_transition,Stand-sit transition,A4,released,,data/trials/user03/functional_action/stand_sit_transition/A4.npz,22735.0,14209.0,1279.0,14.20923900604248,True,3.0,"[1.7953240871429443,5.830457925796509,9.871999025344849]",False
user03|functional_action|vertical_jump|A1,user03,train,functional_action,vertical_jump,Vertical Jump,A1,released,,data/trials/user03/functional_action/vertical_jump/A1.npz,22615.0,14135.0,1273.0,14.134780406951904,True,3.0,"[1.7551052570343018,5.793835401535034,9.832573413848877]",False
user03|functional_action|vertical_jump|A2,user03,train,functional_action,vertical_jump,Vertical Jump,A2,released,,data/trials/user03/functional_action/vertical_jump/A2.npz,22570.0,14106.0,1270.0,14.106218814849854,True,3.0,"[1.8272716999053955,5.864862680435181,9.823976755142212]",False
user03|functional_action|vertical_jump|A3,user03,train,functional_action,vertical_jump,Vertical Jump,A3,released,,data/trials/user03/functional_action/vertical_jump/A3.npz,22631.0,14144.0,1273.0,14.144577264785768,True,3.0,"[1.811833143234253,5.846773147583008,9.806421995162964]",False
user03|functional_action|vertical_jump|A4,user03,train,functional_action,vertical_jump,Vertical Jump,A4,released,,data/trials/user03/functional_action/vertical_jump/A4.npz,22589.0,14118.0,1271.0,14.11768102645874,True,3.0,"[1.7508728504180908,5.7860798835754395,9.843690872192383]",False
user03|treadmill_walking|treadmill_walking_1_kmh|A1,user03,train,treadmill_walking,treadmill_walking_1_kmh,Walk at 1 km/h,A1,released,,data/trials/user03/treadmill_walking/treadmill_walking_1_kmh/A1.npz,22533.0,14083.0,1268.0,14.083053588867188,True,3.0,"[1.749969482421875,5.784821510314941,9.823984622955322]",False
user03|treadmill_walking|treadmill_walking_1_kmh|A2,user03,train,treadmill_walking,treadmill_walking_1_kmh,Walk at 1 km/h,A2,released,,data/trials/user03/treadmill_walking/treadmill_walking_1_kmh/A2.npz,22695.0,14184.0,1277.0,14.184433460235596,True,3.0,"[1.8308494091033936,5.871472358703613,9.90739130973816]",False
user03|treadmill_walking|treadmill_walking_1_kmh|A3,user03,train,treadmill_walking,treadmill_walking_1_kmh,Walk at 1 km/h,A3,released,,data/trials/user03/treadmill_walking/treadmill_walking_1_kmh/A3.npz,22623.0,14139.0,1273.0,14.13918399810791,True,3.0,"[1.7713067531585693,5.814397811889648,9.852782964706421]",False
user03|treadmill_walking|treadmill_walking_1_kmh|A4,user03,train,treadmill_walking,treadmill_walking_1_kmh,Walk at 1 km/h,A4,released,,data/trials/user03/treadmill_walking/treadmill_walking_1_kmh/A4.npz,21351.0,13344.0,1200.0,13.343977212905884,True,3.0,"[1.2189099788665771,5.257702112197876,9.293414115905762]",False
user03|treadmill_walking|treadmill_walking_2_kmh|A1,user03,train,treadmill_walking,treadmill_walking_2_kmh,Walk at 2 km/h,A1,released,,data/trials/user03/treadmill_walking/treadmill_walking_2_kmh/A1.npz,22587.0,14117.0,1271.0,14.116681575775146,True,3.0,"[1.9968676567077637,6.036384582519531,9.990357637405396]",False
user03|treadmill_walking|treadmill_walking_2_kmh|A2,user03,train,treadmill_walking,treadmill_walking_2_kmh,Walk at 2 km/h,A2,released,,data/trials/user03/treadmill_walking/treadmill_walking_2_kmh/A2.npz,22582.0,14114.0,1271.0,14.113948822021484,True,3.0,"[1.7447397708892822,5.789864778518677,9.824992656707764]",False
user03|treadmill_walking|treadmill_walking_2_kmh|A3,user03,train,treadmill_walking,treadmill_walking_2_kmh,Walk at 2 km/h,A3,released,,data/trials/user03/treadmill_walking/treadmill_walking_2_kmh/A3.npz,22671.0,14170.0,1276.0,14.16961121559143,True,3.0,"[1.7770531177520752,5.806719064712524,9.850486993789673]",False
user03|treadmill_walking|treadmill_walking_2_kmh|A4,user03,train,treadmill_walking,treadmill_walking_2_kmh,Walk at 2 km/h,A4,released,,data/trials/user03/treadmill_walking/treadmill_walking_2_kmh/A4.npz,22551.0,14094.0,1269.0,14.094087600708008,True,3.0,"[1.7784764766693115,5.811522483825684,9.855218648910522]",False
user03|treadmill_walking|treadmill_walking_3_kmh|A1,user03,train,treadmill_walking,treadmill_walking_3_kmh,Walk at 3 km/h,A1,released,,data/trials/user03/treadmill_walking/treadmill_walking_3_kmh/A1.npz,22579.0,14112.0,1271.0,14.111900329589844,True,3.0,"[1.7787582874298096,5.826290130615234,9.77389931678772]",False
user03|treadmill_walking|treadmill_walking_3_kmh|A2,user03,train,treadmill_walking,treadmill_walking_3_kmh,Walk at 3 km/h,A2,released,,data/trials/user03/treadmill_walking/treadmill_walking_3_kmh/A2.npz,22511.0,14069.0,1267.0,14.069294691085815,True,3.0,"[1.69366455078125,5.732023477554321,9.774348497390747]",False
user03|treadmill_walking|treadmill_walking_3_kmh|A3,user03,train,treadmill_walking,treadmill_walking_3_kmh,Walk at 3 km/h,A3,released,,data/trials/user03/treadmill_walking/treadmill_walking_3_kmh/A3.npz,22564.0,14103.0,1270.0,14.10266637802124,True,3.0,"[1.7082602977752686,5.74840235710144,9.79119324684143]",False
user03|treadmill_walking|treadmill_walking_3_kmh|A4,user03,train,treadmill_walking,treadmill_walking_3_kmh,Walk at 3 km/h,A4,released,,data/trials/user03/treadmill_walking/treadmill_walking_3_kmh/A4.npz,22473.0,14045.0,1265.0,14.045253276824951,True,3.0,"[1.7264182567596436,5.771809339523315,9.817026376724243]",False
user03|treadmill_walking|treadmill_walking_4_kmh|A1,user03,train,treadmill_walking,treadmill_walking_4_kmh,Walk at 4 km/h,A1,released,,data/trials/user03/treadmill_walking/treadmill_walking_4_kmh/A1.npz,22460.0,14038.0,1264.0,14.037861347198486,True,3.0,"[1.7647161483764648,5.808422327041626,9.850219249725342]",False
user03|treadmill_walking|treadmill_walking_4_kmh|A2,user03,train,treadmill_walking,treadmill_walking_4_kmh,Walk at 4 km/h,A2,released,,data/trials/user03/treadmill_walking/treadmill_walking_4_kmh/A2.npz,22508.0,14067.0,1266.0,14.06721019744873,True,3.0,"[1.9333810806274414,5.977251052856445,9.928526163101196]",False
user03|treadmill_walking|treadmill_walking_4_kmh|A3,user03,train,treadmill_walking,treadmill_walking_4_kmh,Walk at 4 km/h,A3,released,,data/trials/user03/treadmill_walking/treadmill_walking_4_kmh/A3.npz,22213.0,13883.0,1249.0,13.882984161376951,True,3.0,"[1.66585111618042,5.706075191497803,9.73812222480774]",False
user03|treadmill_walking|treadmill_walking_4_kmh|A4,user03,train,treadmill_walking,treadmill_walking_4_kmh,Walk at 4 km/h,A4,released,,data/trials/user03/treadmill_walking/treadmill_walking_4_kmh/A4.npz,22093.0,13808.0,1242.0,13.807610273361206,True,3.0,"[1.6665749549865723,5.707877159118652,9.756431102752686]",False
user03|treadmill_walking|treadmill_walking_5_kmh|A1,user03,train,treadmill_walking,treadmill_walking_5_kmh,Walk at 5 km/h,A1,released,,data/trials/user03/treadmill_walking/treadmill_walking_5_kmh/A1.npz,22545.0,14091.0,1269.0,14.091042280197144,True,3.0,"[1.767531156539917,5.845020294189453,9.79401421546936]",False
user03|treadmill_walking|treadmill_walking_5_kmh|A2,user03,train,treadmill_walking,treadmill_walking_5_kmh,Walk at 5 km/h,A2,released,,data/trials/user03/treadmill_walking/treadmill_walking_5_kmh/A2.npz,22529.0,14081.0,1268.0,14.080386400222778,True,3.0,"[1.8152222633361816,5.84619140625,9.890050411224365]",False
user03|treadmill_walking|treadmill_walking_5_kmh|A3,user03,train,treadmill_walking,treadmill_walking_5_kmh,Walk at 5 km/h,A3,released,,data/trials/user03/treadmill_walking/treadmill_walking_5_kmh/A3.npz,22584.0,14115.0,1271.0,14.1149640083313,True,3.0,"[1.7433497905731201,5.788723707199097,9.83018183708191]",False
user03|treadmill_walking|treadmill_walking_5_kmh|A4,user03,train,treadmill_walking,treadmill_walking_5_kmh,Walk at 5 km/h,A4,released,,data/trials/user03/treadmill_walking/treadmill_walking_5_kmh/A4.npz,22866.0,14292.0,1287.0,14.291777849197388,True,3.0,"[2.0266387462615967,6.079587697982788,10.119052648544312]",False
user04|functional_action|deadlift|A1,user04,train,functional_action,deadlift,Deadlift,A1,released,,data/trials/user04/functional_action/deadlift/A1.npz,21770.0,13606.0,1225.0,13.606420993804932,True,3.0,"[1.7707207202911377,5.814224720001221,9.857229709625244]",False
user04|functional_action|deadlift|A2,user04,train,functional_action,deadlift,Deadlift,A2,released,,data/trials/user04/functional_action/deadlift/A2.npz,21783.0,13615.0,1226.0,13.61490273475647,True,3.0,"[1.7804005146026611,5.814724683761597,9.872151613235474]",False
user04|functional_action|deadlift|A3,user04,train,functional_action,deadlift,Deadlift,A3,released,,data/trials/user04/functional_action/deadlift/A3.npz,21723.0,13577.0,1222.0,13.577314853668211,True,3.0,"[1.6620628833770752,5.716257810592651,9.65976071357727]",False
user04|functional_action|deadlift|A4,user04,train,functional_action,deadlift,Deadlift,A4,released,,data/trials/user04/functional_action/deadlift/A4.npz,21790.0,13618.0,1226.0,13.618649959564207,True,3.0,"[1.8157098293304443,5.860898971557617,9.901652812957764]",False
user04|functional_action|deep_squat|A1,user04,train,functional_action,deep_squat,Deep Squat,A1,released,,data/trials/user04/functional_action/deep_squat/A1.npz,21689.0,13555.0,1220.0,13.555615186691284,True,3.0,"[1.7962462902069092,5.850295066833496,9.791431188583374]",False
user04|functional_action|deep_squat|A2,user04,train,functional_action,deep_squat,Deep Squat,A2,released,,data/trials/user04/functional_action/deep_squat/A2.npz,21823.0,13640.0,1228.0,13.639858722686768,True,3.0,"[1.7983884811401367,5.856193542480469,9.802030563354492]",False
user04|functional_action|deep_squat|A3,user04,train,functional_action,deep_squat,Deep Squat,A3,released,,data/trials/user04/functional_action/deep_squat/A3.npz,21722.0,13576.0,1222.0,13.57644772529602,True,3.0,"[1.7565805912017822,5.787667751312256,9.751863718032837]",False
user04|functional_action|deep_squat|A4,user04,train,functional_action,deep_squat,Deep Squat,A4,released,,data/trials/user04/functional_action/deep_squat/A4.npz,21688.0,13555.0,1220.0,13.554972171783447,True,3.0,"[1.7925410270690918,5.833745956420898,9.885583877563477]",False
user04|functional_action|forward_lunge|A1,user04,train,functional_action,forward_lunge,Forward Lunge,A1,released,,data/trials/user04/functional_action/forward_lunge/A1.npz,21726.0,13579.0,1223.0,13.578889846801758,True,3.0,"[1.7753198146820068,5.825708627700806,9.870277643203735]",False
user04|functional_action|forward_lunge|A2,user04,train,functional_action,forward_lunge,Forward Lunge,A2,released,,data/trials/user04/functional_action/forward_lunge/A2.npz,21669.0,13543.0,1219.0,13.542736291885376,True,3.0,"[1.7685942649841309,5.806478261947632,9.849809408187866]",False
user04|functional_action|forward_lunge|A3,user04,train,functional_action,forward_lunge,Forward Lunge,A3,released,,data/trials/user04/functional_action/forward_lunge/A3.npz,21840.0,13650.0,1229.0,13.650189399719238,True,3.0,"[1.7823853492736816,5.833252429962158,9.865807294845581]",False
user04|functional_action|forward_lunge|A4,user04,train,functional_action,forward_lunge,Forward Lunge,A4,released,,data/trials/user04/functional_action/forward_lunge/A4.npz,21802.0,13626.0,1227.0,13.626200437545776,True,3.0,"[1.7728931903839111,5.819250106811523,9.864598274230957]",False
user04|functional_action|heel_raise|A1,user04,train,functional_action,heel_raise,Heel Raise,A1,released,,data/trials/user04/functional_action/heel_raise/A1.npz,21840.0,13650.0,1229.0,13.649930953979492,True,3.0,"[1.8199939727783203,5.8725409507751465,9.822309970855713]",False
user04|functional_action|heel_raise|A2,user04,train,functional_action,heel_raise,Heel Raise,A2,released,,data/trials/user04/functional_action/heel_raise/A2.npz,21946.0,13716.0,1235.0,13.71608281135559,True,3.0,"[1.8208956718444824,5.866339683532715,9.907449722290039]",False
user04|functional_action|heel_raise|A3,user04,train,functional_action,heel_raise,Heel Raise,A3,released,,data/trials/user04/functional_action/heel_raise/A3.npz,21702.0,13564.0,1221.0,13.563714981079102,True,3.0,"[1.6676738262176514,5.6953558921813965,9.736918926239014]",False
user04|functional_action|heel_raise|A4,user04,train,functional_action,heel_raise,Heel Raise,A4,released,,data/trials/user04/functional_action/heel_raise/A4.npz,21734.0,13584.0,1223.0,13.583890438079834,True,3.0,"[1.737736463546753,5.77140736579895,9.818435430526733]",False
user04|functional_action|left_lunge|A1,user04,train,functional_action,left_lunge,Left Lunge,A1,released,,data/trials/user04/functional_action/left_lunge/A1.npz,21888.0,13680.0,1232.0,13.680278301239014,True,3.0,"[1.7748961448669434,5.804630279541016,9.868272304534912]",False
user04|functional_action|left_lunge|A2,user04,train,functional_action,left_lunge,Left Lunge,A2,released,,data/trials/user04/functional_action/left_lunge/A2.npz,21841.0,13651.0,1229.0,13.65101933479309,True,3.0,"[1.783407211303711,5.822256326675415,9.828434228897095]",False
user04|functional_action|left_lunge|A3,user04,train,functional_action,left_lunge,Left Lunge,A3,released,,data/trials/user04/functional_action/left_lunge/A3.npz,21740.0,13588.0,1223.0,13.587608575820925,True,3.0,"[1.9098374843597412,5.949377536773682,9.992419481277466]",False
user04|functional_action|left_lunge|A4,user04,train,functional_action,left_lunge,Left Lunge,A4,released,,data/trials/user04/functional_action/left_lunge/A4.npz,21832.0,13645.0,1228.0,13.645037174224854,True,3.0,"[1.7766571044921875,5.818246126174927,9.864846229553223]",False
user04|functional_action|quiet_sit|A1,user04,train,functional_action,quiet_sit,Quiet Sit,A1,released,,data/trials/user04/functional_action/quiet_sit/A1.npz,21818.0,13636.0,1228.0,13.636142253875732,True,3.0,"[1.7379353046417236,5.779205322265625,9.8218252658844]",False
user04|functional_action|quiet_sit|A2,user04,train,functional_action,quiet_sit,Quiet Sit,A2,released,,data/trials/user04/functional_action/quiet_sit/A2.npz,21646.0,13528.0,1218.0,13.528200149536133,True,3.0,"[1.7790791988372803,5.817821025848389,9.856381177902222]",False
user04|functional_action|quiet_sit|A3,user04,train,functional_action,quiet_sit,Quiet Sit,A3,released,,data/trials/user04/functional_action/quiet_sit/A3.npz,21706.0,13566.0,1221.0,13.56618857383728,True,3.0,"[1.715667486190796,5.753094434738159,9.79429841041565]",False
user04|functional_action|quiet_sit|A4,user04,train,functional_action,quiet_sit,Quiet Sit,A4,released,,data/trials/user04/functional_action/quiet_sit/A4.npz,21762.0,13601.0,1225.0,13.601044416427612,True,3.0,"[1.766092300415039,5.791506290435791,9.82627820968628]",False
user04|functional_action|quiet_stand|A1,user04,train,functional_action,quiet_stand,Quiet Stand,A1,released,,data/trials/user04/functional_action/quiet_stand/A1.npz,21785.0,13616.0,1226.0,13.616028308868408,True,3.0,"[1.7638933658599854,5.802236318588257,9.839952230453491]",False
user04|functional_action|quiet_stand|A2,user04,train,functional_action,quiet_stand,Quiet Stand,A2,released,,data/trials/user04/functional_action/quiet_stand/A2.npz,21706.0,13566.0,1222.0,13.566806554794312,True,3.0,"[1.7690515518188477,5.809617519378662,9.844976425170898]",False
user04|functional_action|quiet_stand|A3,user04,train,functional_action,quiet_stand,Quiet Stand,A3,released,,data/trials/user04/functional_action/quiet_stand/A3.npz,21856.0,13659.0,1230.0,13.659780025482178,True,3.0,"[1.838881015777588,5.881720066070557,9.911953926086426]",False
user04|functional_action|quiet_stand|A4,user04,train,functional_action,quiet_stand,Quiet Stand,A4,released,,data/trials/user04/functional_action/quiet_stand/A4.npz,21840.0,13649.0,1229.0,13.649670362472534,True,3.0,"[1.781567096710205,5.8298633098602295,9.780891180038452]",False
user04|functional_action|single_leg_stance|A1,user04,train,functional_action,single_leg_stance,Single-leg Stance,A1,released,,data/trials/user04/functional_action/single_leg_stance/A1.npz,21823.0,13639.0,1228.0,13.639582395553589,True,3.0,"[1.7768874168395996,5.856936454772949,9.806125402450562]",False
user04|functional_action|single_leg_stance|A2,user04,train,functional_action,single_leg_stance,Single-leg Stance,A2,released,,data/trials/user04/functional_action/single_leg_stance/A2.npz,21703.0,13565.0,1221.0,13.56473708152771,True,3.0,"[1.7847521305084229,5.820468187332153,9.817784070968628]",False
user04|functional_action|single_leg_stance|A3,user04,train,functional_action,single_leg_stance,Single-leg Stance,A3,released,,data/trials/user04/functional_action/single_leg_stance/A3.npz,21827.0,13642.0,1228.0,13.642049074172974,True,3.0,"[1.7583839893341064,5.835188865661621,9.769966840744019]",False
user04|functional_action|single_leg_stance|A4,user04,train,functional_action,single_leg_stance,Single-leg Stance,A4,released,,data/trials/user04/functional_action/single_leg_stance/A4.npz,21818.0,13636.0,1228.0,13.6358540058136,True,3.0,"[1.9867749214172363,6.018003940582275,10.0656259059906]",False
user04|functional_action|stair_ascent|A1,user04,train,functional_action,stair_ascent,Stair Ascent,A1,released,,data/trials/user04/functional_action/stair_ascent/A1.npz,21752.0,13595.0,1224.0,13.594961881637571,True,3.0,"[1.7043097019195557,5.740832805633545,9.783183813095093]",False
user04|functional_action|stair_ascent|A2,user04,train,functional_action,stair_ascent,Stair Ascent,A2,released,,data/trials/user04/functional_action/stair_ascent/A2.npz,21829.0,13644.0,1228.0,13.643296003341677,True,3.0,"[1.8363227844238281,5.876846790313721,9.920684814453125]",False
user04|functional_action|stair_ascent|A3,user04,train,functional_action,stair_ascent,Stair Ascent,A3,released,,data/trials/user04/functional_action/stair_ascent/A3.npz,21753.0,13596.0,1224.0,13.59603500366211,True,3.0,"[1.8595750331878662,5.89311408996582,9.925350904464722]",False
user04|functional_action|stair_ascent|A4,user04,train,functional_action,stair_ascent,Stair Ascent,A4,released,,data/trials/user04/functional_action/stair_ascent/A4.npz,21676.0,13547.0,1220.0,13.547249555587769,True,3.0,"[1.7642223834991455,5.856504440307617,9.802655458450317]",False
user04|functional_action|stand_sit_transition|A1,user04,train,functional_action,stand_sit_transition,Stand-sit transition,A1,released,,data/trials/user04/functional_action/stand_sit_transition/A1.npz,21854.0,13659.0,1230.0,13.658752679824827,True,3.0,"[1.7759296894073486,5.80738377571106,9.854330778121948]",False
user04|functional_action|stand_sit_transition|A2,user04,train,functional_action,stand_sit_transition,Stand-sit transition,A2,released,,data/trials/user04/functional_action/stand_sit_transition/A2.npz,21711.0,13570.0,1222.0,13.569613933563232,True,3.0,"[1.8274939060211182,5.868353843688965,9.820878744125366]",False
user04|functional_action|stand_sit_transition|A3,user04,train,functional_action,stand_sit_transition,Stand-sit transition,A3,released,,data/trials/user04/functional_action/stand_sit_transition/A3.npz,21728.0,13580.0,1223.0,13.579970836639404,True,3.0,"[1.821821928024292,5.857893943786621,9.90955376625061]",False
user04|functional_action|stand_sit_transition|A4,user04,train,functional_action,stand_sit_transition,Stand-sit transition,A4,released,,data/trials/user04/functional_action/stand_sit_transition/A4.npz,21725.0,13578.0,1222.0,13.57833981513977,True,3.0,"[1.7716526985168457,5.8342766761779785,9.777973651885986]",False
user04|functional_action|vertical_jump|A1,user04,train,functional_action,vertical_jump,Vertical Jump,A1,released,,data/trials/user04/functional_action/vertical_jump/A1.npz,21743.0,13589.0,1224.0,13.589098691940308,True,3.0,"[1.7598254680633545,5.7963786125183105,9.843121528625488]",False
user04|functional_action|vertical_jump|A2,user04,train,functional_action,vertical_jump,Vertical Jump,A2,released,,data/trials/user04/functional_action/vertical_jump/A2.npz,21872.0,13671.0,1231.0,13.67019271850586,True,3.0,"[1.7930717468261719,5.83742880821228,9.790380716323853]",False
user04|functional_action|vertical_jump|A3,user04,train,functional_action,vertical_jump,Vertical Jump,A3,released,,data/trials/user04/functional_action/vertical_jump/A3.npz,21652.0,13532.0,1218.0,13.53260350227356,True,3.0,"[1.7125334739685059,5.753953456878662,9.802148580551147]",False
user04|functional_action|vertical_jump|A4,user04,train,functional_action,vertical_jump,Vertical Jump,A4,released,,data/trials/user04/functional_action/vertical_jump/A4.npz,21861.0,13663.0,1230.0,13.66310977935791,True,3.0,"[1.9079616069793701,5.943700551986694,9.9992036819458]",False
user04|treadmill_walking|treadmill_walking_1_kmh|A1,user04,train,treadmill_walking,treadmill_walking_1_kmh,Walk at 1 km/h,A1,released,,data/trials/user04/treadmill_walking/treadmill_walking_1_kmh/A1.npz,21724.0,13578.0,1222.0,13.577398777008057,True,3.0,"[1.7469558715820312,5.783252716064453,9.81330680847168]",False
user04|treadmill_walking|treadmill_walking_1_kmh|A2,user04,train,treadmill_walking,treadmill_walking_1_kmh,Walk at 1 km/h,A2,released,,data/trials/user04/treadmill_walking/treadmill_walking_1_kmh/A2.npz,21869.0,13668.0,1231.0,13.66811203956604,True,3.0,"[1.7746970653533936,5.822587013244629,9.771136999130249]",False
user04|treadmill_walking|treadmill_walking_1_kmh|A3,user04,train,treadmill_walking,treadmill_walking_1_kmh,Walk at 1 km/h,A3,released,,data/trials/user04/treadmill_walking/treadmill_walking_1_kmh/A3.npz,21684.0,13553.0,1220.0,13.552669048309326,True,3.0,"[1.7387800216674805,5.780059099197388,9.83041501045227]",False
user04|treadmill_walking|treadmill_walking_1_kmh|A4,user04,train,treadmill_walking,treadmill_walking_1_kmh,Walk at 1 km/h,A4,released,,data/trials/user04/treadmill_walking/treadmill_walking_1_kmh/A4.npz,21723.0,13577.0,1222.0,13.57671594619751,True,3.0,"[1.7488276958465576,5.790529727935791,9.82451868057251]",False
user04|treadmill_walking|treadmill_walking_2_kmh|A1,user04,train,treadmill_walking,treadmill_walking_2_kmh,Walk at 2 km/h,A1,released,,data/trials/user04/treadmill_walking/treadmill_walking_2_kmh/A1.npz,21708.0,13568.0,1221.0,13.56785249710083,True,3.0,"[1.7752833366394043,5.816654443740845,9.84807538986206]",False
user04|treadmill_walking|treadmill_walking_2_kmh|A2,user04,train,treadmill_walking,treadmill_walking_2_kmh,Walk at 2 km/h,A2,released,,data/trials/user04/treadmill_walking/treadmill_walking_2_kmh/A2.npz,21683.0,13551.0,1220.0,13.551378726959229,True,3.0,"[1.8602006435394287,5.9056174755096436,9.85347867012024]",False
user04|treadmill_walking|treadmill_walking_2_kmh|A3,user04,train,treadmill_walking,treadmill_walking_2_kmh,Walk at 2 km/h,A3,released,,data/trials/user04/treadmill_walking/treadmill_walking_2_kmh/A3.npz,21667.0,13542.0,1219.0,13.54141092300415,True,3.0,"[1.8309569358825684,5.865335941314697,9.90444803237915]",False
user04|treadmill_walking|treadmill_walking_2_kmh|A4,user04,train,treadmill_walking,treadmill_walking_2_kmh,Walk at 2 km/h,A4,released,,data/trials/user04/treadmill_walking/treadmill_walking_2_kmh/A4.npz,21716.0,13572.0,1222.0,13.57205581665039,True,3.0,"[1.72459077835083,5.761211633682251,9.789512634277344]",False
user04|treadmill_walking|treadmill_walking_3_kmh|A1,user04,train,treadmill_walking,treadmill_walking_3_kmh,Walk at 3 km/h,A1,released,,data/trials/user04/treadmill_walking/treadmill_walking_3_kmh/A1.npz,21639.0,13525.0,1218.0,13.52474331855774,True,3.0,"[1.7825632095336914,5.820062160491943,9.868502140045166]",False
user04|treadmill_walking|treadmill_walking_3_kmh|A2,user04,train,treadmill_walking,treadmill_walking_3_kmh,Walk at 3 km/h,A2,released,,data/trials/user04/treadmill_walking/treadmill_walking_3_kmh/A2.npz,21786.0,13617.0,1226.0,13.616173028945925,True,3.0,"[1.971113920211792,6.015331029891968,10.052824974060059]",False
user04|treadmill_walking|treadmill_walking_3_kmh|A3,user04,train,treadmill_walking,treadmill_walking_3_kmh,Walk at 3 km/h,A3,released,,data/trials/user04/treadmill_walking/treadmill_walking_3_kmh/A3.npz,21705.0,13566.0,1221.0,13.566022157669067,True,3.0,"[1.7867648601531982,5.832093000411987,9.879509925842285]",False
user04|treadmill_walking|treadmill_walking_3_kmh|A4,user04,train,treadmill_walking,treadmill_walking_3_kmh,Walk at 3 km/h,A4,released,,data/trials/user04/treadmill_walking/treadmill_walking_3_kmh/A4.npz,21676.0,13548.0,1220.0,13.548007726669312,True,3.0,"[1.7999396324157715,5.834303617477417,9.884397745132446]",False
user04|treadmill_walking|treadmill_walking_4_kmh|A1,user04,train,treadmill_walking,treadmill_walking_4_kmh,Walk at 4 km/h,A1,released,,data/trials/user04/treadmill_walking/treadmill_walking_4_kmh/A1.npz,21696.0,13560.0,1221.0,13.56018614768982,True,3.0,"[1.7607529163360596,5.7976460456848145,9.841892957687378]",False
user04|treadmill_walking|treadmill_walking_4_kmh|A2,user04,train,treadmill_walking,treadmill_walking_4_kmh,Walk at 4 km/h,A2,released,,data/trials/user04/treadmill_walking/treadmill_walking_4_kmh/A2.npz,21634.0,13521.0,1217.0,13.52133822441101,True,3.0,"[1.7624120712280273,5.806869268417358,9.847597122192383]",False
user04|treadmill_walking|treadmill_walking_4_kmh|A3,user04,train,treadmill_walking,treadmill_walking_4_kmh,Walk at 4 km/h,A3,released,,data/trials/user04/treadmill_walking/treadmill_walking_4_kmh/A3.npz,21687.0,13554.0,1220.0,13.554792881011965,True,3.0,"[1.8557348251342773,5.888921737670898,9.935022830963135]",False
user04|treadmill_walking|treadmill_walking_4_kmh|A4,user04,train,treadmill_walking,treadmill_walking_4_kmh,Walk at 4 km/h,A4,released,,data/trials/user04/treadmill_walking/treadmill_walking_4_kmh/A4.npz,21674.0,13546.0,1220.0,13.545724153518677,True,3.0,"[1.6864440441131592,5.724860191345215,9.780031204223633]",False
user04|treadmill_walking|treadmill_walking_5_kmh|A1,user04,train,treadmill_walking,treadmill_walking_5_kmh,Walk at 5 km/h,A1,released,,data/trials/user04/treadmill_walking/treadmill_walking_5_kmh/A1.npz,21863.0,13665.0,1230.0,13.664844512939451,True,3.0,"[1.784456491470337,5.820255517959595,9.869988441467285]",False
user04|treadmill_walking|treadmill_walking_5_kmh|A2,user04,train,treadmill_walking,treadmill_walking_5_kmh,Walk at 5 km/h,A2,released,,data/trials/user04/treadmill_walking/treadmill_walking_5_kmh/A2.npz,21775.0,13609.0,1225.0,13.609391450881958,True,3.0,"[1.8341972827911377,5.881409168243408,9.925763368606567]",False
user04|treadmill_walking|treadmill_walking_5_kmh|A3,user04,train,treadmill_walking,treadmill_walking_5_kmh,Walk at 5 km/h,A3,released,,data/trials/user04/treadmill_walking/treadmill_walking_5_kmh/A3.npz,21599.0,13499.0,1215.0,13.499258041381836,True,3.0,"[1.73136305809021,5.7801759243011475,9.822268009185791]",False
user04|treadmill_walking|treadmill_walking_5_kmh|A4,user04,train,treadmill_walking,treadmill_walking_5_kmh,Walk at 5 km/h,A4,released,,data/trials/user04/treadmill_walking/treadmill_walking_5_kmh/A4.npz,21571.0,13482.0,1214.0,13.482086896896362,True,3.0,"[1.7562518119812012,5.791250944137573,9.827813863754272]",False
user05|functional_action|deadlift|A1,user05,train,functional_action,deadlift,Deadlift,A1,released,,data/trials/user05/functional_action/deadlift/A1.npz,23071.0,14420.0,1298.0,14.41941261291504,False,0.0,[],False
user05|functional_action|deadlift|A2,user05,train,functional_action,deadlift,Deadlift,A2,released,,data/trials/user05/functional_action/deadlift/A2.npz,23023.0,14389.0,1295.0,14.389740705490112,False,0.0,[],False
user05|functional_action|deadlift|A3,user05,train,functional_action,deadlift,Deadlift,A3,released,,data/trials/user05/functional_action/deadlift/A3.npz,23102.0,14438.0,1300.0,14.438778400421144,False,0.0,[],False
user05|functional_action|deadlift|A4,user05,train,functional_action,deadlift,Deadlift,A4,released,,data/trials/user05/functional_action/deadlift/A4.npz,23025.0,14390.0,1296.0,14.390460729599,False,0.0,[],False
user05|functional_action|deep_squat|A1,user05,train,functional_action,deep_squat,Deep Squat,A1,released,,data/trials/user05/functional_action/deep_squat/A1.npz,23008.0,14380.0,1295.0,14.379960060119627,False,0.0,[],False
user05|functional_action|deep_squat|A2,user05,train,functional_action,deep_squat,Deep Squat,A2,released,,data/trials/user05/functional_action/deep_squat/A2.npz,23070.0,14419.0,1298.0,14.4190571308136,False,0.0,[],False
user05|functional_action|deep_squat|A3,user05,train,functional_action,deep_squat,Deep Squat,A3,released,,data/trials/user05/functional_action/deep_squat/A3.npz,22987.0,14367.0,1293.0,14.366535186767578,False,0.0,[],False
user05|functional_action|deep_squat|A4,user05,train,functional_action,deep_squat,Deep Squat,A4,released,,data/trials/user05/functional_action/deep_squat/A4.npz,22993.0,14370.0,1294.0,14.37088918685913,False,0.0,[],False
user05|functional_action|forward_lunge|A1,user05,train,functional_action,forward_lunge,Forward Lunge,A1,released,,data/trials/user05/functional_action/forward_lunge/A1.npz,23049.0,14405.0,1297.0,14.405535697937012,False,0.0,[],False
user05|functional_action|forward_lunge|A2,user05,train,functional_action,forward_lunge,Forward Lunge,A2,released,,data/trials/user05/functional_action/forward_lunge/A2.npz,23046.0,14404.0,1297.0,14.40377140045166,False,0.0,[],False
user05|functional_action|forward_lunge|A3,user05,train,functional_action,forward_lunge,Forward Lunge,A3,released,,data/trials/user05/functional_action/forward_lunge/A3.npz,23046.0,14403.0,1297.0,14.40342140197754,False,0.0,[],False
user05|functional_action|forward_lunge|A4,user05,train,functional_action,forward_lunge,Forward Lunge,A4,released,,data/trials/user05/functional_action/forward_lunge/A4.npz,23028.0,14393.0,1296.0,14.39280652999878,False,0.0,[],False
user05|functional_action|heel_raise|A1,user05,train,functional_action,heel_raise,Heel Raise,A1,released,,data/trials/user05/functional_action/heel_raise/A1.npz,23091.0,14432.0,1299.0,14.432055473327637,False,0.0,[],False
user05|functional_action|heel_raise|A2,user05,train,functional_action,heel_raise,Heel Raise,A2,released,,data/trials/user05/functional_action/heel_raise/A2.npz,23121.0,14451.0,1301.0,14.45084547996521,False,0.0,[],False
user05|functional_action|heel_raise|A3,user05,train,functional_action,heel_raise,Heel Raise,A3,released,,data/trials/user05/functional_action/heel_raise/A3.npz,23128.0,14455.0,1301.0,14.45508623123169,False,0.0,[],False
user05|functional_action|heel_raise|A4,user05,train,functional_action,heel_raise,Heel Raise,A4,released,,data/trials/user05/functional_action/heel_raise/A4.npz,23051.0,14407.0,1297.0,14.406970262527466,False,0.0,[],False
user05|functional_action|left_lunge|A1,user05,train,functional_action,left_lunge,Left Lunge,A1,released,,data/trials/user05/functional_action/left_lunge/A1.npz,23082.0,14426.0,1299.0,14.4266197681427,False,0.0,[],False
user05|functional_action|left_lunge|A2,user05,train,functional_action,left_lunge,Left Lunge,A2,released,,data/trials/user05/functional_action/left_lunge/A2.npz,22969.0,14355.0,1292.0,14.355414628982544,False,0.0,[],False
user05|functional_action|left_lunge|A3,user05,train,functional_action,left_lunge,Left Lunge,A3,released,,data/trials/user05/functional_action/left_lunge/A3.npz,23040.0,14399.0,1296.0,14.399922370910645,False,0.0,[],False
user05|functional_action|left_lunge|A4,user05,train,functional_action,left_lunge,Left Lunge,A4,released,,data/trials/user05/functional_action/left_lunge/A4.npz,23045.0,14403.0,1297.0,14.403370380401611,False,0.0,[],False
user05|functional_action|quiet_sit|A1,user05,train,functional_action,quiet_sit,Quiet Sit,A1,released,,data/trials/user05/functional_action/quiet_sit/A1.npz,23104.0,14440.0,1300.0,14.43995761871338,False,0.0,[],False
user05|functional_action|quiet_sit|A2,user05,train,functional_action,quiet_sit,Quiet Sit,A2,released,,data/trials/user05/functional_action/quiet_sit/A2.npz,23112.0,14445.0,1300.0,14.444886684417725,False,0.0,[],False
user05|functional_action|quiet_sit|A3,user05,train,functional_action,quiet_sit,Quiet Sit,A3,released,,data/trials/user05/functional_action/quiet_sit/A3.npz,23030.0,14394.0,1296.0,14.393537998199465,False,0.0,[],False
user05|functional_action|quiet_sit|A4,user05,train,functional_action,quiet_sit,Quiet Sit,A4,released,,data/trials/user05/functional_action/quiet_sit/A4.npz,23082.0,14426.0,1299.0,14.426245212554932,False,0.0,[],False
user05|functional_action|quiet_stand|A1,user05,train,functional_action,quiet_stand,Quiet Stand,A1,released,,data/trials/user05/functional_action/quiet_stand/A1.npz,23016.0,14385.0,1295.0,14.384929180145264,False,0.0,[],False
user05|functional_action|quiet_stand|A2,user05,train,functional_action,quiet_stand,Quiet Stand,A2,released,,data/trials/user05/functional_action/quiet_stand/A2.npz,23168.0,14480.0,1304.0,14.479953527450562,False,0.0,[],False
user05|functional_action|quiet_stand|A3,user05,train,functional_action,quiet_stand,Quiet Stand,A3,released,,data/trials/user05/functional_action/quiet_stand/A3.npz,23022.0,14389.0,1295.0,14.389271020889282,False,0.0,[],False
user05|functional_action|quiet_stand|A4,user05,train,functional_action,quiet_stand,Quiet Stand,A4,released,,data/trials/user05/functional_action/quiet_stand/A4.npz,23032.0,14395.0,1296.0,14.395032167434692,False,0.0,[],False
user05|functional_action|single_leg_stance|A1,user05,train,functional_action,single_leg_stance,Single-leg Stance,A1,released,,data/trials/user05/functional_action/single_leg_stance/A1.npz,21753.0,13596.0,1224.0,13.59558916091919,False,0.0,[],False
user05|functional_action|single_leg_stance|A2,user05,train,functional_action,single_leg_stance,Single-leg Stance,A2,released,,data/trials/user05/functional_action/single_leg_stance/A2.npz,21781.0,13613.0,1226.0,13.613144874572754,False,0.0,[],False
user05|functional_action|single_leg_stance|A3,user05,train,functional_action,single_leg_stance,Single-leg Stance,A3,released,,data/trials/user05/functional_action/single_leg_stance/A3.npz,21712.0,13571.0,1222.0,13.57046675682068,False,0.0,[],False
user05|functional_action|single_leg_stance|A4,user05,train,functional_action,single_leg_stance,Single-leg Stance,A4,released,,data/trials/user05/functional_action/single_leg_stance/A4.npz,21851.0,13657.0,1230.0,13.657053470611572,False,0.0,[],False
user05|functional_action|stair_ascent|A1,user05,train,functional_action,stair_ascent,Stair Ascent,A1,released,,data/trials/user05/functional_action/stair_ascent/A1.npz,17077.0,10673.0,961.0,10.672821044921877,False,0.0,[],False
user05|functional_action|stair_ascent|A2,user05,train,functional_action,stair_ascent,Stair Ascent,A2,released,,data/trials/user05/functional_action/stair_ascent/A2.npz,23021.0,14388.0,1295.0,14.388030290603638,False,0.0,[],False
user05|functional_action|stair_ascent|A3,user05,train,functional_action,stair_ascent,Stair Ascent,A3,released,,data/trials/user05/functional_action/stair_ascent/A3.npz,22993.0,14371.0,1294.0,14.371004581451416,False,0.0,[],False
user05|functional_action|stair_ascent|A4,user05,train,functional_action,stair_ascent,Stair Ascent,A4,released,,data/trials/user05/functional_action/stair_ascent/A4.npz,22268.0,13917.0,1252.0,13.917187213897703,False,0.0,[],False
user05|functional_action|stand_sit_transition|A1,user05,train,functional_action,stand_sit_transition,Stand-sit transition,A1,released,,data/trials/user05/functional_action/stand_sit_transition/A1.npz,23017.0,14385.0,1295.0,14.3856098651886,False,0.0,[],False
user05|functional_action|stand_sit_transition|A2,user05,train,functional_action,stand_sit_transition,Stand-sit transition,A2,released,,data/trials/user05/functional_action/stand_sit_transition/A2.npz,23108.0,14443.0,1300.0,14.442682027816772,False,0.0,[],False
user05|functional_action|stand_sit_transition|A3,user05,train,functional_action,stand_sit_transition,Stand-sit transition,A3,released,,data/trials/user05/functional_action/stand_sit_transition/A3.npz,23063.0,14414.0,1298.0,14.414164781570436,False,0.0,[],False
user05|functional_action|stand_sit_transition|A4,user05,train,functional_action,stand_sit_transition,Stand-sit transition,A4,released,,data/trials/user05/functional_action/stand_sit_transition/A4.npz,23168.0,14480.0,1304.0,14.480052947998049,False,0.0,[],False
user05|functional_action|vertical_jump|A1,user05,train,functional_action,vertical_jump,Vertical Jump,A1,released,,data/trials/user05/functional_action/vertical_jump/A1.npz,21768.0,13605.0,1225.0,13.605301141738892,False,0.0,[],False
user05|functional_action|vertical_jump|A2,user05,train,functional_action,vertical_jump,Vertical Jump,A2,released,,data/trials/user05/functional_action/vertical_jump/A2.npz,21724.0,13577.0,1222.0,13.57703137397766,False,0.0,[],False
user05|functional_action|vertical_jump|A3,user05,train,functional_action,vertical_jump,Vertical Jump,A3,released,,data/trials/user05/functional_action/vertical_jump/A3.npz,21712.0,13570.0,1222.0,13.570055484771729,False,0.0,[],False
user05|functional_action|vertical_jump|A4,user05,train,functional_action,vertical_jump,Vertical Jump,A4,released,,data/trials/user05/functional_action/vertical_jump/A4.npz,21736.0,13584.0,1223.0,13.58473300933838,False,0.0,[],False
user05|treadmill_walking|treadmill_walking_1_kmh|A1,user05,train,treadmill_walking,treadmill_walking_1_kmh,Walk at 1 km/h,A1,released,,data/trials/user05/treadmill_walking/treadmill_walking_1_kmh/A1.npz,21762.0,13601.0,1224.0,13.601058959960938,False,0.0,[],False
user05|treadmill_walking|treadmill_walking_1_kmh|A2,user05,train,treadmill_walking,treadmill_walking_1_kmh,Walk at 1 km/h,A2,released,,data/trials/user05/treadmill_walking/treadmill_walking_1_kmh/A2.npz,21760.0,13600.0,1224.0,13.600005626678469,False,0.0,[],False
user05|treadmill_walking|treadmill_walking_1_kmh|A3,user05,train,treadmill_walking,treadmill_walking_1_kmh,Walk at 1 km/h,A3,released,,data/trials/user05/treadmill_walking/treadmill_walking_1_kmh/A3.npz,21853.0,13658.0,1230.0,13.658136367797852,False,0.0,[],False
user05|treadmill_walking|treadmill_walking_1_kmh|A4,user05,train,treadmill_walking,treadmill_walking_1_kmh,Walk at 1 km/h,A4,released,,data/trials/user05/treadmill_walking/treadmill_walking_1_kmh/A4.npz,21775.0,13609.0,1225.0,13.609663724899292,False,0.0,[],False
user05|treadmill_walking|treadmill_walking_2_kmh|A1,user05,train,treadmill_walking,treadmill_walking_2_kmh,Walk at 2 km/h,A1,released,,data/trials/user05/treadmill_walking/treadmill_walking_2_kmh/A1.npz,21802.0,13626.0,1227.0,13.626307487487791,False,0.0,[],False
user05|treadmill_walking|treadmill_walking_2_kmh|A2,user05,train,treadmill_walking,treadmill_walking_2_kmh,Walk at 2 km/h,A2,released,,data/trials/user05/treadmill_walking/treadmill_walking_2_kmh/A2.npz,21728.0,13580.0,1223.0,13.58031940460205,False,0.0,[],False
user05|treadmill_walking|treadmill_walking_2_kmh|A3,user05,train,treadmill_walking,treadmill_walking_2_kmh,Walk at 2 km/h,A3,released,,data/trials/user05/treadmill_walking/treadmill_walking_2_kmh/A3.npz,21901.0,13688.0,1232.0,13.688490390777588,False,0.0,[],False
user05|treadmill_walking|treadmill_walking_2_kmh|A4,user05,train,treadmill_walking,treadmill_walking_2_kmh,Walk at 2 km/h,A4,released,,data/trials/user05/treadmill_walking/treadmill_walking_2_kmh/A4.npz,21774.0,13608.0,1225.0,13.608289003372192,False,0.0,[],False
user05|treadmill_walking|treadmill_walking_3_kmh|A1,user05,train,treadmill_walking,treadmill_walking_3_kmh,Walk at 3 km/h,A1,released,,data/trials/user05/treadmill_walking/treadmill_walking_3_kmh/A1.npz,21690.0,13556.0,1220.0,13.55595874786377,False,0.0,[],False
user05|treadmill_walking|treadmill_walking_3_kmh|A2,user05,train,treadmill_walking,treadmill_walking_3_kmh,Walk at 3 km/h,A2,released,,data/trials/user05/treadmill_walking/treadmill_walking_3_kmh/A2.npz,21829.0,13643.0,1228.0,13.64325737953186,False,0.0,[],False
user05|treadmill_walking|treadmill_walking_3_kmh|A3,user05,train,treadmill_walking,treadmill_walking_3_kmh,Walk at 3 km/h,A3,released,,data/trials/user05/treadmill_walking/treadmill_walking_3_kmh/A3.npz,21782.0,13614.0,1226.0,13.613839864730837,False,0.0,[],False
user05|treadmill_walking|treadmill_walking_3_kmh|A4,user05,train,treadmill_walking,treadmill_walking_3_kmh,Walk at 3 km/h,A4,released,,data/trials/user05/treadmill_walking/treadmill_walking_3_kmh/A4.npz,21714.0,13571.0,1222.0,13.571259498596191,False,0.0,[],False
user05|treadmill_walking|treadmill_walking_4_kmh|A1,user05,train,treadmill_walking,treadmill_walking_4_kmh,Walk at 4 km/h,A1,released,,data/trials/user05/treadmill_walking/treadmill_walking_4_kmh/A1.npz,21755.0,13596.0,1224.0,13.596378803253174,False,0.0,[],False
user05|treadmill_walking|treadmill_walking_4_kmh|A2,user05,train,treadmill_walking,treadmill_walking_4_kmh,Walk at 4 km/h,A2,released,,data/trials/user05/treadmill_walking/treadmill_walking_4_kmh/A2.npz,21802.0,13627.0,1227.0,13.62649917602539,False,0.0,[],False
user05|treadmill_walking|treadmill_walking_4_kmh|A3,user05,train,treadmill_walking,treadmill_walking_4_kmh,Walk at 4 km/h,A3,released,,data/trials/user05/treadmill_walking/treadmill_walking_4_kmh/A3.npz,21739.0,13587.0,1223.0,13.587141275405884,False,0.0,[],False
user05|treadmill_walking|treadmill_walking_4_kmh|A4,user05,train,treadmill_walking,treadmill_walking_4_kmh,Walk at 4 km/h,A4,released,,data/trials/user05/treadmill_walking/treadmill_walking_4_kmh/A4.npz,21788.0,13617.0,1226.0,13.6173677444458,False,0.0,[],False
user05|treadmill_walking|treadmill_walking_5_kmh|A1,user05,train,treadmill_walking,treadmill_walking_5_kmh,Walk at 5 km/h,A1,released,,data/trials/user05/treadmill_walking/treadmill_walking_5_kmh/A1.npz,21820.0,13637.0,1228.0,13.63703203201294,False,0.0,[],False
user05|treadmill_walking|treadmill_walking_5_kmh|A2,user05,train,treadmill_walking,treadmill_walking_5_kmh,Walk at 5 km/h,A2,released,,data/trials/user05/treadmill_walking/treadmill_walking_5_kmh/A2.npz,21661.0,13537.0,1219.0,13.537894010543823,False,0.0,[],False
user05|treadmill_walking|treadmill_walking_5_kmh|A3,user05,train,treadmill_walking,treadmill_walking_5_kmh,Walk at 5 km/h,A3,released,,data/trials/user05/treadmill_walking/treadmill_walking_5_kmh/A3.npz,21838.0,13648.0,1229.0,13.648210048675535,False,0.0,[],False
user05|treadmill_walking|treadmill_walking_5_kmh|A4,user05,train,treadmill_walking,treadmill_walking_5_kmh,Walk at 5 km/h,A4,released,,data/trials/user05/treadmill_walking/treadmill_walking_5_kmh/A4.npz,21826.0,13641.0,1228.0,13.641634702682495,False,0.0,[],False
user06|functional_action|deadlift|A1,user06,train,functional_action,deadlift,Deadlift,A1,released,,data/trials/user06/functional_action/deadlift/A1.npz,21934.0,13709.0,1234.0,13.70843267440796,True,3.0,"[1.6938354969024658,5.738417625427246,9.781485557556152]",False
user06|functional_action|deadlift|A2,user06,train,functional_action,deadlift,Deadlift,A2,released,,data/trials/user06/functional_action/deadlift/A2.npz,22028.0,13768.0,1239.0,13.767829418182371,True,3.0,"[1.7431442737579346,5.803426265716553,9.739431381225586]",False
user06|functional_action|deadlift|A3,user06,train,functional_action,deadlift,Deadlift,A3,released,,data/trials/user06/functional_action/deadlift/A3.npz,22059.0,13788.0,1241.0,13.787062644958496,True,3.0,"[1.7327876091003418,5.775794506072998,9.731116533279419]",False
user06|functional_action|deadlift|A4,user06,train,functional_action,deadlift,Deadlift,A4,released,,data/trials/user06/functional_action/deadlift/A4.npz,22005.0,13753.0,1238.0,13.753246545791626,True,3.0,"[1.7276673316955566,5.771273374557495,9.816272497177124]",False
user06|functional_action|deep_squat|A1,user06,train,functional_action,deep_squat,Deep Squat,A1,released,,data/trials/user06/functional_action/deep_squat/A1.npz,22097.0,13810.0,1243.0,13.810495138168337,True,3.0,"[1.7324512004852295,5.785783052444458,9.727859020233154]",False
user06|functional_action|deep_squat|A2,user06,train,functional_action,deep_squat,Deep Squat,A2,released,,data/trials/user06/functional_action/deep_squat/A2.npz,22170.0,13857.0,1248.0,13.856273889541626,True,3.0,"[1.814192771911621,5.8538978099823,9.889936685562134]",False
user06|functional_action|deep_squat|A3,user06,train,functional_action,deep_squat,Deep Squat,A3,released,,data/trials/user06/functional_action/deep_squat/A3.npz,22256.0,13910.0,1252.0,13.90976071357727,True,3.0,"[1.7914364337921143,5.8324503898620605,9.877419471740723]",False
user06|functional_action|deep_squat|A4,user06,train,functional_action,deep_squat,Deep Squat,A4,released,,data/trials/user06/functional_action/deep_squat/A4.npz,22091.0,13807.0,1243.0,13.806870222091677,True,3.0,"[1.7631890773773193,5.816277265548706,9.75995922088623]",False
user06|functional_action|forward_lunge|A1,user06,train,functional_action,forward_lunge,Forward Lunge,A1,released,,data/trials/user06/functional_action/forward_lunge/A1.npz,21983.0,13739.0,1237.0,13.739449501037598,True,3.0,"[1.7019424438476562,5.7412755489349365,9.778972625732422]",False
user06|functional_action|forward_lunge|A2,user06,train,functional_action,forward_lunge,Forward Lunge,A2,released,,data/trials/user06/functional_action/forward_lunge/A2.npz,22137.0,13836.0,1246.0,13.835306406021118,True,3.0,"[1.9291424751281738,5.952541351318359,9.988118410110474]",False
user06|functional_action|forward_lunge|A3,user06,train,functional_action,forward_lunge,Forward Lunge,A3,released,,data/trials/user06/functional_action/forward_lunge/A3.npz,21912.0,13695.0,1233.0,13.695267677307127,True,3.0,"[1.7164957523345947,5.744470596313477,9.784312725067139]",False
user06|functional_action|forward_lunge|A4,user06,train,functional_action,forward_lunge,Forward Lunge,A4,released,,data/trials/user06/functional_action/forward_lunge/A4.npz,22059.0,13786.0,1241.0,13.78675413131714,True,3.0,"[1.80320405960083,5.844515085220337,9.896090030670166]",False
user06|functional_action|heel_raise|A1,user06,train,functional_action,heel_raise,Heel Raise,A1,released,,data/trials/user06/functional_action/heel_raise/A1.npz,22061.0,13788.0,1241.0,13.788412809371948,True,3.0,"[1.7650866508483887,5.806013584136963,9.85024881362915]",False
user06|functional_action|heel_raise|A2,user06,train,functional_action,heel_raise,Heel Raise,A2,released,,data/trials/user06/functional_action/heel_raise/A2.npz,21992.0,13745.0,1237.0,13.745094299316406,True,3.0,"[1.7476282119750977,5.789265394210815,9.748506307601929]",False
user06|functional_action|heel_raise|A3,user06,train,functional_action,heel_raise,Heel Raise,A3,released,,data/trials/user06/functional_action/heel_raise/A3.npz,22125.0,13828.0,1245.0,13.827976942062378,True,3.0,"[1.8041038513183594,5.852216720581055,9.800429821014404]",False
user06|functional_action|heel_raise|A4,user06,train,functional_action,heel_raise,Heel Raise,A4,released,,data/trials/user06/functional_action/heel_raise/A4.npz,22136.0,13835.0,1246.0,13.834575176239014,True,3.0,"[1.7500801086425781,5.797530174255371,9.747246265411377]",False
user06|functional_action|left_lunge|A1,user06,train,functional_action,left_lunge,Left Lunge,A1,released,,data/trials/user06/functional_action/left_lunge/A1.npz,22607.0,14129.0,1272.0,14.12920618057251,True,3.0,"[1.790945053100586,5.840276002883911,9.873239994049072]",False
user06|functional_action|left_lunge|A2,user06,train,functional_action,left_lunge,Left Lunge,A2,released,,data/trials/user06/functional_action/left_lunge/A2.npz,22856.0,14285.0,1286.0,14.28523087501526,True,3.0,"[1.7719826698303223,5.81562066078186,9.866149663925171]",False
user06|functional_action|left_lunge|A3,user06,train,functional_action,left_lunge,Left Lunge,A3,released,,data/trials/user06/functional_action/left_lunge/A3.npz,22740.0,14213.0,1280.0,14.212750434875488,True,3.0,"[1.8798491954803467,5.9174721240997314,9.955666303634644]",False
user06|functional_action|left_lunge|A4,user06,train,functional_action,left_lunge,Left Lunge,A4,released,,data/trials/user06/functional_action/left_lunge/A4.npz,22722.0,14202.0,1279.0,14.2016441822052,True,3.0,"[1.759871006011963,5.79973292350769,9.846796035766602]",False
user06|functional_action|quiet_sit|A1,user06,train,functional_action,quiet_sit,Quiet Sit,A1,released,,data/trials/user06/functional_action/quiet_sit/A1.npz,22112.0,13820.0,1244.0,13.820311069488524,True,3.0,"[1.8324120044708252,5.886851072311401,9.833620071411133]",False
user06|functional_action|quiet_sit|A2,user06,train,functional_action,quiet_sit,Quiet Sit,A2,released,,data/trials/user06/functional_action/quiet_sit/A2.npz,22130.0,13831.0,1245.0,13.83157992362976,True,3.0,"[1.7504448890686035,5.797898769378662,9.841803789138794]",False
user06|functional_action|quiet_sit|A3,user06,train,functional_action,quiet_sit,Quiet Sit,A3,released,,data/trials/user06/functional_action/quiet_sit/A3.npz,21977.0,13736.0,1237.0,13.735703468322754,True,3.0,"[1.7665033340454102,5.80048131942749,9.837259292602539]",False
user06|functional_action|quiet_sit|A4,user06,train,functional_action,quiet_sit,Quiet Sit,A4,released,,data/trials/user06/functional_action/quiet_sit/A4.npz,22030.0,13769.0,1240.0,13.769103288650513,True,3.0,"[1.7117891311645508,5.749032258987427,9.791247129440308]",False
user06|functional_action|quiet_stand|A1,user06,train,functional_action,quiet_stand,Quiet Stand,A1,released,,data/trials/user06/functional_action/quiet_stand/A1.npz,22170.0,13857.0,1248.0,13.85646915435791,True,3.0,"[1.7884070873260498,5.829540014266968,9.861083984375]",False
user06|functional_action|quiet_stand|A2,user06,train,functional_action,quiet_stand,Quiet Stand,A2,released,,data/trials/user06/functional_action/quiet_stand/A2.npz,22103.0,13815.0,1244.0,13.814579486846924,True,3.0,"[2.063229560852051,6.104333400726318,10.15305757522583]",False
user06|functional_action|quiet_stand|A3,user06,train,functional_action,quiet_stand,Quiet Stand,A3,released,,data/trials/user06/functional_action/quiet_stand/A3.npz,22013.0,13758.0,1239.0,13.758135318756104,True,3.0,"[1.847465991973877,5.889472007751465,9.935070037841797]",False
user06|functional_action|quiet_stand|A4,user06,train,functional_action,quiet_stand,Quiet Stand,A4,released,,data/trials/user06/functional_action/quiet_stand/A4.npz,22037.0,13774.0,1240.0,13.77344822883606,True,3.0,"[1.745758295059204,5.790674209594727,9.831604242324829]",False
user06|functional_action|single_leg_stance|A1,user06,train,functional_action,single_leg_stance,Single-leg Stance,A1,released,,data/trials/user06/functional_action/single_leg_stance/A1.npz,22609.0,14130.0,1272.0,14.130373477935793,True,3.0,"[1.6952323913574219,5.730527400970459,9.779088258743286]",False
user06|functional_action|single_leg_stance|A2,user06,train,functional_action,single_leg_stance,Single-leg Stance,A2,released,,data/trials/user06/functional_action/single_leg_stance/A2.npz,22623.0,14139.0,1273.0,14.13910961151123,True,3.0,"[1.7747914791107178,5.810530662536621,9.863368511199951]",False
user06|functional_action|single_leg_stance|A3,user06,train,functional_action,single_leg_stance,Single-leg Stance,A3,released,,data/trials/user06/functional_action/single_leg_stance/A3.npz,22889.0,14305.0,1288.0,14.30547046661377,True,3.0,"[1.7585372924804688,5.798583269119263,9.845385313034058]",False
user06|functional_action|single_leg_stance|A4,user06,train,functional_action,single_leg_stance,Single-leg Stance,A4,released,,data/trials/user06/functional_action/single_leg_stance/A4.npz,22755.0,14222.0,1280.0,14.221581220626833,True,3.0,"[1.7288179397583008,5.787683010101318,9.732579946517944]",False
user06|functional_action|stair_ascent|A1,user06,train,functional_action,stair_ascent,Stair Ascent,A1,released,,data/trials/user06/functional_action/stair_ascent/A1.npz,22131.0,13832.0,1245.0,13.831979990005491,True,3.0,"[1.8119699954986572,5.855387926101685,9.905519008636475]",False
user06|functional_action|stair_ascent|A2,user06,train,functional_action,stair_ascent,Stair Ascent,A2,released,,data/trials/user06/functional_action/stair_ascent/A2.npz,22124.0,13827.0,1245.0,13.827439546585085,True,3.0,"[1.83553147315979,5.8974573612213135,9.841790437698364]",False
user06|functional_action|stair_ascent|A3,user06,train,functional_action,stair_ascent,Stair Ascent,A3,released,,data/trials/user06/functional_action/stair_ascent/A3.npz,22094.0,13808.0,1243.0,13.808467864990234,True,3.0,"[1.8062717914581299,5.844798803329468,9.881829738616943]",False
user06|functional_action|stair_ascent|A4,user06,train,functional_action,stair_ascent,Stair Ascent,A4,released,,data/trials/user06/functional_action/stair_ascent/A4.npz,22034.0,13771.0,1240.0,13.771148443222046,True,3.0,"[1.8021743297576904,5.861255407333374,9.807512283325195]",False
user06|functional_action|stand_sit_transition|A1,user06,train,functional_action,stand_sit_transition,Stand-sit transition,A1,released,,data/trials/user06/functional_action/stand_sit_transition/A1.npz,22038.0,13773.0,1240.0,13.773561477661133,True,3.0,"[1.7171821594238281,5.757686376571655,9.795411348342896]",False
user06|functional_action|stand_sit_transition|A2,user06,train,functional_action,stand_sit_transition,Stand-sit transition,A2,released,,data/trials/user06/functional_action/stand_sit_transition/A2.npz,22090.0,13806.0,1243.0,13.806494951248167,True,3.0,"[1.7336299419403076,5.773579835891724,9.817506790161133]",False
user06|functional_action|stand_sit_transition|A3,user06,train,functional_action,stand_sit_transition,Stand-sit transition,A3,released,,data/trials/user06/functional_action/stand_sit_transition/A3.npz,21964.0,13727.0,1236.0,13.727054119110107,True,3.0,"[1.7814688682556152,5.826377868652344,9.869025945663452]",False
user06|functional_action|stand_sit_transition|A4,user06,train,functional_action,stand_sit_transition,Stand-sit transition,A4,released,,data/trials/user06/functional_action/stand_sit_transition/A4.npz,22038.0,13773.0,1240.0,13.773289680480955,True,3.0,"[1.7118704319000244,5.749386548995972,9.79937744140625]",False
user06|functional_action|vertical_jump|A1,user06,train,functional_action,vertical_jump,Vertical Jump,A1,released,,data/trials/user06/functional_action/vertical_jump/A1.npz,22704.0,14190.0,1277.0,14.190368890762327,True,3.0,"[1.7117466926574707,5.768504858016968,9.7060706615448]",False
user06|functional_action|vertical_jump|A2,user06,train,functional_action,vertical_jump,Vertical Jump,A2,released,,data/trials/user06/functional_action/vertical_jump/A2.npz,22682.0,14177.0,1276.0,14.176276206970217,True,3.0,"[1.7323241233825684,5.766535997390747,9.811950206756592]",False
user06|functional_action|vertical_jump|A3,user06,train,functional_action,vertical_jump,Vertical Jump,A3,released,,data/trials/user06/functional_action/vertical_jump/A3.npz,22751.0,14219.0,1280.0,14.21902871131897,True,3.0,"[1.720658540725708,5.7577126026153564,9.737382650375366]",False
user06|functional_action|vertical_jump|A4,user06,train,functional_action,vertical_jump,Vertical Jump,A4,released,,data/trials/user06/functional_action/vertical_jump/A4.npz,22745.0,14215.0,1280.0,14.215064764022827,True,3.0,"[1.9223155975341797,5.956190586090088,10.000189542770386]",False
user06|treadmill_walking|treadmill_walking_1_kmh|A1,user06,train,treadmill_walking,treadmill_walking_1_kmh,Walk at 1 km/h,A1,released,,data/trials/user06/treadmill_walking/treadmill_walking_1_kmh/A1.npz,21912.0,13695.0,1233.0,13.695087671279907,True,3.0,"[1.7293355464935303,5.785647630691528,9.729605436325073]",False
user06|treadmill_walking|treadmill_walking_1_kmh|A2,user06,train,treadmill_walking,treadmill_walking_1_kmh,Walk at 1 km/h,A2,released,,data/trials/user06/treadmill_walking/treadmill_walking_1_kmh/A2.npz,22003.0,13752.0,1238.0,13.751607179641724,True,3.0,"[1.9248709678649902,5.975099086761475,10.01181411743164]",False
user06|treadmill_walking|treadmill_walking_1_kmh|A3,user06,train,treadmill_walking,treadmill_walking_1_kmh,Walk at 1 km/h,A3,released,,data/trials/user06/treadmill_walking/treadmill_walking_1_kmh/A3.npz,21968.0,13730.0,1236.0,13.72999882698059,True,3.0,"[1.8750247955322266,5.917487621307373,9.955200672149658]",False
user06|treadmill_walking|treadmill_walking_1_kmh|A4,user06,train,treadmill_walking,treadmill_walking_1_kmh,Walk at 1 km/h,A4,released,,data/trials/user06/treadmill_walking/treadmill_walking_1_kmh/A4.npz,21972.0,13733.0,1236.0,13.73273491859436,True,3.0,"[1.7682077884674072,5.80371880531311,9.841346979141235]",False
user06|treadmill_walking|treadmill_walking_2_kmh|A1,user06,train,treadmill_walking,treadmill_walking_2_kmh,Walk at 2 km/h,A1,released,,data/trials/user06/treadmill_walking/treadmill_walking_2_kmh/A1.npz,22123.0,13827.0,1245.0,13.826749563217165,True,3.0,"[1.7666246891021729,5.803972482681274,9.852452516555786]",False
user06|treadmill_walking|treadmill_walking_2_kmh|A2,user06,train,treadmill_walking,treadmill_walking_2_kmh,Walk at 2 km/h,A2,released,,data/trials/user06/treadmill_walking/treadmill_walking_2_kmh/A2.npz,21916.0,13697.0,1233.0,13.697042226791382,True,3.0,"[1.7778961658477783,5.82512903213501,9.86740517616272]",False
user06|treadmill_walking|treadmill_walking_2_kmh|A3,user06,train,treadmill_walking,treadmill_walking_2_kmh,Walk at 2 km/h,A3,released,,data/trials/user06/treadmill_walking/treadmill_walking_2_kmh/A3.npz,21892.0,13682.0,1232.0,13.682217836380005,True,3.0,"[1.693680763244629,5.771268606185913,9.711925745010376]",False
user06|treadmill_walking|treadmill_walking_2_kmh|A4,user06,train,treadmill_walking,treadmill_walking_2_kmh,Walk at 2 km/h,A4,released,,data/trials/user06/treadmill_walking/treadmill_walking_2_kmh/A4.npz,21974.0,13734.0,1236.0,13.733700513839722,True,3.0,"[1.7219696044921875,5.76154351234436,9.793877601623535]",False
user06|treadmill_walking|treadmill_walking_3_kmh|A1,user06,train,treadmill_walking,treadmill_walking_3_kmh,Walk at 3 km/h,A1,released,,data/trials/user06/treadmill_walking/treadmill_walking_3_kmh/A1.npz,22006.0,13754.0,1238.0,13.7539541721344,True,3.0,"[1.707185983657837,5.738440036773682,9.781147003173828]",False
user06|treadmill_walking|treadmill_walking_3_kmh|A2,user06,train,treadmill_walking,treadmill_walking_3_kmh,Walk at 3 km/h,A2,released,,data/trials/user06/treadmill_walking/treadmill_walking_3_kmh/A2.npz,22018.0,13761.0,1239.0,13.76092290878296,True,3.0,"[1.8545098304748535,5.889416694641113,9.929500818252563]",False
user06|treadmill_walking|treadmill_walking_3_kmh|A3,user06,train,treadmill_walking,treadmill_walking_3_kmh,Walk at 3 km/h,A3,released,,data/trials/user06/treadmill_walking/treadmill_walking_3_kmh/A3.npz,21924.0,13703.0,1234.0,13.702653646469116,True,3.0,"[1.7764825820922852,5.812342643737793,9.861303567886353]",False
user06|treadmill_walking|treadmill_walking_3_kmh|A4,user06,train,treadmill_walking,treadmill_walking_3_kmh,Walk at 3 km/h,A4,released,,data/trials/user06/treadmill_walking/treadmill_walking_3_kmh/A4.npz,22084.0,13803.0,1243.0,13.802938222885132,True,3.0,"[1.879539966583252,5.926921129226685,9.96746015548706]",False
user06|treadmill_walking|treadmill_walking_4_kmh|A1,user06,train,treadmill_walking,treadmill_walking_4_kmh,Walk at 4 km/h,A1,released,,data/trials/user06/treadmill_walking/treadmill_walking_4_kmh/A1.npz,22027.0,13768.0,1239.0,13.767197847366331,True,3.0,"[1.7510967254638672,5.788884878158569,9.750562906265259]",False
user06|treadmill_walking|treadmill_walking_4_kmh|A2,user06,train,treadmill_walking,treadmill_walking_4_kmh,Walk at 4 km/h,A2,released,,data/trials/user06/treadmill_walking/treadmill_walking_4_kmh/A2.npz,21946.0,13716.0,1235.0,13.715938806533812,True,3.0,"[1.8087117671966553,5.838949680328369,9.889948606491089]",False
user06|treadmill_walking|treadmill_walking_4_kmh|A3,user06,train,treadmill_walking,treadmill_walking_4_kmh,Walk at 4 km/h,A3,released,,data/trials/user06/treadmill_walking/treadmill_walking_4_kmh/A3.npz,21989.0,13743.0,1237.0,13.743283748626707,True,3.0,"[1.721214771270752,5.7604146003723145,9.80950379371643]",False
user06|treadmill_walking|treadmill_walking_4_kmh|A4,user06,train,treadmill_walking,treadmill_walking_4_kmh,Walk at 4 km/h,A4,released,,data/trials/user06/treadmill_walking/treadmill_walking_4_kmh/A4.npz,22029.0,13768.0,1240.0,13.76837396621704,True,3.0,"[1.7056429386138916,5.736166000366211,9.768731832504272]",False
user06|treadmill_walking|treadmill_walking_5_kmh|A1,user06,train,treadmill_walking,treadmill_walking_5_kmh,Walk at 5 km/h,A1,released,,data/trials/user06/treadmill_walking/treadmill_walking_5_kmh/A1.npz,21968.0,13730.0,1236.0,13.73001217842102,True,3.0,"[1.6839470863342285,5.719470024108887,9.759819030761719]",False
user06|treadmill_walking|treadmill_walking_5_kmh|A2,user06,train,treadmill_walking,treadmill_walking_5_kmh,Walk at 5 km/h,A2,released,,data/trials/user06/treadmill_walking/treadmill_walking_5_kmh/A2.npz,21981.0,13738.0,1237.0,13.73800015449524,True,3.0,"[1.6691651344299316,5.7066261768341064,9.74940299987793]",False
user06|treadmill_walking|treadmill_walking_5_kmh|A3,user06,train,treadmill_walking,treadmill_walking_5_kmh,Walk at 5 km/h,A3,released,,data/trials/user06/treadmill_walking/treadmill_walking_5_kmh/A3.npz,22050.0,13781.0,1241.0,13.781387329101562,True,3.0,"[1.7254712581634521,5.770517349243164,9.816198348999023]",False
user06|treadmill_walking|treadmill_walking_5_kmh|A4,user06,train,treadmill_walking,treadmill_walking_5_kmh,Walk at 5 km/h,A4,released,,data/trials/user06/treadmill_walking/treadmill_walking_5_kmh/A4.npz,21958.0,13724.0,1236.0,13.72371768951416,True,3.0,"[1.7241954803466797,5.765473365783691,9.809054374694824]",False
user07|functional_action|deadlift|A1,user07,train,functional_action,deadlift,Deadlift,A1,released,,data/trials/user07/functional_action/deadlift/A1.npz,22771.0,14232.0,1281.0,14.23202657699585,True,3.0,"[1.7837095260620117,5.779136419296265,9.835566520690918]",False
user07|functional_action|deadlift|A2,user07,train,functional_action,deadlift,Deadlift,A2,released,,data/trials/user07/functional_action/deadlift/A2.npz,22897.0,14311.0,1288.0,14.31105351448059,True,3.0,"[1.8079233169555664,5.873445272445679,9.817335367202759]",False
user07|functional_action|deadlift|A3,user07,train,functional_action,deadlift,Deadlift,A3,released,,data/trials/user07/functional_action/deadlift/A3.npz,23004.0,14377.0,1294.0,14.377404689788818,True,3.0,"[1.811854362487793,5.8444623947143555,9.894327402114868]",False
user07|functional_action|deadlift|A4,user07,train,functional_action,deadlift,Deadlift,A4,released,,data/trials/user07/functional_action/deadlift/A4.npz,22865.0,14290.0,1287.0,14.29049563407898,True,3.0,"[1.754218339920044,5.801101446151733,9.843571424484253]",False
user07|functional_action|deep_squat|A1,user07,train,functional_action,deep_squat,Deep Squat,A1,released,,data/trials/user07/functional_action/deep_squat/A1.npz,22980.0,14363.0,1293.0,14.36253046989441,True,3.0,"[1.8427774906158447,5.903539419174194,9.866838455200195]",False
user07|functional_action|deep_squat|A2,user07,train,functional_action,deep_squat,Deep Squat,A2,released,,data/trials/user07/functional_action/deep_squat/A2.npz,22991.0,14369.0,1294.0,14.36919093132019,True,3.0,"[1.8260517120361328,5.8887107372283936,9.840093851089478]",False
user07|functional_action|deep_squat|A3,user07,train,functional_action,deep_squat,Deep Squat,A3,released,,data/trials/user07/functional_action/deep_squat/A3.npz,22914.0,14321.0,1289.0,14.32094407081604,True,3.0,"[1.8355638980865479,5.866423845291138,9.920943975448608]",False
user07|functional_action|deep_squat|A4,user07,train,functional_action,deep_squat,Deep Squat,A4,released,,data/trials/user07/functional_action/deep_squat/A4.npz,22982.0,14364.0,1293.0,14.36369490623474,True,3.0,"[2.0482397079467773,6.0972065925598145,10.048561811447144]",False
user07|functional_action|forward_lunge|A1,user07,train,functional_action,forward_lunge,Forward Lunge,A1,released,,data/trials/user07/functional_action/forward_lunge/A1.npz,22874.0,14296.0,1287.0,14.296322345733644,True,3.0,"[1.807373285293579,5.841414213180542,9.890130281448364]",False
user07|functional_action|forward_lunge|A2,user07,train,functional_action,forward_lunge,Forward Lunge,A2,released,,data/trials/user07/functional_action/forward_lunge/A2.npz,22946.0,14341.0,1291.0,14.341102123260498,True,3.0,"[1.8622398376464844,5.919834852218628,9.87503695487976]",False
user07|functional_action|forward_lunge|A3,user07,train,functional_action,forward_lunge,Forward Lunge,A3,released,,data/trials/user07/functional_action/forward_lunge/A3.npz,22988.0,14367.0,1294.0,14.367439270019531,True,3.0,"[1.8309693336486816,5.875343322753906,9.918097257614136]",False
user07|functional_action|forward_lunge|A4,user07,train,functional_action,forward_lunge,Forward Lunge,A4,released,,data/trials/user07/functional_action/forward_lunge/A4.npz,22912.0,14320.0,1289.0,14.319824695587158,True,3.0,"[1.7603874206542969,5.808493614196777,9.762231588363647]",False
user07|functional_action|heel_raise|A1,user07,train,functional_action,heel_raise,Heel Raise,A1,released,,data/trials/user07/functional_action/heel_raise/A1.npz,22853.0,14283.0,1286.0,14.282692193984984,True,3.0,"[1.8079161643981934,5.853463172912598,9.809631109237671]",False
user07|functional_action|heel_raise|A2,user07,train,functional_action,heel_raise,Heel Raise,A2,released,,data/trials/user07/functional_action/heel_raise/A2.npz,23013.0,14383.0,1295.0,14.382882118225098,True,3.0,"[1.8379900455474854,5.883646011352539,9.833402872085571]",False
user07|functional_action|heel_raise|A3,user07,train,functional_action,heel_raise,Heel Raise,A3,released,,data/trials/user07/functional_action/heel_raise/A3.npz,22951.0,14344.0,1291.0,14.344502925872805,True,3.0,"[1.8388407230377197,5.87946081161499,9.836537837982178]",False
user07|functional_action|heel_raise|A4,user07,train,functional_action,heel_raise,Heel Raise,A4,released,,data/trials/user07/functional_action/heel_raise/A4.npz,22834.0,14271.0,1285.0,14.271430492401125,True,3.0,"[1.8252854347229004,5.888934373855591,9.846063375473022]",False
user07|functional_action|left_lunge|A1,user07,train,functional_action,left_lunge,Left Lunge,A1,released,,data/trials/user07/functional_action/left_lunge/A1.npz,22981.0,14363.0,1293.0,14.363149404525757,True,3.0,"[2.0827524662017822,6.1311023235321045,10.132618427276611]",False
user07|functional_action|left_lunge|A2,user07,train,functional_action,left_lunge,Left Lunge,A2,released,,data/trials/user07/functional_action/left_lunge/A2.npz,22897.0,14311.0,1288.0,14.310612916946411,True,3.0,"[1.8408727645874023,5.896443843841553,9.851960897445679]",False
user07|functional_action|left_lunge|A3,user07,train,functional_action,left_lunge,Left Lunge,A3,released,,data/trials/user07/functional_action/left_lunge/A3.npz,22972.0,14358.0,1293.0,14.357762336730955,True,3.0,"[1.8212010860443115,5.858481168746948,9.911285161972046]",False
user07|functional_action|left_lunge|A4,user07,train,functional_action,left_lunge,Left Lunge,A4,released,,data/trials/user07/functional_action/left_lunge/A4.npz,22925.0,14328.0,1290.0,14.32841157913208,True,3.0,"[1.789546251296997,5.835301399230957,9.794413328170776]",False
user07|functional_action|quiet_sit|A1,user07,train,functional_action,quiet_sit,Quiet Sit,A1,released,,data/trials/user07/functional_action/quiet_sit/A1.npz,22939.0,14337.0,1291.0,14.33709955215454,True,3.0,"[1.903449535369873,5.8989434242248535,9.949326515197754]",False
user07|functional_action|quiet_sit|A2,user07,train,functional_action,quiet_sit,Quiet Sit,A2,released,,data/trials/user07/functional_action/quiet_sit/A2.npz,22936.0,14335.0,1291.0,14.334903717041016,True,3.0,"[1.8662915229797363,5.919944524765015,9.860514640808105]",False
user07|functional_action|quiet_sit|A3,user07,train,functional_action,quiet_sit,Quiet Sit,A3,released,,data/trials/user07/functional_action/quiet_sit/A3.npz,23005.0,14378.0,1294.0,14.378101110458374,True,3.0,"[1.7793781757354736,5.828175067901611,9.780224084854126]",False
user07|functional_action|quiet_sit|A4,user07,train,functional_action,quiet_sit,Quiet Sit,A4,released,,data/trials/user07/functional_action/quiet_sit/A4.npz,22854.0,14284.0,1286.0,14.28384280204773,True,3.0,"[1.793182611465454,5.841306686401367,9.789365768432617]",False
user07|functional_action|quiet_stand|A1,user07,train,functional_action,quiet_stand,Quiet Stand,A1,released,,data/trials/user07/functional_action/quiet_stand/A1.npz,22873.0,14296.0,1287.0,14.295718908309937,True,3.0,"[1.8412139415740967,5.877863883972168,9.920538902282715]",False
user07|functional_action|quiet_stand|A2,user07,train,functional_action,quiet_stand,Quiet Stand,A2,released,,data/trials/user07/functional_action/quiet_stand/A2.npz,23011.0,14381.0,1295.0,14.381697177886965,True,3.0,"[1.8112280368804932,5.857325077056885,9.898982048034668]",False
user07|functional_action|quiet_stand|A3,user07,train,functional_action,quiet_stand,Quiet Stand,A3,released,,data/trials/user07/functional_action/quiet_stand/A3.npz,22865.0,14291.0,1287.0,14.291163682937622,True,3.0,"[1.8408117294311523,5.883629560470581,9.91923475265503]",False
user07|functional_action|quiet_stand|A4,user07,train,functional_action,quiet_stand,Quiet Stand,A4,released,,data/trials/user07/functional_action/quiet_stand/A4.npz,22827.0,14267.0,1284.0,14.266781330108644,True,3.0,"[1.8593363761901855,5.9113123416900635,9.85750436782837]",False
user07|functional_action|single_leg_stance|A1,user07,train,functional_action,single_leg_stance,Single-leg Stance,A1,released,,data/trials/user07/functional_action/single_leg_stance/A1.npz,23013.0,14383.0,1295.0,14.382723093032835,True,3.0,"[1.8146159648895264,5.856720924377441,9.810329914093018]",False
user07|functional_action|single_leg_stance|A2,user07,train,functional_action,single_leg_stance,Single-leg Stance,A2,released,,data/trials/user07/functional_action/single_leg_stance/A2.npz,22925.0,14328.0,1290.0,14.327884197235107,True,3.0,"[1.793199062347412,5.8328258991241455,9.88600492477417]",False
user07|functional_action|single_leg_stance|A3,user07,train,functional_action,single_leg_stance,Single-leg Stance,A3,released,,data/trials/user07/functional_action/single_leg_stance/A3.npz,22984.0,14365.0,1293.0,14.364854097366331,True,3.0,"[1.827125072479248,5.867917060852051,9.868757009506226]",False
user07|functional_action|single_leg_stance|A4,user07,train,functional_action,single_leg_stance,Single-leg Stance,A4,released,,data/trials/user07/functional_action/single_leg_stance/A4.npz,22912.0,14320.0,1289.0,14.320161819458008,True,3.0,"[1.7905898094177246,5.8216636180877686,9.872925758361816]",False
user07|functional_action|stair_ascent|A1,user07,train,functional_action,stair_ascent,Stair Ascent,A1,released,,data/trials/user07/functional_action/stair_ascent/A1.npz,22964.0,14353.0,1292.0,14.352637529373167,True,3.0,"[1.7919445037841797,5.801040410995483,9.855504274368286]",False
user07|functional_action|stair_ascent|A2,user07,train,functional_action,stair_ascent,Stair Ascent,A2,released,,data/trials/user07/functional_action/stair_ascent/A2.npz,22887.0,14304.0,1288.0,14.30464243888855,True,3.0,"[1.8065433502197266,5.849038362503052,9.888126373291016]",False
user07|functional_action|stair_ascent|A3,user07,train,functional_action,stair_ascent,Stair Ascent,A3,released,,data/trials/user07/functional_action/stair_ascent/A3.npz,22882.0,14301.0,1288.0,14.301224708557127,True,3.0,"[1.8021275997161865,5.843615531921387,9.892080545425415]",False
user07|functional_action|stair_ascent|A4,user07,train,functional_action,stair_ascent,Stair Ascent,A4,released,,data/trials/user07/functional_action/stair_ascent/A4.npz,22851.0,14282.0,1286.0,14.281584978103638,True,3.0,"[1.8306987285614014,5.8682026863098145,9.921250820159912]",False
user07|functional_action|stand_sit_transition|A1,user07,train,functional_action,stand_sit_transition,Stand-sit transition,A1,released,,data/trials/user07/functional_action/stand_sit_transition/A1.npz,22761.0,14226.0,1281.0,14.225677728652954,True,3.0,"[1.7652246952056885,5.814799785614014,9.759745597839355]",False
user07|functional_action|stand_sit_transition|A2,user07,train,functional_action,stand_sit_transition,Stand-sit transition,A2,released,,data/trials/user07/functional_action/stand_sit_transition/A2.npz,22983.0,14364.0,1293.0,14.364250898361206,True,3.0,"[1.837216854095459,5.883737802505493,9.927685737609863]",False
user07|functional_action|stand_sit_transition|A3,user07,train,functional_action,stand_sit_transition,Stand-sit transition,A3,released,,data/trials/user07/functional_action/stand_sit_transition/A3.npz,22856.0,14285.0,1286.0,14.284878015518188,True,3.0,"[1.7979130744934082,5.851131916046143,9.804452896118164]",False
user07|functional_action|stand_sit_transition|A4,user07,train,functional_action,stand_sit_transition,Stand-sit transition,A4,released,,data/trials/user07/functional_action/stand_sit_transition/A4.npz,22831.0,14270.0,1285.0,14.269593954086304,True,3.0,"[1.8122358322143555,5.848474740982056,9.904196739196777]",False
user07|functional_action|vertical_jump|A1,user07,train,functional_action,vertical_jump,Vertical Jump,A1,released,,data/trials/user07/functional_action/vertical_jump/A1.npz,22915.0,14322.0,1289.0,14.322143077850342,True,3.0,"[1.811189889907837,5.8471457958221436,9.895626783370972]",False
user07|functional_action|vertical_jump|A2,user07,train,functional_action,vertical_jump,Vertical Jump,A2,released,,data/trials/user07/functional_action/vertical_jump/A2.npz,22891.0,14307.0,1288.0,14.307218313217165,True,3.0,"[1.780517339706421,5.827459335327148,9.78427529335022]",False
user07|functional_action|vertical_jump|A3,user07,train,functional_action,vertical_jump,Vertical Jump,A3,released,,data/trials/user07/functional_action/vertical_jump/A3.npz,22907.0,14318.0,1289.0,14.31712818145752,True,3.0,"[1.9705560207366943,6.055540084838867,10.014616966247559]",False
user07|functional_action|vertical_jump|A4,user07,train,functional_action,vertical_jump,Vertical Jump,A4,released,,data/trials/user07/functional_action/vertical_jump/A4.npz,23084.0,14428.0,1299.0,14.428066968917848,True,3.0,"[1.8293118476867676,5.8738038539886475,9.916936874389648]",False
user07|treadmill_walking|treadmill_walking_1_kmh|A1,user07,train,treadmill_walking,treadmill_walking_1_kmh,Walk at 1 km/h,A1,released,,data/trials/user07/treadmill_walking/treadmill_walking_1_kmh/A1.npz,22876.0,14297.0,1287.0,14.29759168624878,True,3.0,"[1.8715074062347412,5.9225075244903564,9.872518539428711]",False
user07|treadmill_walking|treadmill_walking_1_kmh|A2,user07,train,treadmill_walking,treadmill_walking_1_kmh,Walk at 1 km/h,A2,released,,data/trials/user07/treadmill_walking/treadmill_walking_1_kmh/A2.npz,22876.0,14297.0,1287.0,14.297101497650146,True,3.0,"[1.8109934329986572,5.856287479400635,9.900591373443604]",False
user07|treadmill_walking|treadmill_walking_1_kmh|A3,user07,train,treadmill_walking,treadmill_walking_1_kmh,Walk at 1 km/h,A3,released,,data/trials/user07/treadmill_walking/treadmill_walking_1_kmh/A3.npz,22961.0,14351.0,1292.0,14.350926876068115,True,3.0,"[1.8371095657348633,5.871650695800781,9.912303686141968]",False
user07|treadmill_walking|treadmill_walking_1_kmh|A4,user07,train,treadmill_walking,treadmill_walking_1_kmh,Walk at 1 km/h,A4,released,,data/trials/user07/treadmill_walking/treadmill_walking_1_kmh/A4.npz,22915.0,14322.0,1289.0,14.321748733520508,True,3.0,"[1.885009527206421,5.935211420059204,9.977048635482788]",False
user07|treadmill_walking|treadmill_walking_2_kmh|A1,user07,train,treadmill_walking,treadmill_walking_2_kmh,Walk at 2 km/h,A1,released,,data/trials/user07/treadmill_walking/treadmill_walking_2_kmh/A1.npz,23062.0,14414.0,1298.0,14.4139564037323,True,3.0,"[1.8248841762542725,5.863329172134399,9.82392406463623]",False
user07|treadmill_walking|treadmill_walking_2_kmh|A2,user07,train,treadmill_walking,treadmill_walking_2_kmh,Walk at 2 km/h,A2,released,,data/trials/user07/treadmill_walking/treadmill_walking_2_kmh/A2.npz,22909.0,14319.0,1289.0,14.318526983261108,True,3.0,"[1.8594639301300049,5.901461839675903,9.935020923614502]",False
user07|treadmill_walking|treadmill_walking_2_kmh|A3,user07,train,treadmill_walking,treadmill_walking_2_kmh,Walk at 2 km/h,A3,released,,data/trials/user07/treadmill_walking/treadmill_walking_2_kmh/A3.npz,22831.0,14269.0,1285.0,14.269356966018677,True,3.0,"[1.8412299156188965,5.883029937744141,9.923084020614624]",False
user07|treadmill_walking|treadmill_walking_2_kmh|A4,user07,train,treadmill_walking,treadmill_walking_2_kmh,Walk at 2 km/h,A4,released,,data/trials/user07/treadmill_walking/treadmill_walking_2_kmh/A4.npz,22801.0,14251.0,1283.0,14.250591278076172,True,3.0,"[1.7706201076507568,5.818924188613892,9.860126972198486]",False
user07|treadmill_walking|treadmill_walking_3_kmh|A1,user07,train,treadmill_walking,treadmill_walking_3_kmh,Walk at 3 km/h,A1,released,,data/trials/user07/treadmill_walking/treadmill_walking_3_kmh/A1.npz,23011.0,14382.0,1295.0,14.381922721862791,True,3.0,"[1.823840618133545,5.868037462234497,9.821425437927246]",False
user07|treadmill_walking|treadmill_walking_3_kmh|A2,user07,train,treadmill_walking,treadmill_walking_3_kmh,Walk at 3 km/h,A2,released,,data/trials/user07/treadmill_walking/treadmill_walking_3_kmh/A2.npz,23022.0,14388.0,1295.0,14.388559579849243,True,3.0,"[1.8613274097442627,5.897521495819092,9.946932554244995]",False
user07|treadmill_walking|treadmill_walking_3_kmh|A3,user07,train,treadmill_walking,treadmill_walking_3_kmh,Walk at 3 km/h,A3,released,,data/trials/user07/treadmill_walking/treadmill_walking_3_kmh/A3.npz,22905.0,14316.0,1289.0,14.315789699554443,True,3.0,"[1.8437845706939697,5.889475584030151,9.931460618972778]",False
user07|treadmill_walking|treadmill_walking_3_kmh|A4,user07,train,treadmill_walking,treadmill_walking_3_kmh,Walk at 3 km/h,A4,released,,data/trials/user07/treadmill_walking/treadmill_walking_3_kmh/A4.npz,22828.0,14268.0,1285.0,14.267538785934448,True,3.0,"[1.790923833847046,5.840000629425049,9.785927772521973]",False
user07|treadmill_walking|treadmill_walking_4_kmh|A1,user07,train,treadmill_walking,treadmill_walking_4_kmh,Walk at 4 km/h,A1,released,,data/trials/user07/treadmill_walking/treadmill_walking_4_kmh/A1.npz,22974.0,14359.0,1293.0,14.35877513885498,True,3.0,"[1.826667070388794,5.87255597114563,9.821729898452759]",False
user07|treadmill_walking|treadmill_walking_4_kmh|A2,user07,train,treadmill_walking,treadmill_walking_4_kmh,Walk at 4 km/h,A2,released,,data/trials/user07/treadmill_walking/treadmill_walking_4_kmh/A2.npz,22809.0,14256.0,1283.0,14.255597829818726,True,3.0,"[1.8505146503448486,5.894629716873169,9.883180618286133]",False
user07|treadmill_walking|treadmill_walking_4_kmh|A3,user07,train,treadmill_walking,treadmill_walking_4_kmh,Walk at 4 km/h,A3,released,,data/trials/user07/treadmill_walking/treadmill_walking_4_kmh/A3.npz,21818.0,13636.0,1227.0,13.635682106018066,True,3.0,"[1.363840103149414,5.409933090209961,9.452735900878906]",False
user07|treadmill_walking|treadmill_walking_4_kmh|A4,user07,train,treadmill_walking,treadmill_walking_4_kmh,Walk at 4 km/h,A4,released,,data/trials/user07/treadmill_walking/treadmill_walking_4_kmh/A4.npz,22839.0,14275.0,1285.0,14.274522066116331,True,3.0,"[1.8458988666534424,5.893828868865967,9.938010931015015]",False
user07|treadmill_walking|treadmill_walking_5_kmh|A1,user07,train,treadmill_walking,treadmill_walking_5_kmh,Walk at 5 km/h,A1,released,,data/trials/user07/treadmill_walking/treadmill_walking_5_kmh/A1.npz,22862.0,14289.0,1286.0,14.289092063903809,True,3.0,"[1.765044927597046,5.80277681350708,9.84468388557434]",False
user07|treadmill_walking|treadmill_walking_5_kmh|A2,user07,train,treadmill_walking,treadmill_walking_5_kmh,Walk at 5 km/h,A2,released,,data/trials/user07/treadmill_walking/treadmill_walking_5_kmh/A2.npz,22942.0,14339.0,1291.0,14.33869242668152,True,3.0,"[1.8348183631896973,5.915022373199463,9.900458335876465]",False
user07|treadmill_walking|treadmill_walking_5_kmh|A3,user07,train,treadmill_walking,treadmill_walking_5_kmh,Walk at 5 km/h,A3,released,,data/trials/user07/treadmill_walking/treadmill_walking_5_kmh/A3.npz,22851.0,14282.0,1286.0,14.281917333602903,True,3.0,"[1.8343491554260254,5.877630233764648,9.916269063949585]",False
user07|treadmill_walking|treadmill_walking_5_kmh|A4,user07,train,treadmill_walking,treadmill_walking_5_kmh,Walk at 5 km/h,A4,released,,data/trials/user07/treadmill_walking/treadmill_walking_5_kmh/A4.npz,22813.0,14259.0,1284.0,14.258642673492432,True,3.0,"[1.8003475666046143,5.847562551498413,9.797925472259521]",False
user08|functional_action|deadlift|A1,user08,train,functional_action,deadlift,Deadlift,A1,released,,data/trials/user08/functional_action/deadlift/A1.npz,22101.0,13813.0,1244.0,13.813143968582152,True,3.0,"[1.7354018688201904,5.772176742553711,9.81539273262024]",False
user08|functional_action|deadlift|A2,user08,train,functional_action,deadlift,Deadlift,A2,released,,data/trials/user08/functional_action/deadlift/A2.npz,21991.0,13745.0,1237.0,13.744632005691528,True,3.0,"[1.7148699760437012,5.745438814163208,9.785035848617554]",False
user08|functional_action|deadlift|A3,user08,train,functional_action,deadlift,Deadlift,A3,released,,data/trials/user08/functional_action/deadlift/A3.npz,22046.0,13778.0,1241.0,13.778275489807127,True,3.0,"[1.7020213603973389,5.7437872886657715,9.783584356307983]",False
user08|functional_action|deadlift|A4,user08,train,functional_action,deadlift,Deadlift,A4,released,,data/trials/user08/functional_action/deadlift/A4.npz,21833.0,13646.0,1229.0,13.646016597747805,True,3.0,"[1.6903164386749268,5.730236530303955,9.775541543960571]",False
user08|functional_action|deep_squat|A1,user08,train,functional_action,deep_squat,Deep Squat,A1,released,,data/trials/user08/functional_action/deep_squat/A1.npz,22128.0,13831.0,1245.0,13.830178022384644,True,3.0,"[1.7369258403778076,5.766286849975586,9.81353497505188]",False
user08|functional_action|deep_squat|A2,user08,train,functional_action,deep_squat,Deep Squat,A2,released,,data/trials/user08/functional_action/deep_squat/A2.npz,21931.0,13706.0,1234.0,13.706470727920532,True,3.0,"[1.7072076797485352,5.7383387088775635,9.786038637161255]",False
user08|functional_action|deep_squat|A3,user08,train,functional_action,deep_squat,Deep Squat,A3,released,,data/trials/user08/functional_action/deep_squat/A3.npz,21967.0,13729.0,1236.0,13.729480266571043,True,3.0,"[1.6925711631774902,5.736553192138672,9.780288219451904]",False
user08|functional_action|deep_squat|A4,user08,train,functional_action,deep_squat,Deep Squat,A4,released,,data/trials/user08/functional_action/deep_squat/A4.npz,21929.0,13706.0,1234.0,13.70578670501709,True,3.0,"[1.6787745952606201,5.713293552398682,9.707839488983154]",False
user08|functional_action|forward_lunge|A1,user08,train,functional_action,forward_lunge,Forward Lunge,A1,released,,data/trials/user08/functional_action/forward_lunge/A1.npz,22246.0,13904.0,1252.0,13.90357542037964,True,3.0,"[1.7606701850891113,5.800645112991333,9.845513343811035]",False
user08|functional_action|forward_lunge|A2,user08,train,functional_action,forward_lunge,Forward Lunge,A2,released,,data/trials/user08/functional_action/forward_lunge/A2.npz,21942.0,13714.0,1235.0,13.713993072509766,True,3.0,"[1.744210958480835,5.799062013626099,9.736841917037964]",False
user08|functional_action|forward_lunge|A3,user08,train,functional_action,forward_lunge,Forward Lunge,A3,released,,data/trials/user08/functional_action/forward_lunge/A3.npz,22047.0,13780.0,1241.0,13.7793231010437,True,3.0,"[1.7576870918273926,5.788891077041626,9.772459983825684]",False
user08|functional_action|forward_lunge|A4,user08,train,functional_action,forward_lunge,Forward Lunge,A4,released,,data/trials/user08/functional_action/forward_lunge/A4.npz,21958.0,13724.0,1236.0,13.723652362823486,True,3.0,"[1.6992571353912354,5.755529165267944,9.704100131988525]",False
user08|functional_action|heel_raise|A1,user08,train,functional_action,heel_raise,Heel Raise,A1,released,,data/trials/user08/functional_action/heel_raise/A1.npz,21978.0,13736.0,1237.0,13.736206769943236,True,3.0,"[1.677858829498291,5.715516805648804,9.759623765945435]",False
user08|functional_action|heel_raise|A2,user08,train,functional_action,heel_raise,Heel Raise,A2,released,,data/trials/user08/functional_action/heel_raise/A2.npz,22010.0,13757.0,1239.0,13.756459951400757,True,3.0,"[1.7243127822875977,5.768180847167969,9.807264804840088]",False
user08|functional_action|heel_raise|A3,user08,train,functional_action,heel_raise,Heel Raise,A3,released,,data/trials/user08/functional_action/heel_raise/A3.npz,21874.0,13671.0,1231.0,13.671330690383911,True,3.0,"[1.723461627960205,5.763268709182739,9.805909633636475]",False
user08|functional_action|heel_raise|A4,user08,train,functional_action,heel_raise,Heel Raise,A4,released,,data/trials/user08/functional_action/heel_raise/A4.npz,21997.0,13749.0,1238.0,13.748148202896118,True,3.0,"[1.7340240478515625,5.802207946777344,9.73382306098938]",False
user08|functional_action|left_lunge|A1,user08,train,functional_action,left_lunge,Left Lunge,A1,released,,data/trials/user08/functional_action/left_lunge/A1.npz,22116.0,13823.0,1245.0,13.82264757156372,True,3.0,"[1.7580335140228271,5.795120477676392,9.834566593170166]",False
user08|functional_action|left_lunge|A2,user08,train,functional_action,left_lunge,Left Lunge,A2,released,,data/trials/user08/functional_action/left_lunge/A2.npz,21968.0,13730.0,1236.0,13.729875087738035,True,3.0,"[1.827847957611084,5.8783838748931885,9.92074704170227]",False
user08|functional_action|left_lunge|A3,user08,train,functional_action,left_lunge,Left Lunge,A3,released,,data/trials/user08/functional_action/left_lunge/A3.npz,21900.0,13687.0,1232.0,13.687451601028442,True,3.0,"[1.669600486755371,5.707873582839966,9.751694440841675]",False
user08|functional_action|left_lunge|A4,user08,train,functional_action,left_lunge,Left Lunge,A4,released,,data/trials/user08/functional_action/left_lunge/A4.npz,22067.0,13791.0,1242.0,13.791725635528564,True,3.0,"[1.7625665664672852,5.792746543884277,9.840282678604126]",False
user08|functional_action|quiet_sit|A1,user08,train,functional_action,quiet_sit,Quiet Sit,A1,released,,data/trials/user08/functional_action/quiet_sit/A1.npz,21986.0,13742.0,1237.0,13.741279125213625,True,3.0,"[1.6823029518127441,5.718585014343262,9.758514881134033]",False
user08|functional_action|quiet_sit|A2,user08,train,functional_action,quiet_sit,Quiet Sit,A2,released,,data/trials/user08/functional_action/quiet_sit/A2.npz,22082.0,13801.0,1243.0,13.801303386688232,True,3.0,"[1.7971751689910889,5.842458248138428,9.883554220199585]",False
user08|functional_action|quiet_sit|A3,user08,train,functional_action,quiet_sit,Quiet Sit,A3,released,,data/trials/user08/functional_action/quiet_sit/A3.npz,22001.0,13751.0,1238.0,13.75066065788269,True,3.0,"[1.704113483428955,5.7444305419921875,9.789626598358154]",False
user08|functional_action|quiet_sit|A4,user08,train,functional_action,quiet_sit,Quiet Sit,A4,released,,data/trials/user08/functional_action/quiet_sit/A4.npz,22047.0,13780.0,1241.0,13.779445886611938,True,3.0,"[1.7297606468200684,5.7720947265625,9.750068664550781]",False
user08|functional_action|quiet_stand|A1,user08,train,functional_action,quiet_stand,Quiet Stand,A1,released,,data/trials/user08/functional_action/quiet_stand/A1.npz,22097.0,13811.0,1243.0,13.810758113861084,True,3.0,"[1.7294249534606934,5.758129835128784,9.794104814529419]",False
user08|functional_action|quiet_stand|A2,user08,train,functional_action,quiet_stand,Quiet Stand,A2,released,,data/trials/user08/functional_action/quiet_stand/A2.npz,21888.0,13680.0,1232.0,13.680124521255491,True,3.0,"[1.766911268234253,5.798802375793457,9.834718227386475]",False
user08|functional_action|quiet_stand|A3,user08,train,functional_action,quiet_stand,Quiet Stand,A3,released,,data/trials/user08/functional_action/quiet_stand/A3.npz,22010.0,13756.0,1239.0,13.756269931793211,True,3.0,"[1.6863219738006592,5.719489812850952,9.757982969284058]",False
user08|functional_action|quiet_stand|A4,user08,train,functional_action,quiet_stand,Quiet Stand,A4,released,,data/trials/user08/functional_action/quiet_stand/A4.npz,21977.0,13735.0,1237.0,13.73567032814026,True,3.0,"[1.714109182357788,5.747269153594971,9.782187223434448]",False
user08|functional_action|single_leg_stance|A1,user08,train,functional_action,single_leg_stance,Single-leg Stance,A1,released,,data/trials/user08/functional_action/single_leg_stance/A1.npz,21950.0,13719.0,1235.0,13.71859645843506,True,3.0,"[1.7182142734527588,5.762463331222534,9.790643453598022]",False
user08|functional_action|single_leg_stance|A2,user08,train,functional_action,single_leg_stance,Single-leg Stance,A2,released,,data/trials/user08/functional_action/single_leg_stance/A2.npz,22012.0,13758.0,1239.0,13.75720238685608,True,3.0,"[1.9346423149108887,5.972301244735718,10.02187728881836]",False
user08|functional_action|single_leg_stance|A3,user08,train,functional_action,single_leg_stance,Single-leg Stance,A3,released,,data/trials/user08/functional_action/single_leg_stance/A3.npz,22006.0,13754.0,1238.0,13.75355315208435,True,3.0,"[1.7449722290039062,5.78838324546814,9.83572506904602]",False
user08|functional_action|single_leg_stance|A4,user08,train,functional_action,single_leg_stance,Single-leg Stance,A4,released,,data/trials/user08/functional_action/single_leg_stance/A4.npz,21957.0,13723.0,1236.0,13.72329044342041,True,3.0,"[1.691049337387085,5.768777132034302,9.708640336990356]",False
user08|functional_action|stair_ascent|A1,user08,train,functional_action,stair_ascent,Stair Ascent,A1,released,,data/trials/user08/functional_action/stair_ascent/A1.npz,22001.0,13750.0,1238.0,13.750311851501465,True,3.0,"[1.6649277210235596,5.712386846542358,9.746159791946411]",False
user08|functional_action|stair_ascent|A2,user08,train,functional_action,stair_ascent,Stair Ascent,A2,released,,data/trials/user08/functional_action/stair_ascent/A2.npz,22053.0,13783.0,1241.0,13.783337831497192,True,3.0,"[1.711106777191162,5.744592666625977,9.736934661865234]",False
user08|functional_action|stair_ascent|A3,user08,train,functional_action,stair_ascent,Stair Ascent,A3,released,,data/trials/user08/functional_action/stair_ascent/A3.npz,22126.0,13829.0,1245.0,13.82902216911316,True,3.0,"[1.7123441696166992,5.753090143203735,9.799724102020264]",False
user08|functional_action|stair_ascent|A4,user08,train,functional_action,stair_ascent,Stair Ascent,A4,released,,data/trials/user08/functional_action/stair_ascent/A4.npz,22004.0,13752.0,1238.0,13.75239610671997,True,3.0,"[1.7033178806304932,5.7362449169158936,9.782818794250488]",False
user08|functional_action|stand_sit_transition|A1,user08,train,functional_action,stand_sit_transition,Stand-sit transition,A1,released,,data/trials/user08/functional_action/stand_sit_transition/A1.npz,22116.0,13823.0,1245.0,13.822675466537476,True,3.0,"[1.736969232559204,5.764253377914429,9.805094242095947]",False
user08|functional_action|stand_sit_transition|A2,user08,train,functional_action,stand_sit_transition,Stand-sit transition,A2,released,,data/trials/user08/functional_action/stand_sit_transition/A2.npz,21961.0,13726.0,1236.0,13.725892066955566,True,3.0,"[1.7111048698425293,5.756685972213745,9.794418811798096]",False
user08|functional_action|stand_sit_transition|A3,user08,train,functional_action,stand_sit_transition,Stand-sit transition,A3,released,,data/trials/user08/functional_action/stand_sit_transition/A3.npz,21925.0,13703.0,1234.0,13.702990293502808,True,3.0,"[1.7637722492218018,5.813051223754883,9.75583529472351]",False
user08|functional_action|stand_sit_transition|A4,user08,train,functional_action,stand_sit_transition,Stand-sit transition,A4,released,,data/trials/user08/functional_action/stand_sit_transition/A4.npz,22142.0,13839.0,1246.0,13.838457107543944,True,3.0,"[1.735795021057129,5.806931018829346,9.758486032485962]",False
user08|functional_action|vertical_jump|A1,user08,train,functional_action,vertical_jump,Vertical Jump,A1,released,,data/trials/user08/functional_action/vertical_jump/A1.npz,21972.0,13733.0,1236.0,13.732707738876345,True,3.0,"[1.7409546375274658,5.775534629821777,9.822174787521362]",False
user08|functional_action|vertical_jump|A2,user08,train,functional_action,vertical_jump,Vertical Jump,A2,released,,data/trials/user08/functional_action/vertical_jump/A2.npz,22071.0,13794.0,1242.0,13.793923377990724,True,3.0,"[1.748934268951416,5.7902772426605225,9.82519006729126]",False
user08|functional_action|vertical_jump|A3,user08,train,functional_action,vertical_jump,Vertical Jump,A3,released,,data/trials/user08/functional_action/vertical_jump/A3.npz,21956.0,13722.0,1236.0,13.722554206848145,True,3.0,"[1.7025282382965088,5.742315292358398,9.791710138320923]",False
user08|functional_action|vertical_jump|A4,user08,train,functional_action,vertical_jump,Vertical Jump,A4,released,,data/trials/user08/functional_action/vertical_jump/A4.npz,21934.0,13709.0,1234.0,13.709046840667725,True,3.0,"[1.7410516738891602,5.7849977016448975,9.831481695175171]",False
user08|treadmill_walking|treadmill_walking_1_kmh|A1,user08,train,treadmill_walking,treadmill_walking_1_kmh,Walk at 1 km/h,A1,released,,data/trials/user08/treadmill_walking/treadmill_walking_1_kmh/A1.npz,21918.0,13699.0,1233.0,13.698358297348022,True,3.0,"[1.7828190326690674,5.83312201499939,9.783805131912231]",False
user08|treadmill_walking|treadmill_walking_1_kmh|A2,user08,train,treadmill_walking,treadmill_walking_1_kmh,Walk at 1 km/h,A2,released,,data/trials/user08/treadmill_walking/treadmill_walking_1_kmh/A2.npz,21932.0,13708.0,1234.0,13.707648754119871,True,3.0,"[1.9011547565460205,5.946505546569824,9.98862075805664]",False
user08|treadmill_walking|treadmill_walking_1_kmh|A3,user08,train,treadmill_walking,treadmill_walking_1_kmh,Walk at 1 km/h,A3,released,,data/trials/user08/treadmill_walking/treadmill_walking_1_kmh/A3.npz,21893.0,13683.0,1232.0,13.68333625793457,True,3.0,"[1.724499225616455,5.7592902183532715,9.801810026168823]",False
user08|treadmill_walking|treadmill_walking_1_kmh|A4,user08,train,treadmill_walking,treadmill_walking_1_kmh,Walk at 1 km/h,A4,released,,data/trials/user08/treadmill_walking/treadmill_walking_1_kmh/A4.npz,21951.0,13719.0,1235.0,13.719060182571411,True,3.0,"[1.7026920318603516,5.745418071746826,9.77983808517456]",False
user08|treadmill_walking|treadmill_walking_2_kmh|A1,user08,train,treadmill_walking,treadmill_walking_2_kmh,Walk at 2 km/h,A1,released,,data/trials/user08/treadmill_walking/treadmill_walking_2_kmh/A1.npz,21948.0,13718.0,1235.0,13.717395305633543,True,3.0,"[1.7959463596343994,5.826512336730957,9.855360269546509]",False
user08|treadmill_walking|treadmill_walking_2_kmh|A2,user08,train,treadmill_walking,treadmill_walking_2_kmh,Walk at 2 km/h,A2,released,,data/trials/user08/treadmill_walking/treadmill_walking_2_kmh/A2.npz,21928.0,13705.0,1234.0,13.70470905303955,True,3.0,"[1.8751389980316162,5.913264989852905,9.954807996749878]",False
user08|treadmill_walking|treadmill_walking_2_kmh|A3,user08,train,treadmill_walking,treadmill_walking_2_kmh,Walk at 2 km/h,A3,released,,data/trials/user08/treadmill_walking/treadmill_walking_2_kmh/A3.npz,22086.0,13804.0,1243.0,13.803608179092407,True,3.0,"[1.827747106552124,5.869342088699341,9.904995203018188]",False
user08|treadmill_walking|treadmill_walking_2_kmh|A4,user08,train,treadmill_walking,treadmill_walking_2_kmh,Walk at 2 km/h,A4,released,,data/trials/user08/treadmill_walking/treadmill_walking_2_kmh/A4.npz,22042.0,13776.0,1240.0,13.77623176574707,True,3.0,"[1.728027582168579,5.761978626251221,9.802955627441406]",False
user08|treadmill_walking|treadmill_walking_3_kmh|A1,user08,train,treadmill_walking,treadmill_walking_3_kmh,Walk at 3 km/h,A1,released,,data/trials/user08/treadmill_walking/treadmill_walking_3_kmh/A1.npz,21860.0,13662.0,1230.0,13.662054300308228,True,3.0,"[1.6997010707855225,5.734086275100708,9.780901193618774]",False
user08|treadmill_walking|treadmill_walking_3_kmh|A2,user08,train,treadmill_walking,treadmill_walking_3_kmh,Walk at 3 km/h,A2,released,,data/trials/user08/treadmill_walking/treadmill_walking_3_kmh/A2.npz,21983.0,13740.0,1237.0,13.739498615264893,True,3.0,"[1.7864735126495361,5.827443599700928,9.871737718582153]",False
user08|treadmill_walking|treadmill_walking_3_kmh|A3,user08,train,treadmill_walking,treadmill_walking_3_kmh,Walk at 3 km/h,A3,released,,data/trials/user08/treadmill_walking/treadmill_walking_3_kmh/A3.npz,22041.0,13775.0,1240.0,13.775707006454468,True,3.0,"[1.7996540069580078,5.837802886962891,9.872060060501099]",False
user08|treadmill_walking|treadmill_walking_3_kmh|A4,user08,train,treadmill_walking,treadmill_walking_3_kmh,Walk at 3 km/h,A4,released,,data/trials/user08/treadmill_walking/treadmill_walking_3_kmh/A4.npz,21793.0,13621.0,1226.0,13.620692014694214,True,3.0,"[1.7734019756317139,5.809297800064087,9.854388952255249]",False
user08|treadmill_walking|treadmill_walking_4_kmh|A1,user08,train,treadmill_walking,treadmill_walking_4_kmh,Walk at 4 km/h,A1,released,,data/trials/user08/treadmill_walking/treadmill_walking_4_kmh/A1.npz,22067.0,13791.0,1242.0,13.791596174240112,True,3.0,"[1.7514910697937012,5.793015003204346,9.831238031387329]",False
user08|treadmill_walking|treadmill_walking_4_kmh|A2,user08,train,treadmill_walking,treadmill_walking_4_kmh,Walk at 4 km/h,A2,released,,data/trials/user08/treadmill_walking/treadmill_walking_4_kmh/A2.npz,21909.0,13693.0,1233.0,13.692782163619995,True,3.0,"[1.8130831718444824,5.8476881980896,9.877533197402954]",False
user08|treadmill_walking|treadmill_walking_4_kmh|A3,user08,train,treadmill_walking,treadmill_walking_4_kmh,Walk at 4 km/h,A3,released,,data/trials/user08/treadmill_walking/treadmill_walking_4_kmh/A3.npz,22009.0,13756.0,1239.0,13.755686283111572,True,3.0,"[1.7482001781463623,5.785644054412842,9.823543071746826]",False
user08|treadmill_walking|treadmill_walking_4_kmh|A4,user08,train,treadmill_walking,treadmill_walking_4_kmh,Walk at 4 km/h,A4,released,,data/trials/user08/treadmill_walking/treadmill_walking_4_kmh/A4.npz,21842.0,13651.0,1229.0,13.651301622390749,True,3.0,"[1.6584105491638184,5.696531534194946,9.742250442504883]",False
user08|treadmill_walking|treadmill_walking_5_kmh|A1,user08,train,treadmill_walking,treadmill_walking_5_kmh,Walk at 5 km/h,A1,released,,data/trials/user08/treadmill_walking/treadmill_walking_5_kmh/A1.npz,22041.0,13775.0,1240.0,13.775715112686155,True,3.0,"[1.7233378887176514,5.76193380355835,9.789833784103394]",False
user08|treadmill_walking|treadmill_walking_5_kmh|A2,user08,train,treadmill_walking,treadmill_walking_5_kmh,Walk at 5 km/h,A2,released,,data/trials/user08/treadmill_walking/treadmill_walking_5_kmh/A2.npz,21981.0,13739.0,1237.0,13.738045454025269,True,3.0,"[1.7168114185333252,5.762677192687988,9.795821189880371]",False
user08|treadmill_walking|treadmill_walking_5_kmh|A3,user08,train,treadmill_walking,treadmill_walking_5_kmh,Walk at 5 km/h,A3,released,,data/trials/user08/treadmill_walking/treadmill_walking_5_kmh/A3.npz,21840.0,13650.0,1229.0,13.649796962738035,True,3.0,"[1.7409698963165283,5.778135061264038,9.813534021377563]",False
user08|treadmill_walking|treadmill_walking_5_kmh|A4,user08,train,treadmill_walking,treadmill_walking_5_kmh,Walk at 5 km/h,A4,released,,data/trials/user08/treadmill_walking/treadmill_walking_5_kmh/A4.npz,21998.0,13748.0,1238.0,13.7482750415802,True,3.0,"[1.7463717460632324,5.788885831832886,9.8211829662323]",False
user09|functional_action|deadlift|A1,user09,train,functional_action,deadlift,Deadlift,A1,released,,data/trials/user09/functional_action/deadlift/A1.npz,22100.0,13813.0,1244.0,13.812385320663452,True,3.0,"[1.725865125656128,5.771404266357422,9.816179275512695]",False
user09|functional_action|deadlift|A2,user09,train,functional_action,deadlift,Deadlift,A2,released,,data/trials/user09/functional_action/deadlift/A2.npz,22267.0,13916.0,1253.0,13.91655683517456,True,3.0,"[1.7462327480316162,5.792656660079956,9.83972978591919]",False
user09|functional_action|deadlift|A3,user09,train,functional_action,deadlift,Deadlift,A3,released,,data/trials/user09/functional_action/deadlift/A3.npz,22348.0,13967.0,1257.0,13.96736454963684,True,3.0,"[1.8592453002929688,5.890065431594849,9.930959463119507]",False
user09|functional_action|deadlift|A4,user09,train,functional_action,deadlift,Deadlift,A4,released,,data/trials/user09/functional_action/deadlift/A4.npz,22357.0,13972.0,1258.0,13.972913980484009,True,3.0,"[1.8921988010406494,5.923921823501587,9.962812900543213]",False
user09|functional_action|deep_squat|A1,user09,train,functional_action,deep_squat,Deep Squat,A1,released,,data/trials/user09/functional_action/deep_squat/A1.npz,22276.0,13922.0,1253.0,13.922227382659912,True,3.0,"[1.6910812854766846,5.729039192199707,9.770302295684814]",False
user09|functional_action|deep_squat|A2,user09,train,functional_action,deep_squat,Deep Squat,A2,released,,data/trials/user09/functional_action/deep_squat/A2.npz,22283.0,13928.0,1254.0,13.927066087722778,True,3.0,"[1.7407348155975342,5.795506000518799,9.741837978363037]",False
user09|functional_action|deep_squat|A3,user09,train,functional_action,deep_squat,Deep Squat,A3,released,,data/trials/user09/functional_action/deep_squat/A3.npz,22419.0,14012.0,1261.0,14.01209568977356,True,3.0,"[1.89451265335083,5.932466745376587,9.978400707244873]",False
user09|functional_action|deep_squat|A4,user09,train,functional_action,deep_squat,Deep Squat,A4,released,,data/trials/user09/functional_action/deep_squat/A4.npz,22256.0,13910.0,1252.0,13.910168170928957,True,3.0,"[1.7140910625457764,5.7505810260772705,9.794591188430786]",False
user09|functional_action|forward_lunge|A1,user09,train,functional_action,forward_lunge,Forward Lunge,A1,released,,data/trials/user09/functional_action/forward_lunge/A1.npz,22190.0,13869.0,1249.0,13.869159936904907,True,3.0,"[1.7776618003845215,5.815049886703491,9.855823993682861]",False
user09|functional_action|forward_lunge|A2,user09,train,functional_action,forward_lunge,Forward Lunge,A2,released,,data/trials/user09/functional_action/forward_lunge/A2.npz,22387.0,13992.0,1260.0,13.991637468338013,True,3.0,"[1.825120210647583,5.862460136413574,9.902566194534302]",False
user09|functional_action|forward_lunge|A3,user09,train,functional_action,forward_lunge,Forward Lunge,A3,released,,data/trials/user09/functional_action/forward_lunge/A3.npz,22293.0,13933.0,1254.0,13.932699203491213,True,3.0,"[1.740767002105713,5.777135133743286,9.826253175735474]",False
user09|functional_action|forward_lunge|A4,user09,train,functional_action,forward_lunge,Forward Lunge,A4,released,,data/trials/user09/functional_action/forward_lunge/A4.npz,22313.0,13946.0,1256.0,13.946030139923096,True,3.0,"[1.7537109851837158,5.786091089248657,9.820194005966187]",False
user09|functional_action|heel_raise|A1,user09,train,functional_action,heel_raise,Heel Raise,A1,released,,data/trials/user09/functional_action/heel_raise/A1.npz,22279.0,13924.0,1254.0,13.924072265625,True,3.0,"[1.7205471992492676,5.7565062046051025,9.788344144821167]",False
user09|functional_action|heel_raise|A2,user09,train,functional_action,heel_raise,Heel Raise,A2,released,,data/trials/user09/functional_action/heel_raise/A2.npz,22247.0,13904.0,1252.0,13.903958320617676,True,3.0,"[1.7124803066253662,5.752175331115723,9.801279306411743]",False
user09|functional_action|heel_raise|A3,user09,train,functional_action,heel_raise,Heel Raise,A3,released,,data/trials/user09/functional_action/heel_raise/A3.npz,22246.0,13904.0,1252.0,13.90390968322754,True,3.0,"[1.740588665008545,5.770106554031372,9.813170671463013]",False
user09|functional_action|heel_raise|A4,user09,train,functional_action,heel_raise,Heel Raise,A4,released,,data/trials/user09/functional_action/heel_raise/A4.npz,22402.0,14001.0,1261.0,14.00147557258606,True,3.0,"[1.8781895637512207,5.926698446273804,9.966928482055664]",False
user09|functional_action|left_lunge|A1,user09,train,functional_action,left_lunge,Left Lunge,A1,released,,data/trials/user09/functional_action/left_lunge/A1.npz,22141.0,13838.0,1246.0,13.837976217269896,True,3.0,"[1.7539730072021484,5.787158966064453,9.842647075653076]",False
user09|functional_action|left_lunge|A2,user09,train,functional_action,left_lunge,Left Lunge,A2,released,,data/trials/user09/functional_action/left_lunge/A2.npz,22341.0,13964.0,1257.0,13.963322401046751,True,3.0,"[1.8312804698944092,5.864731311798096,9.916025400161743]",False
user09|functional_action|left_lunge|A3,user09,train,functional_action,left_lunge,Left Lunge,A3,released,,data/trials/user09/functional_action/left_lunge/A3.npz,22260.0,13912.0,1253.0,13.912333250045776,True,3.0,"[1.7400140762329102,5.780126094818115,9.82733702659607]",False
user09|functional_action|left_lunge|A4,user09,train,functional_action,left_lunge,Left Lunge,A4,released,,data/trials/user09/functional_action/left_lunge/A4.npz,22252.0,13907.0,1252.0,13.907474517822266,True,3.0,"[1.7439854145050049,5.77025032043457,9.814274311065674]",False
user09|functional_action|quiet_sit|A1,user09,train,functional_action,quiet_sit,Quiet Sit,A1,released,,data/trials/user09/functional_action/quiet_sit/A1.npz,22351.0,13969.0,1257.0,13.969205141067505,True,3.0,"[1.7430140972137451,5.797228097915649,9.739373207092285]",False
user09|functional_action|quiet_sit|A2,user09,train,functional_action,quiet_sit,Quiet Sit,A2,released,,data/trials/user09/functional_action/quiet_sit/A2.npz,22211.0,13882.0,1250.0,13.88231348991394,True,3.0,"[1.7173824310302734,5.749178409576416,9.783167362213135]",False
user09|functional_action|quiet_sit|A3,user09,train,functional_action,quiet_sit,Quiet Sit,A3,released,,data/trials/user09/functional_action/quiet_sit/A3.npz,22334.0,13958.0,1257.0,13.95841908454895,True,3.0,"[1.753288984298706,5.781033992767334,9.817043781280518]",False
user09|functional_action|quiet_sit|A4,user09,train,functional_action,quiet_sit,Quiet Sit,A4,released,,data/trials/user09/functional_action/quiet_sit/A4.npz,22317.0,13948.0,1256.0,13.948036670684814,True,3.0,"[1.761002540588379,5.79431939125061,9.827662467956543]",False
user09|functional_action|quiet_stand|A1,user09,train,functional_action,quiet_stand,Quiet Stand,A1,released,,data/trials/user09/functional_action/quiet_stand/A1.npz,22315.0,13947.0,1256.0,13.947142362594604,True,3.0,"[1.7582392692565918,5.810119390487671,9.761956453323364]",False
user09|functional_action|quiet_stand|A2,user09,train,functional_action,quiet_stand,Quiet Stand,A2,released,,data/trials/user09/functional_action/quiet_stand/A2.npz,22383.0,13989.0,1259.0,13.988878965377808,True,3.0,"[1.7545249462127686,5.79365873336792,9.828268766403198]",False
user09|functional_action|quiet_stand|A3,user09,train,functional_action,quiet_stand,Quiet Stand,A3,released,,data/trials/user09/functional_action/quiet_stand/A3.npz,22236.0,13898.0,1251.0,13.897571802139282,True,3.0,"[1.7276926040649414,5.759802579879761,9.804792642593384]",False
user09|functional_action|quiet_stand|A4,user09,train,functional_action,quiet_stand,Quiet Stand,A4,released,,data/trials/user09/functional_action/quiet_stand/A4.npz,22395.0,13997.0,1260.0,13.996913433074951,True,3.0,"[1.7481842041015625,5.790478229522705,9.828118324279785]",False
user09|functional_action|single_leg_stance|A1,user09,train,functional_action,single_leg_stance,Single-leg Stance,A1,released,,data/trials/user09/functional_action/single_leg_stance/A1.npz,22213.0,13883.0,1250.0,13.883064985275269,True,3.0,"[1.8532319068908691,5.8874828815460205,9.933334827423096]",False
user09|functional_action|single_leg_stance|A2,user09,train,functional_action,single_leg_stance,Single-leg Stance,A2,released,,data/trials/user09/functional_action/single_leg_stance/A2.npz,22277.0,13924.0,1253.0,13.923284769058228,True,3.0,"[1.7834205627441406,5.846032619476318,9.784916639328003]",False
user09|functional_action|single_leg_stance|A3,user09,train,functional_action,single_leg_stance,Single-leg Stance,A3,released,,data/trials/user09/functional_action/single_leg_stance/A3.npz,22298.0,13936.0,1255.0,13.936601400375366,True,3.0,"[1.8292593955993652,5.89174747467041,9.832437515258789]",False
user09|functional_action|single_leg_stance|A4,user09,train,functional_action,single_leg_stance,Single-leg Stance,A4,released,,data/trials/user09/functional_action/single_leg_stance/A4.npz,22266.0,13917.0,1253.0,13.91648554801941,True,3.0,"[1.7482554912567139,5.773841381072998,9.820346355438232]",False
user09|functional_action|stair_ascent|A1,user09,train,functional_action,stair_ascent,Stair Ascent,A1,released,,data/trials/user09/functional_action/stair_ascent/A1.npz,22122.0,13826.0,1245.0,13.826085090637209,True,3.0,"[1.7068219184875488,5.7466208934783936,9.78255581855774]",False
user09|functional_action|stair_ascent|A2,user09,train,functional_action,stair_ascent,Stair Ascent,A2,released,,data/trials/user09/functional_action/stair_ascent/A2.npz,22196.0,13872.0,1249.0,13.872378826141356,True,3.0,"[1.85239577293396,5.893948793411255,9.939580917358398]",False
user09|functional_action|stair_ascent|A3,user09,train,functional_action,stair_ascent,Stair Ascent,A3,released,,data/trials/user09/functional_action/stair_ascent/A3.npz,22217.0,13885.0,1250.0,13.885398864746094,True,3.0,"[1.8246755599975586,5.864635705947876,9.853013753890991]",False
user09|functional_action|stair_ascent|A4,user09,train,functional_action,stair_ascent,Stair Ascent,A4,released,,data/trials/user09/functional_action/stair_ascent/A4.npz,22265.0,13916.0,1253.0,13.915589809417725,True,3.0,"[1.852003812789917,5.891145706176758,9.934021711349487]",False
user09|functional_action|stand_sit_transition|A1,user09,train,functional_action,stand_sit_transition,Stand-sit transition,A1,released,,data/trials/user09/functional_action/stand_sit_transition/A1.npz,22234.0,13896.0,1251.0,13.89635705947876,True,3.0,"[1.8021810054779053,5.834551811218262,9.890522956848145]",False
user09|functional_action|stand_sit_transition|A2,user09,train,functional_action,stand_sit_transition,Stand-sit transition,A2,released,,data/trials/user09/functional_action/stand_sit_transition/A2.npz,22225.0,13891.0,1251.0,13.890713214874268,True,3.0,"[1.7125880718231201,5.754534006118774,9.796793937683105]",False
user09|functional_action|stand_sit_transition|A3,user09,train,functional_action,stand_sit_transition,Stand-sit transition,A3,released,,data/trials/user09/functional_action/stand_sit_transition/A3.npz,22408.0,14005.0,1261.0,14.005149126052856,True,3.0,"[1.8956589698791504,5.938145875930786,9.978914976119995]",False
user09|functional_action|stand_sit_transition|A4,user09,train,functional_action,stand_sit_transition,Stand-sit transition,A4,released,,data/trials/user09/functional_action/stand_sit_transition/A4.npz,22237.0,13898.0,1251.0,13.897818565368652,True,3.0,"[1.7262163162231445,5.761801481246948,9.797135353088379]",False
user09|functional_action|vertical_jump|A1,user09,train,functional_action,vertical_jump,Vertical Jump,A1,released,,data/trials/user09/functional_action/vertical_jump/A1.npz,22169.0,13855.0,1247.0,13.855377435684204,True,3.0,"[1.7080214023590088,5.758591413497925,9.717262268066406]",False
user09|functional_action|vertical_jump|A2,user09,train,functional_action,vertical_jump,Vertical Jump,A2,released,,data/trials/user09/functional_action/vertical_jump/A2.npz,22368.0,13979.0,1259.0,13.979419708251951,True,3.0,"[1.8244967460632324,5.864102602005005,9.906840562820435]",False
user09|functional_action|vertical_jump|A3,user09,train,functional_action,vertical_jump,Vertical Jump,A3,released,,data/trials/user09/functional_action/vertical_jump/A3.npz,22219.0,13887.0,1250.0,13.886821746826172,True,3.0,"[1.824129581451416,5.850102663040161,9.89223051071167]",False
user09|functional_action|vertical_jump|A4,user09,train,functional_action,vertical_jump,Vertical Jump,A4,released,,data/trials/user09/functional_action/vertical_jump/A4.npz,22357.0,13973.0,1258.0,13.972988843917848,True,3.0,"[1.7372546195983887,5.760802745819092,9.801344633102417]",False
user09|treadmill_walking|treadmill_walking_1_kmh|A1,user09,train,treadmill_walking,treadmill_walking_1_kmh,Walk at 1 km/h,A1,released,,data/trials/user09/treadmill_walking/treadmill_walking_1_kmh/A1.npz,22219.0,13887.0,1250.0,13.886471033096312,True,3.0,"[1.8158800601959229,5.856217861175537,9.891375064849854]",False
user09|treadmill_walking|treadmill_walking_1_kmh|A2,user09,train,treadmill_walking,treadmill_walking_1_kmh,Walk at 1 km/h,A2,released,,data/trials/user09/treadmill_walking/treadmill_walking_1_kmh/A2.npz,22211.0,13882.0,1250.0,13.88211464881897,True,3.0,"[1.7654833793640137,5.796375513076782,9.773405313491821]",False
user09|treadmill_walking|treadmill_walking_1_kmh|A3,user09,train,treadmill_walking,treadmill_walking_1_kmh,Walk at 1 km/h,A3,released,,data/trials/user09/treadmill_walking/treadmill_walking_1_kmh/A3.npz,22114.0,13822.0,1244.0,13.821760177612305,True,3.0,"[1.8559401035308838,5.889549016952515,9.921564102172852]",False
user09|treadmill_walking|treadmill_walking_1_kmh|A4,user09,train,treadmill_walking,treadmill_walking_1_kmh,Walk at 1 km/h,A4,released,,data/trials/user09/treadmill_walking/treadmill_walking_1_kmh/A4.npz,22262.0,13914.0,1253.0,13.913960695266724,True,3.0,"[1.8666605949401855,5.897221803665161,9.92802381515503]",False
user09|treadmill_walking|treadmill_walking_2_kmh|A1,user09,train,treadmill_walking,treadmill_walking_2_kmh,Walk at 2 km/h,A1,released,,data/trials/user09/treadmill_walking/treadmill_walking_2_kmh/A1.npz,22196.0,13872.0,1249.0,13.872645616531372,True,3.0,"[1.7475006580352783,5.786526679992676,9.815280675888062]",False
user09|treadmill_walking|treadmill_walking_2_kmh|A2,user09,train,treadmill_walking,treadmill_walking_2_kmh,Walk at 2 km/h,A2,released,,data/trials/user09/treadmill_walking/treadmill_walking_2_kmh/A2.npz,22268.0,13917.0,1253.0,13.91711950302124,True,3.0,"[1.8225183486938477,5.859879493713379,9.899331331253052]",False
user09|treadmill_walking|treadmill_walking_2_kmh|A3,user09,train,treadmill_walking,treadmill_walking_2_kmh,Walk at 2 km/h,A3,released,,data/trials/user09/treadmill_walking/treadmill_walking_2_kmh/A3.npz,22215.0,13885.0,1250.0,13.884402513504028,True,3.0,"[1.737020492553711,5.778751373291016,9.810653448104858]",False
user09|treadmill_walking|treadmill_walking_2_kmh|A4,user09,train,treadmill_walking,treadmill_walking_2_kmh,Walk at 2 km/h,A4,released,,data/trials/user09/treadmill_walking/treadmill_walking_2_kmh/A4.npz,22201.0,13876.0,1249.0,13.875745058059692,True,3.0,"[1.7134909629821777,5.746017932891846,9.787417888641357]",False
user09|treadmill_walking|treadmill_walking_3_kmh|A1,user09,train,treadmill_walking,treadmill_walking_3_kmh,Walk at 3 km/h,A1,released,,data/trials/user09/treadmill_walking/treadmill_walking_3_kmh/A1.npz,22246.0,13904.0,1252.0,13.90386414527893,True,3.0,"[1.768956184387207,5.804598093032837,9.762355089187622]",False
user09|treadmill_walking|treadmill_walking_3_kmh|A2,user09,train,treadmill_walking,treadmill_walking_3_kmh,Walk at 3 km/h,A2,released,,data/trials/user09/treadmill_walking/treadmill_walking_3_kmh/A2.npz,22123.0,13827.0,1245.0,13.82671046257019,True,3.0,"[1.856886386871338,5.905272483825684,9.948468446731567]",False
user09|treadmill_walking|treadmill_walking_3_kmh|A3,user09,train,treadmill_walking,treadmill_walking_3_kmh,Walk at 3 km/h,A3,released,,data/trials/user09/treadmill_walking/treadmill_walking_3_kmh/A3.npz,22159.0,13850.0,1247.0,13.84970474243164,True,3.0,"[1.8239414691925049,5.860085487365723,9.893136501312256]",False
user09|treadmill_walking|treadmill_walking_3_kmh|A4,user09,train,treadmill_walking,treadmill_walking_3_kmh,Walk at 3 km/h,A4,released,,data/trials/user09/treadmill_walking/treadmill_walking_3_kmh/A4.npz,22191.0,13869.0,1248.0,13.869114875793455,True,3.0,"[1.7452616691589355,5.780299663543701,9.828048706054688]",False
user09|treadmill_walking|treadmill_walking_4_kmh|A1,user09,train,treadmill_walking,treadmill_walking_4_kmh,Walk at 4 km/h,A1,released,,data/trials/user09/treadmill_walking/treadmill_walking_4_kmh/A1.npz,22137.0,13836.0,1246.0,13.83534336090088,True,3.0,"[1.699986219406128,5.744569301605225,9.69903039932251]",False
user09|treadmill_walking|treadmill_walking_4_kmh|A2,user09,train,treadmill_walking,treadmill_walking_4_kmh,Walk at 4 km/h,A2,released,,data/trials/user09/treadmill_walking/treadmill_walking_4_kmh/A2.npz,22288.0,13930.0,1254.0,13.930159091949465,True,3.0,"[1.8726859092712402,5.915290832519531,9.948042869567871]",False
user09|treadmill_walking|treadmill_walking_4_kmh|A3,user09,train,treadmill_walking,treadmill_walking_4_kmh,Walk at 4 km/h,A3,released,,data/trials/user09/treadmill_walking/treadmill_walking_4_kmh/A3.npz,22121.0,13825.0,1245.0,13.825645208358765,True,3.0,"[1.9931652545928955,6.0300071239471436,10.004056215286255]",False
user09|treadmill_walking|treadmill_walking_4_kmh|A4,user09,train,treadmill_walking,treadmill_walking_4_kmh,Walk at 4 km/h,A4,released,,data/trials/user09/treadmill_walking/treadmill_walking_4_kmh/A4.npz,22170.0,13856.0,1248.0,13.8559672832489,True,3.0,"[1.8229293823242188,5.855621337890625,9.893051385879517]",False
user09|treadmill_walking|treadmill_walking_5_kmh|A1,user09,train,treadmill_walking,treadmill_walking_5_kmh,Walk at 5 km/h,A1,released,,data/trials/user09/treadmill_walking/treadmill_walking_5_kmh/A1.npz,22246.0,13904.0,1252.0,13.903980255126951,True,3.0,"[1.8546240329742432,5.891475200653076,9.935977220535278]",False
user09|treadmill_walking|treadmill_walking_5_kmh|A2,user09,train,treadmill_walking,treadmill_walking_5_kmh,Walk at 5 km/h,A2,released,,data/trials/user09/treadmill_walking/treadmill_walking_5_kmh/A2.npz,22147.0,13842.0,1246.0,13.842032194137571,True,3.0,"[1.7808310985565186,5.824605941772461,9.851896047592163]",False
user09|treadmill_walking|treadmill_walking_5_kmh|A3,user09,train,treadmill_walking,treadmill_walking_5_kmh,Walk at 5 km/h,A3,released,,data/trials/user09/treadmill_walking/treadmill_walking_5_kmh/A3.npz,22115.0,13822.0,1244.0,13.821875810623167,True,3.0,"[1.7792809009552002,5.819613695144653,9.872854709625244]",False
user09|treadmill_walking|treadmill_walking_5_kmh|A4,user09,train,treadmill_walking,treadmill_walking_5_kmh,Walk at 5 km/h,A4,released,,data/trials/user09/treadmill_walking/treadmill_walking_5_kmh/A4.npz,22142.0,13839.0,1246.0,13.838558912277222,True,3.0,"[1.8091838359832764,5.848536729812622,9.885832786560059]",False
user10|functional_action|deadlift|A1,user10,train,functional_action,deadlift,Deadlift,A1,released,,data/trials/user10/functional_action/deadlift/A1.npz,22635.0,14147.0,1274.0,14.14702010154724,True,3.0,"[1.7999849319458008,5.862818956375122,9.820324897766113]",False
user10|functional_action|deadlift|A2,user10,train,functional_action,deadlift,Deadlift,A2,released,,data/trials/user10/functional_action/deadlift/A2.npz,22627.0,14143.0,1273.0,14.142164945602415,True,3.0,"[1.7130489349365234,5.766597747802734,9.71839189529419]",False
user10|functional_action|deadlift|A3,user10,train,functional_action,deadlift,Deadlift,A3,released,,data/trials/user10/functional_action/deadlift/A3.npz,22688.0,14180.0,1277.0,14.180241823196411,True,3.0,"[1.9160587787628174,5.955605745315552,9.995216846466064]",False
user10|functional_action|deadlift|A4,user10,train,functional_action,deadlift,Deadlift,A4,released,,data/trials/user10/functional_action/deadlift/A4.npz,22629.0,14143.0,1273.0,14.143125534057615,True,3.0,"[1.7207894325256348,5.755720376968384,9.800969362258911]",False
user10|functional_action|deep_squat|A1,user10,train,functional_action,deep_squat,Deep Squat,A1,released,,data/trials/user10/functional_action/deep_squat/A1.npz,22723.0,14202.0,1279.0,14.20200490951538,True,3.0,"[1.7477447986602783,5.787633895874023,9.82323694229126]",False
user10|functional_action|deep_squat|A2,user10,train,functional_action,deep_squat,Deep Squat,A2,released,,data/trials/user10/functional_action/deep_squat/A2.npz,22621.0,14138.0,1273.0,14.138295650482178,True,3.0,"[1.715869665145874,5.7569756507873535,9.803957462310791]",False
user10|functional_action|deep_squat|A3,user10,train,functional_action,deep_squat,Deep Squat,A3,released,,data/trials/user10/functional_action/deep_squat/A3.npz,22757.0,14222.0,1280.0,14.22268271446228,True,3.0,"[1.9709196090698242,6.009519815444946,10.054011583328247]",False
user10|functional_action|deep_squat|A4,user10,train,functional_action,deep_squat,Deep Squat,A4,released,,data/trials/user10/functional_action/deep_squat/A4.npz,22658.0,14161.0,1275.0,14.16130256652832,True,3.0,"[1.7492525577545166,5.784224510192871,9.831942558288574]",False
user10|functional_action|forward_lunge|A1,user10,train,functional_action,forward_lunge,Forward Lunge,A1,released,,data/trials/user10/functional_action/forward_lunge/A1.npz,22666.0,14166.0,1275.0,14.166336059570312,True,3.0,"[1.7081148624420166,5.750994920730591,9.79210090637207]",False
user10|functional_action|forward_lunge|A2,user10,train,functional_action,forward_lunge,Forward Lunge,A2,released,,data/trials/user10/functional_action/forward_lunge/A2.npz,22590.0,14118.0,1271.0,14.118654489517212,True,3.0,"[1.8348302841186523,5.871092319488525,9.919155359268188]",False
user10|functional_action|forward_lunge|A3,user10,train,functional_action,forward_lunge,Forward Lunge,A3,released,,data/trials/user10/functional_action/forward_lunge/A3.npz,22638.0,14149.0,1274.0,14.148913621902466,True,3.0,"[1.7945845127105713,5.828745603561401,9.862339496612549]",False
user10|functional_action|forward_lunge|A4,user10,train,functional_action,forward_lunge,Forward Lunge,A4,released,,data/trials/user10/functional_action/forward_lunge/A4.npz,22618.0,14136.0,1273.0,14.13630986213684,True,3.0,"[1.7978415489196777,5.826706647872925,9.863457679748535]",False
user10|functional_action|heel_raise|A1,user10,train,functional_action,heel_raise,Heel Raise,A1,released,,data/trials/user10/functional_action/heel_raise/A1.npz,22708.0,14192.0,1278.0,14.192644596099854,True,3.0,"[1.9363903999328613,5.967791557312012,10.010611534118652]",False
user10|functional_action|heel_raise|A2,user10,train,functional_action,heel_raise,Heel Raise,A2,released,,data/trials/user10/functional_action/heel_raise/A2.npz,22542.0,14088.0,1268.0,14.088701963424684,True,3.0,"[1.7888238430023193,5.828503847122192,9.875892877578735]",False
user10|functional_action|heel_raise|A3,user10,train,functional_action,heel_raise,Heel Raise,A3,released,,data/trials/user10/functional_action/heel_raise/A3.npz,22703.0,14189.0,1278.0,14.189169883728027,True,3.0,"[1.7543959617614746,5.792332887649536,9.791780948638916]",False
user10|functional_action|heel_raise|A4,user10,train,functional_action,heel_raise,Heel Raise,A4,released,,data/trials/user10/functional_action/heel_raise/A4.npz,22594.0,14121.0,1271.0,14.121130466461182,True,3.0,"[1.8022592067718506,5.836418390274048,9.877517223358154]",False
user10|functional_action|left_lunge|A1,user10,train,functional_action,left_lunge,Left Lunge,A1,released,,data/trials/user10/functional_action/left_lunge/A1.npz,22640.0,14150.0,1274.0,14.149913787841797,True,3.0,"[1.7470636367797852,5.774628639221191,9.812934637069702]",False
user10|functional_action|left_lunge|A2,user10,train,functional_action,left_lunge,Left Lunge,A2,released,,data/trials/user10/functional_action/left_lunge/A2.npz,22763.0,14227.0,1281.0,14.22685480117798,True,3.0,"[1.777341604232788,5.819157600402832,9.7702796459198]",False
user10|functional_action|left_lunge|A3,user10,train,functional_action,left_lunge,Left Lunge,A3,released,,data/trials/user10/functional_action/left_lunge/A3.npz,22566.0,14104.0,1270.0,14.103677034378052,True,3.0,"[1.6821630001068115,5.709310054779053,9.750118970870972]",False
user10|functional_action|left_lunge|A4,user10,train,functional_action,left_lunge,Left Lunge,A4,released,,data/trials/user10/functional_action/left_lunge/A4.npz,22584.0,14115.0,1271.0,14.114531517028809,True,3.0,"[1.707510232925415,5.743526220321655,9.792936325073242]",False
user10|functional_action|quiet_sit|A1,user10,train,functional_action,quiet_sit,Quiet Sit,A1,released,,data/trials/user10/functional_action/quiet_sit/A1.npz,22757.0,14223.0,1280.0,14.222675800323486,True,3.0,"[1.7566468715667725,5.825884819030762,9.812310695648193]",False
user10|functional_action|quiet_sit|A2,user10,train,functional_action,quiet_sit,Quiet Sit,A2,released,,data/trials/user10/functional_action/quiet_sit/A2.npz,22652.0,14158.0,1275.0,14.15798568725586,True,3.0,"[1.7425875663757324,5.784489631652832,9.827690601348877]",False
user10|functional_action|quiet_sit|A3,user10,train,functional_action,quiet_sit,Quiet Sit,A3,released,,data/trials/user10/functional_action/quiet_sit/A3.npz,22745.0,14216.0,1280.0,14.21519923210144,True,3.0,"[1.7513670921325684,5.788313150405884,9.823500156402588]",False
user10|functional_action|quiet_sit|A4,user10,train,functional_action,quiet_sit,Quiet Sit,A4,released,,data/trials/user10/functional_action/quiet_sit/A4.npz,22623.0,14139.0,1273.0,14.13965630531311,True,3.0,"[1.7012240886688232,5.736176013946533,9.772534132003784]",False
user10|functional_action|quiet_stand|A1,user10,train,functional_action,quiet_stand,Quiet Stand,A1,released,,data/trials/user10/functional_action/quiet_stand/A1.npz,22586.0,14116.0,1271.0,14.11599850654602,True,3.0,"[1.8593034744262695,5.903703451156616,9.943936347961426]",False
user10|functional_action|quiet_stand|A2,user10,train,functional_action,quiet_stand,Quiet Stand,A2,released,,data/trials/user10/functional_action/quiet_stand/A2.npz,22619.0,14137.0,1273.0,14.136636734008787,True,3.0,"[1.7339715957641602,5.779806613922119,9.817328691482544]",False
user10|functional_action|quiet_stand|A3,user10,train,functional_action,quiet_stand,Quiet Stand,A3,released,,data/trials/user10/functional_action/quiet_stand/A3.npz,22779.0,14237.0,1282.0,14.236841440200806,True,3.0,"[1.8060131072998047,5.838175296783447,9.880444288253784]",False
user10|functional_action|quiet_stand|A4,user10,train,functional_action,quiet_stand,Quiet Stand,A4,released,,data/trials/user10/functional_action/quiet_stand/A4.npz,22582.0,14114.0,1271.0,14.11406135559082,True,3.0,"[1.6695373058319092,5.7141032218933105,9.750026226043701]",False
user10|functional_action|single_leg_stance|A1,user10,train,functional_action,single_leg_stance,Single-leg Stance,A1,released,,data/trials/user10/functional_action/single_leg_stance/A1.npz,22596.0,14123.0,1271.0,14.122817277908323,True,3.0,"[1.8124570846557617,5.848659992218018,9.806130170822144]",False
user10|functional_action|single_leg_stance|A2,user10,train,functional_action,single_leg_stance,Single-leg Stance,A2,released,,data/trials/user10/functional_action/single_leg_stance/A2.npz,22715.0,14197.0,1278.0,14.196418762207031,True,3.0,"[1.7829906940460205,5.818617820739746,9.873408794403076]",False
user10|functional_action|single_leg_stance|A3,user10,train,functional_action,single_leg_stance,Single-leg Stance,A3,released,,data/trials/user10/functional_action/single_leg_stance/A3.npz,22501.0,14064.0,1266.0,14.06346869468689,True,3.0,"[1.679553508758545,5.707631587982178,9.749976634979248]",False
user10|functional_action|single_leg_stance|A4,user10,train,functional_action,single_leg_stance,Single-leg Stance,A4,released,,data/trials/user10/functional_action/single_leg_stance/A4.npz,22608.0,14130.0,1272.0,14.130027532577516,True,3.0,"[1.7292964458465576,5.762451410293579,9.797404527664185]",False
user10|functional_action|stair_ascent|A1,user10,train,functional_action,stair_ascent,Stair Ascent,A1,released,,data/trials/user10/functional_action/stair_ascent/A1.npz,22736.0,14211.0,1279.0,14.210347175598145,True,3.0,"[1.7586681842803955,5.80481219291687,9.847823143005371]",False
user10|functional_action|stair_ascent|A2,user10,train,functional_action,stair_ascent,Stair Ascent,A2,released,,data/trials/user10/functional_action/stair_ascent/A2.npz,22526.0,14079.0,1268.0,14.078930377960203,True,3.0,"[1.7174832820892334,5.755099058151245,9.799840211868286]",False
user10|functional_action|stair_ascent|A3,user10,train,functional_action,stair_ascent,Stair Ascent,A3,released,,data/trials/user10/functional_action/stair_ascent/A3.npz,22660.0,14163.0,1275.0,14.162986993789673,True,3.0,"[1.761213779449463,5.804653882980347,9.847201824188232]",False
user10|functional_action|stair_ascent|A4,user10,train,functional_action,stair_ascent,Stair Ascent,A4,released,,data/trials/user10/functional_action/stair_ascent/A4.npz,22718.0,14199.0,1278.0,14.198690176010132,True,3.0,"[1.749739170074463,5.775589227676392,9.812308073043823]",False
user10|functional_action|stand_sit_transition|A1,user10,train,functional_action,stand_sit_transition,Stand-sit transition,A1,released,,data/trials/user10/functional_action/stand_sit_transition/A1.npz,22650.0,14156.0,1274.0,14.15595006942749,True,3.0,"[1.8527030944824219,5.896785020828247,9.93872594833374]",False
user10|functional_action|stand_sit_transition|A2,user10,train,functional_action,stand_sit_transition,Stand-sit transition,A2,released,,data/trials/user10/functional_action/stand_sit_transition/A2.npz,22730.0,14206.0,1279.0,14.206554174423218,True,3.0,"[1.758579969406128,5.784072160720825,9.82405710220337]",False
user10|functional_action|stand_sit_transition|A3,user10,train,functional_action,stand_sit_transition,Stand-sit transition,A3,released,,data/trials/user10/functional_action/stand_sit_transition/A3.npz,22557.0,14098.0,1269.0,14.098000764846802,True,3.0,"[1.7552456855773926,5.784411668777466,9.829669713973999]",False
user10|functional_action|stand_sit_transition|A4,user10,train,functional_action,stand_sit_transition,Stand-sit transition,A4,released,,data/trials/user10/functional_action/stand_sit_transition/A4.npz,22604.0,14127.0,1272.0,14.12722373008728,True,3.0,"[1.7011957168579102,5.754157781600952,9.709493637084961]",False
user10|functional_action|vertical_jump|A1,user10,train,functional_action,vertical_jump,Vertical Jump,A1,released,,data/trials/user10/functional_action/vertical_jump/A1.npz,22619.0,14137.0,1273.0,14.136982440948486,True,3.0,"[1.719388484954834,5.75657844543457,9.79378628730774]",False
user10|functional_action|vertical_jump|A2,user10,train,functional_action,vertical_jump,Vertical Jump,A2,released,,data/trials/user10/functional_action/vertical_jump/A2.npz,22752.0,14220.0,1280.0,14.220223188400269,True,3.0,"[1.7765309810638428,5.813342094421387,9.848268985748291]",False
user10|functional_action|vertical_jump|A3,user10,train,functional_action,vertical_jump,Vertical Jump,A3,released,,data/trials/user10/functional_action/vertical_jump/A3.npz,22548.0,14093.0,1269.0,14.092321157455444,True,3.0,"[1.7028238773345947,5.73005485534668,9.7742600440979]",False
user10|functional_action|vertical_jump|A4,user10,train,functional_action,vertical_jump,Vertical Jump,A4,released,,data/trials/user10/functional_action/vertical_jump/A4.npz,22518.0,14074.0,1267.0,14.07374143600464,True,3.0,"[1.6236023902893066,5.688032388687134,9.646099328994751]",False
user10|treadmill_walking|treadmill_walking_1_kmh|A1,user10,train,treadmill_walking,treadmill_walking_1_kmh,Walk at 1 km/h,A1,released,,data/trials/user10/treadmill_walking/treadmill_walking_1_kmh/A1.npz,22525.0,14077.0,1267.0,14.077779054641724,True,3.0,"[1.7278199195861816,5.771418809890747,9.809371948242188]",False
user10|treadmill_walking|treadmill_walking_1_kmh|A2,user10,train,treadmill_walking,treadmill_walking_1_kmh,Walk at 1 km/h,A2,released,,data/trials/user10/treadmill_walking/treadmill_walking_1_kmh/A2.npz,22597.0,14123.0,1271.0,14.12285327911377,True,3.0,"[1.770193099975586,5.806771993637085,9.83995008468628]",False
user10|treadmill_walking|treadmill_walking_1_kmh|A3,user10,train,treadmill_walking,treadmill_walking_1_kmh,Walk at 1 km/h,A3,released,,data/trials/user10/treadmill_walking/treadmill_walking_1_kmh/A3.npz,22595.0,14122.0,1271.0,14.1220965385437,True,3.0,"[1.734741449356079,5.771376371383667,9.80687952041626]",False
user10|treadmill_walking|treadmill_walking_1_kmh|A4,user10,train,treadmill_walking,treadmill_walking_1_kmh,Walk at 1 km/h,A4,released,,data/trials/user10/treadmill_walking/treadmill_walking_1_kmh/A4.npz,22596.0,14122.0,1271.0,14.12211775779724,True,3.0,"[1.7450597286224365,5.81329870223999,9.748631715774536]",False
user10|treadmill_walking|treadmill_walking_2_kmh|A1,user10,train,treadmill_walking,treadmill_walking_2_kmh,Walk at 2 km/h,A1,released,,data/trials/user10/treadmill_walking/treadmill_walking_2_kmh/A1.npz,22515.0,14072.0,1267.0,14.071929693222046,True,3.0,"[1.6492936611175537,5.678841590881348,9.716932535171509]",False
user10|treadmill_walking|treadmill_walking_2_kmh|A2,user10,train,treadmill_walking,treadmill_walking_2_kmh,Walk at 2 km/h,A2,released,,data/trials/user10/treadmill_walking/treadmill_walking_2_kmh/A2.npz,22652.0,14158.0,1275.0,14.157841682434082,True,3.0,"[1.7577526569366455,5.793774604797363,9.83470368385315]",False
user10|treadmill_walking|treadmill_walking_2_kmh|A3,user10,train,treadmill_walking,treadmill_walking_2_kmh,Walk at 2 km/h,A3,released,,data/trials/user10/treadmill_walking/treadmill_walking_2_kmh/A3.npz,22570.0,14107.0,1270.0,14.106818675994871,True,3.0,"[1.6967744827270508,5.732569456100464,9.766145467758179]",False
user10|treadmill_walking|treadmill_walking_2_kmh|A4,user10,train,treadmill_walking,treadmill_walking_2_kmh,Walk at 2 km/h,A4,released,,data/trials/user10/treadmill_walking/treadmill_walking_2_kmh/A4.npz,22480.0,14050.0,1265.0,14.049934148788452,True,3.0,"[1.7799451351165771,5.821749210357666,9.849354982376099]",False
user10|treadmill_walking|treadmill_walking_3_kmh|A1,user10,train,treadmill_walking,treadmill_walking_3_kmh,Walk at 3 km/h,A1,released,,data/trials/user10/treadmill_walking/treadmill_walking_3_kmh/A1.npz,22593.0,14121.0,1271.0,14.121058225631714,True,3.0,"[1.7924580574035645,5.826791048049927,9.871445178985596]",False
user10|treadmill_walking|treadmill_walking_3_kmh|A2,user10,train,treadmill_walking,treadmill_walking_3_kmh,Walk at 3 km/h,A2,released,,data/trials/user10/treadmill_walking/treadmill_walking_3_kmh/A2.npz,22635.0,14147.0,1274.0,14.146929502487184,True,3.0,"[1.7671115398406982,5.809865474700928,9.857125520706177]",False
user10|treadmill_walking|treadmill_walking_3_kmh|A3,user10,train,treadmill_walking,treadmill_walking_3_kmh,Walk at 3 km/h,A3,released,,data/trials/user10/treadmill_walking/treadmill_walking_3_kmh/A3.npz,22596.0,14123.0,1271.0,14.122721433639526,True,3.0,"[1.759383201599121,5.809268236160278,9.84708833694458]",False
user10|treadmill_walking|treadmill_walking_3_kmh|A4,user10,train,treadmill_walking,treadmill_walking_3_kmh,Walk at 3 km/h,A4,released,,data/trials/user10/treadmill_walking/treadmill_walking_3_kmh/A4.npz,22482.0,14051.0,1265.0,14.051169395446776,True,3.0,"[1.7386713027954102,5.786182165145874,9.824026107788086]",False
user10|treadmill_walking|treadmill_walking_4_kmh|A1,user10,train,treadmill_walking,treadmill_walking_4_kmh,Walk at 4 km/h,A1,released,,data/trials/user10/treadmill_walking/treadmill_walking_4_kmh/A1.npz,22630.0,14143.0,1273.0,14.143618822097778,True,3.0,"[1.7674057483673096,5.800301790237427,9.851799726486206]",False
user10|treadmill_walking|treadmill_walking_4_kmh|A2,user10,train,treadmill_walking,treadmill_walking_4_kmh,Walk at 4 km/h,A2,released,,data/trials/user10/treadmill_walking/treadmill_walking_4_kmh/A2.npz,22549.0,14094.0,1269.0,14.093226432800291,True,3.0,"[1.746739387512207,5.79168438911438,9.825841188430786]",False
user10|treadmill_walking|treadmill_walking_4_kmh|A3,user10,train,treadmill_walking,treadmill_walking_4_kmh,Walk at 4 km/h,A3,released,,data/trials/user10/treadmill_walking/treadmill_walking_4_kmh/A3.npz,22672.0,14170.0,1276.0,14.16998028755188,True,3.0,"[1.9035522937774658,5.939976215362549,9.913442134857178]",False
user10|treadmill_walking|treadmill_walking_4_kmh|A4,user10,train,treadmill_walking,treadmill_walking_4_kmh,Walk at 4 km/h,A4,released,,data/trials/user10/treadmill_walking/treadmill_walking_4_kmh/A4.npz,22446.0,14029.0,1263.0,14.028982162475586,True,3.0,"[1.7512249946594238,5.7852489948272705,9.831530094146729]",False
user10|treadmill_walking|treadmill_walking_5_kmh|A1,user10,train,treadmill_walking,treadmill_walking_5_kmh,Walk at 5 km/h,A1,released,,data/trials/user10/treadmill_walking/treadmill_walking_5_kmh/A1.npz,22545.0,14091.0,1269.0,14.09087371826172,True,3.0,"[1.9744067192077637,6.0160605907440186,10.060017585754395]",False
user10|treadmill_walking|treadmill_walking_5_kmh|A2,user10,train,treadmill_walking,treadmill_walking_5_kmh,Walk at 5 km/h,A2,released,,data/trials/user10/treadmill_walking/treadmill_walking_5_kmh/A2.npz,22684.0,14178.0,1276.0,14.177505493164062,True,3.0,"[1.775667428970337,5.816287517547607,9.858893394470215]",False
user10|treadmill_walking|treadmill_walking_5_kmh|A3,user10,train,treadmill_walking,treadmill_walking_5_kmh,Walk at 5 km/h,A3,released,,data/trials/user10/treadmill_walking/treadmill_walking_5_kmh/A3.npz,22576.0,14110.0,1270.0,14.11005473136902,True,3.0,"[1.7871336936950684,5.815818786621094,9.853374719619751]",False
user10|treadmill_walking|treadmill_walking_5_kmh|A4,user10,train,treadmill_walking,treadmill_walking_5_kmh,Walk at 5 km/h,A4,released,,data/trials/user10/treadmill_walking/treadmill_walking_5_kmh/A4.npz,22507.0,14067.0,1266.0,14.067137002944946,True,3.0,"[1.7990729808807373,5.8694539070129395,9.81203579902649]",False
user11|functional_action|deadlift|A1,user11,train,functional_action,deadlift,Deadlift,A1,released,,data/trials/user11/functional_action/deadlift/A1.npz,22889.0,14305.0,1288.0,14.305927753448486,True,3.0,"[1.724658489227295,5.75998854637146,9.797255516052246]",False
user11|functional_action|deadlift|A2,user11,train,functional_action,deadlift,Deadlift,A2,released,,data/trials/user11/functional_action/deadlift/A2.npz,22946.0,14341.0,1291.0,14.340730905532835,True,3.0,"[1.918137788772583,5.964149713516235,10.009958744049072]",False
user11|functional_action|deadlift|A3,user11,train,functional_action,deadlift,Deadlift,A3,released,,data/trials/user11/functional_action/deadlift/A3.npz,22981.0,14363.0,1293.0,14.363115072250366,True,3.0,"[1.9613630771636963,5.997725009918213,10.05444598197937]",False
user11|functional_action|deadlift|A4,user11,train,functional_action,deadlift,Deadlift,A4,released,,data/trials/user11/functional_action/deadlift/A4.npz,22946.0,14341.0,1291.0,14.341442346572876,True,3.0,"[1.794931411743164,5.8349432945251465,9.889567375183105]",False
user11|functional_action|deep_squat|A1,user11,train,functional_action,deep_squat,Deep Squat,A1,released,,data/trials/user11/functional_action/deep_squat/A1.npz,22952.0,14345.0,1292.0,14.34538221359253,True,3.0,"[1.9941861629486084,6.048319101333618,9.993804216384888]",False
user11|functional_action|deep_squat|A2,user11,train,functional_action,deep_squat,Deep Squat,A2,released,,data/trials/user11/functional_action/deep_squat/A2.npz,22783.0,14239.0,1282.0,14.239717245101929,True,3.0,"[1.779792070388794,5.816732168197632,9.856914043426514]",False
user11|functional_action|deep_squat|A3,user11,train,functional_action,deep_squat,Deep Squat,A3,released,,data/trials/user11/functional_action/deep_squat/A3.npz,22986.0,14366.0,1293.0,14.366341590881348,True,3.0,"[1.8027985095977783,5.834169387817383,9.88200330734253]",False
user11|functional_action|deep_squat|A4,user11,train,functional_action,deep_squat,Deep Squat,A4,released,,data/trials/user11/functional_action/deep_squat/A4.npz,22854.0,14283.0,1286.0,14.283737421035768,True,3.0,"[1.7313482761383057,5.79206919670105,9.748810291290283]",False
user11|functional_action|forward_lunge|A1,user11,train,functional_action,forward_lunge,Forward Lunge,A1,released,,data/trials/user11/functional_action/forward_lunge/A1.npz,22771.0,14233.0,1281.0,14.232376098632812,True,3.0,"[1.8760948181152344,5.923726797103882,9.874330997467041]",False
user11|functional_action|forward_lunge|A2,user11,train,functional_action,forward_lunge,Forward Lunge,A2,released,,data/trials/user11/functional_action/forward_lunge/A2.npz,22954.0,14346.0,1292.0,14.346226215362549,True,3.0,"[1.7766270637512207,5.814495086669922,9.85811996459961]",False
user11|functional_action|forward_lunge|A3,user11,train,functional_action,forward_lunge,Forward Lunge,A3,released,,data/trials/user11/functional_action/forward_lunge/A3.npz,23105.0,14441.0,1300.0,14.44064474105835,True,3.0,"[1.9205117225646973,5.967306613922119,10.015316724777222]",False
user11|functional_action|forward_lunge|A4,user11,train,functional_action,forward_lunge,Forward Lunge,A4,released,,data/trials/user11/functional_action/forward_lunge/A4.npz,23035.0,14397.0,1296.0,14.39693021774292,True,3.0,"[2.054655075073242,6.091925144195557,10.138247013092041]",False
user11|functional_action|heel_raise|A1,user11,train,functional_action,heel_raise,Heel Raise,A1,released,,data/trials/user11/functional_action/heel_raise/A1.npz,22948.0,14343.0,1291.0,14.342812776565552,True,3.0,"[1.9214627742767334,5.977717638015747,9.922017812728882]",False
user11|functional_action|heel_raise|A2,user11,train,functional_action,heel_raise,Heel Raise,A2,released,,data/trials/user11/functional_action/heel_raise/A2.npz,22830.0,14268.0,1285.0,14.268778085708618,True,3.0,"[1.78289794921875,5.810773849487305,9.86523699760437]",False
user11|functional_action|heel_raise|A3,user11,train,functional_action,heel_raise,Heel Raise,A3,released,,data/trials/user11/functional_action/heel_raise/A3.npz,22942.0,14339.0,1291.0,14.338940858840942,True,3.0,"[1.9605557918548584,5.991773843765259,10.031389713287354]",False
user11|functional_action|heel_raise|A4,user11,train,functional_action,heel_raise,Heel Raise,A4,released,,data/trials/user11/functional_action/heel_raise/A4.npz,22856.0,14284.0,1286.0,14.284713506698608,True,3.0,"[1.7417583465576172,5.792972564697266,9.743219375610352]",False
user11|functional_action|left_lunge|A1,user11,train,functional_action,left_lunge,Left Lunge,A1,released,,data/trials/user11/functional_action/left_lunge/A1.npz,22818.0,14261.0,1284.0,14.261264085769652,True,3.0,"[1.7844371795654297,5.835218191146851,9.783850193023682]",False
user11|functional_action|left_lunge|A2,user11,train,functional_action,left_lunge,Left Lunge,A2,released,,data/trials/user11/functional_action/left_lunge/A2.npz,22899.0,14312.0,1288.0,14.311752796173096,True,3.0,"[1.7856075763702393,5.841962575912476,9.792309522628784]",False
user11|functional_action|left_lunge|A3,user11,train,functional_action,left_lunge,Left Lunge,A3,released,,data/trials/user11/functional_action/left_lunge/A3.npz,22918.0,14324.0,1290.0,14.324212789535522,True,3.0,"[1.867588758468628,5.905963659286499,9.8604736328125]",False
user11|functional_action|left_lunge|A4,user11,train,functional_action,left_lunge,Left Lunge,A4,released,,data/trials/user11/functional_action/left_lunge/A4.npz,22600.0,14124.0,1272.0,14.124514102935793,True,3.0,"[1.5905849933624268,5.63939905166626,9.681720972061157]",False
user11|functional_action|quiet_sit|A1,user11,train,functional_action,quiet_sit,Quiet Sit,A1,released,,data/trials/user11/functional_action/quiet_sit/A1.npz,22930.0,14331.0,1290.0,14.331084489822388,True,3.0,"[1.7559874057769775,5.791942358016968,9.825262308120728]",False
user11|functional_action|quiet_sit|A2,user11,train,functional_action,quiet_sit,Quiet Sit,A2,released,,data/trials/user11/functional_action/quiet_sit/A2.npz,22809.0,14256.0,1283.0,14.255612134933472,True,3.0,"[1.7624809741973877,5.804290056228638,9.850389003753662]",False
user11|functional_action|quiet_sit|A3,user11,train,functional_action,quiet_sit,Quiet Sit,A3,released,,data/trials/user11/functional_action/quiet_sit/A3.npz,22901.0,14313.0,1289.0,14.31299877166748,True,3.0,"[1.735987663269043,5.776518821716309,9.811282634735107]",False
user11|functional_action|quiet_sit|A4,user11,train,functional_action,quiet_sit,Quiet Sit,A4,released,,data/trials/user11/functional_action/quiet_sit/A4.npz,22773.0,14233.0,1281.0,14.233017921447754,True,3.0,"[1.7562706470489502,5.7986626625061035,9.83980679512024]",False
user11|functional_action|quiet_stand|A1,user11,train,functional_action,quiet_stand,Quiet Stand,A1,released,,data/trials/user11/functional_action/quiet_stand/A1.npz,23005.0,14378.0,1294.0,14.378264665603638,True,3.0,"[1.953491449356079,5.995913505554199,10.025720596313477]",False
user11|functional_action|quiet_stand|A2,user11,train,functional_action,quiet_stand,Quiet Stand,A2,released,,data/trials/user11/functional_action/quiet_stand/A2.npz,22825.0,14265.0,1284.0,14.265374898910522,True,3.0,"[1.7683236598968506,5.8000266551971436,9.838034629821777]",False
user11|functional_action|quiet_stand|A3,user11,train,functional_action,quiet_stand,Quiet Stand,A3,released,,data/trials/user11/functional_action/quiet_stand/A3.npz,22880.0,14300.0,1287.0,14.299713850021362,True,3.0,"[1.7861969470977783,5.827066898345947,9.868443727493286]",False
user11|functional_action|quiet_stand|A4,user11,train,functional_action,quiet_stand,Quiet Stand,A4,released,,data/trials/user11/functional_action/quiet_stand/A4.npz,22858.0,14287.0,1286.0,14.286207675933838,True,3.0,"[1.77461838722229,5.816277503967285,9.849568367004395]",False
user11|functional_action|single_leg_stance|A1,user11,train,functional_action,single_leg_stance,Single-leg Stance,A1,released,,data/trials/user11/functional_action/single_leg_stance/A1.npz,22940.0,14337.0,1291.0,14.337558507919312,True,3.0,"[1.8096094131469727,5.838347434997559,9.889074563980103]",False
user11|functional_action|single_leg_stance|A2,user11,train,functional_action,single_leg_stance,Single-leg Stance,A2,released,,data/trials/user11/functional_action/single_leg_stance/A2.npz,22840.0,14274.0,1285.0,14.274430751800535,True,3.0,"[1.6968066692352295,5.729037523269653,9.770578622817993]",False
user11|functional_action|single_leg_stance|A3,user11,train,functional_action,single_leg_stance,Single-leg Stance,A3,released,,data/trials/user11/functional_action/single_leg_stance/A3.npz,22838.0,14274.0,1285.0,14.273663520812988,True,3.0,"[1.780280590057373,5.822950601577759,9.77940845489502]",False
user11|functional_action|single_leg_stance|A4,user11,train,functional_action,single_leg_stance,Single-leg Stance,A4,released,,data/trials/user11/functional_action/single_leg_stance/A4.npz,22773.0,14232.0,1281.0,14.232770681381226,True,3.0,"[1.7852537631988525,5.8273255825042725,9.871497631072998]",False
user11|functional_action|stair_ascent|A1,user11,train,functional_action,stair_ascent,Stair Ascent,A1,released,,data/trials/user11/functional_action/stair_ascent/A1.npz,22837.0,14273.0,1285.0,14.27284836769104,True,3.0,"[1.7364482879638672,5.769681215286255,9.815803289413452]",False
user11|functional_action|stair_ascent|A2,user11,train,functional_action,stair_ascent,Stair Ascent,A2,released,,data/trials/user11/functional_action/stair_ascent/A2.npz,22744.0,14215.0,1280.0,14.2148277759552,True,3.0,"[1.7279267311096191,5.769970655441284,9.730639696121216]",False
user11|functional_action|stair_ascent|A3,user11,train,functional_action,stair_ascent,Stair Ascent,A3,released,,data/trials/user11/functional_action/stair_ascent/A3.npz,22840.0,14275.0,1285.0,14.27514624595642,True,3.0,"[1.8421361446380615,5.874129056930542,9.923194169998169]",False
user11|functional_action|stair_ascent|A4,user11,train,functional_action,stair_ascent,Stair Ascent,A4,released,,data/trials/user11/functional_action/stair_ascent/A4.npz,22929.0,14330.0,1290.0,14.330692529678345,True,3.0,"[1.960059404373169,6.0092034339904785,9.966198205947876]",False
user11|functional_action|stand_sit_transition|A1,user11,train,functional_action,stand_sit_transition,Stand-sit transition,A1,released,,data/trials/user11/functional_action/stand_sit_transition/A1.npz,23185.0,14491.0,1305.0,14.490556716918944,True,3.0,"[1.9065625667572021,5.940977573394775,9.992493629455566]",False
user11|functional_action|stand_sit_transition|A2,user11,train,functional_action,stand_sit_transition,Stand-sit transition,A2,released,,data/trials/user11/functional_action/stand_sit_transition/A2.npz,22603.0,14126.0,1271.0,14.126843214035034,True,3.0,"[1.763197898864746,5.808363914489746,9.855360984802246]",False
user11|functional_action|stand_sit_transition|A3,user11,train,functional_action,stand_sit_transition,Stand-sit transition,A3,released,,data/trials/user11/functional_action/stand_sit_transition/A3.npz,22865.0,14291.0,1287.0,14.290863990783691,True,3.0,"[1.6643078327178955,5.69492769241333,9.746253728866577]",False
user11|functional_action|stand_sit_transition|A4,user11,train,functional_action,stand_sit_transition,Stand-sit transition,A4,released,,data/trials/user11/functional_action/stand_sit_transition/A4.npz,22862.0,14288.0,1286.0,14.288297176361084,True,3.0,"[1.7716989517211914,5.803848028182983,9.863590002059937]",False
user11|functional_action|vertical_jump|A1,user11,train,functional_action,vertical_jump,Vertical Jump,A1,released,,data/trials/user11/functional_action/vertical_jump/A1.npz,23109.0,14443.0,1300.0,14.443031787872314,True,3.0,"[1.9300236701965332,5.977958679199219,9.925439596176147]",False
user11|functional_action|vertical_jump|A2,user11,train,functional_action,vertical_jump,Vertical Jump,A2,released,,data/trials/user11/functional_action/vertical_jump/A2.npz,22756.0,14222.0,1280.0,14.222033739089966,True,3.0,"[1.6651346683502197,5.7069807052612305,9.693973779678345]",False
user11|functional_action|vertical_jump|A3,user11,train,functional_action,vertical_jump,Vertical Jump,A3,released,,data/trials/user11/functional_action/vertical_jump/A3.npz,22735.0,14209.0,1279.0,14.209001541137695,True,3.0,"[1.7270925045013428,5.756270408630371,9.80777359008789]",False
user11|functional_action|vertical_jump|A4,user11,train,functional_action,vertical_jump,Vertical Jump,A4,released,,data/trials/user11/functional_action/vertical_jump/A4.npz,22797.0,14248.0,1283.0,14.248111009597778,True,3.0,"[1.779559850692749,5.820522785186768,9.87293791770935]",False
user11|treadmill_walking|treadmill_walking_1_kmh|A1,user11,train,treadmill_walking,treadmill_walking_1_kmh,Walk at 1 km/h,A1,released,,data/trials/user11/treadmill_walking/treadmill_walking_1_kmh/A1.npz,22898.0,14311.0,1288.0,14.311116933822632,True,3.0,"[1.8065929412841797,5.853873014450073,9.895521879196167]",False
user11|treadmill_walking|treadmill_walking_1_kmh|A2,user11,train,treadmill_walking,treadmill_walking_1_kmh,Walk at 1 km/h,A2,released,,data/trials/user11/treadmill_walking/treadmill_walking_1_kmh/A2.npz,22756.0,14222.0,1280.0,14.222525119781494,True,3.0,"[1.6848249435424805,5.744849920272827,9.68339490890503]",False
user11|treadmill_walking|treadmill_walking_1_kmh|A3,user11,train,treadmill_walking,treadmill_walking_1_kmh,Walk at 1 km/h,A3,released,,data/trials/user11/treadmill_walking/treadmill_walking_1_kmh/A3.npz,22845.0,14277.0,1285.0,14.277828931808472,True,3.0,"[1.7392938137054443,5.7888288497924805,9.823307991027832]",False
user11|treadmill_walking|treadmill_walking_1_kmh|A4,user11,train,treadmill_walking,treadmill_walking_1_kmh,Walk at 1 km/h,A4,released,,data/trials/user11/treadmill_walking/treadmill_walking_1_kmh/A4.npz,22811.0,14256.0,1283.0,14.25672721862793,True,3.0,"[1.748617172241211,5.788751125335693,9.827762126922607]",False
user11|treadmill_walking|treadmill_walking_2_kmh|A1,user11,train,treadmill_walking,treadmill_walking_2_kmh,Walk at 2 km/h,A1,released,,data/trials/user11/treadmill_walking/treadmill_walking_2_kmh/A1.npz,23001.0,14376.0,1294.0,14.375661611557009,True,3.0,"[1.7780625820159912,5.817605495452881,9.858371496200562]",False
user11|treadmill_walking|treadmill_walking_2_kmh|A2,user11,train,treadmill_walking,treadmill_walking_2_kmh,Walk at 2 km/h,A2,released,,data/trials/user11/treadmill_walking/treadmill_walking_2_kmh/A2.npz,22810.0,14255.0,1283.0,14.25584077835083,True,3.0,"[1.9010818004608154,5.938161849975586,9.994250774383545]",False
user11|treadmill_walking|treadmill_walking_2_kmh|A3,user11,train,treadmill_walking,treadmill_walking_2_kmh,Walk at 2 km/h,A3,released,,data/trials/user11/treadmill_walking/treadmill_walking_2_kmh/A3.npz,22813.0,14259.0,1284.0,14.258456230163574,True,3.0,"[1.8156101703643799,5.853751182556152,9.896554231643677]",False
user11|treadmill_walking|treadmill_walking_2_kmh|A4,user11,train,treadmill_walking,treadmill_walking_2_kmh,Walk at 2 km/h,A4,released,,data/trials/user11/treadmill_walking/treadmill_walking_2_kmh/A4.npz,22808.0,14255.0,1283.0,14.254711389541626,True,3.0,"[1.8012921810150146,5.851348161697388,9.889995336532593]",False
user11|treadmill_walking|treadmill_walking_3_kmh|A1,user11,train,treadmill_walking,treadmill_walking_3_kmh,Walk at 3 km/h,A1,released,,data/trials/user11/treadmill_walking/treadmill_walking_3_kmh/A1.npz,22812.0,14258.0,1284.0,14.257395505905151,True,3.0,"[1.7972743511199951,5.837406396865845,9.88536548614502]",False
user11|treadmill_walking|treadmill_walking_3_kmh|A2,user11,train,treadmill_walking,treadmill_walking_3_kmh,Walk at 3 km/h,A2,released,,data/trials/user11/treadmill_walking/treadmill_walking_3_kmh/A2.npz,22962.0,14352.0,1292.0,14.351622343063354,True,3.0,"[1.9428250789642334,5.9935221672058105,9.938709259033203]",False
user11|treadmill_walking|treadmill_walking_3_kmh|A3,user11,train,treadmill_walking,treadmill_walking_3_kmh,Walk at 3 km/h,A3,released,,data/trials/user11/treadmill_walking/treadmill_walking_3_kmh/A3.npz,22807.0,14254.0,1283.0,14.25450849533081,True,3.0,"[1.7578644752502441,5.802842378616333,9.850338459014893]",False
user11|treadmill_walking|treadmill_walking_3_kmh|A4,user11,train,treadmill_walking,treadmill_walking_3_kmh,Walk at 3 km/h,A4,released,,data/trials/user11/treadmill_walking/treadmill_walking_3_kmh/A4.npz,22748.0,14218.0,1280.0,14.217304229736328,True,3.0,"[1.8214390277862549,5.854553937911987,9.89723014831543]",False
user11|treadmill_walking|treadmill_walking_4_kmh|A1,user11,train,treadmill_walking,treadmill_walking_4_kmh,Walk at 4 km/h,A1,released,,data/trials/user11/treadmill_walking/treadmill_walking_4_kmh/A1.npz,22832.0,14270.0,1285.0,14.270411491394045,True,3.0,"[1.7725694179534912,5.8135504722595215,9.854973316192627]",False
user11|treadmill_walking|treadmill_walking_4_kmh|A2,user11,train,treadmill_walking,treadmill_walking_4_kmh,Walk at 4 km/h,A2,released,,data/trials/user11/treadmill_walking/treadmill_walking_4_kmh/A2.npz,22919.0,14325.0,1290.0,14.32416033744812,True,3.0,"[1.8019073009490967,5.837490081787109,9.887030124664307]",False
user11|treadmill_walking|treadmill_walking_4_kmh|A3,user11,train,treadmill_walking,treadmill_walking_4_kmh,Walk at 4 km/h,A3,released,,data/trials/user11/treadmill_walking/treadmill_walking_4_kmh/A3.npz,22808.0,14255.0,1283.0,14.255016803741457,True,3.0,"[1.884537696838379,5.931704521179199,9.978198528289795]",False
user11|treadmill_walking|treadmill_walking_4_kmh|A4,user11,train,treadmill_walking,treadmill_walking_4_kmh,Walk at 4 km/h,A4,released,,data/trials/user11/treadmill_walking/treadmill_walking_4_kmh/A4.npz,22830.0,14269.0,1285.0,14.26890254020691,True,3.0,"[1.7852494716644287,5.822116374969482,9.8720383644104]",False
user11|treadmill_walking|treadmill_walking_5_kmh|A1,user11,train,treadmill_walking,treadmill_walking_5_kmh,Walk at 5 km/h,A1,released,,data/trials/user11/treadmill_walking/treadmill_walking_5_kmh/A1.npz,22835.0,14272.0,1285.0,14.272210836410522,True,3.0,"[1.8623418807983398,5.920605897903442,9.874072790145874]",False
user11|treadmill_walking|treadmill_walking_5_kmh|A2,user11,train,treadmill_walking,treadmill_walking_5_kmh,Walk at 5 km/h,A2,released,,data/trials/user11/treadmill_walking/treadmill_walking_5_kmh/A2.npz,22938.0,14336.0,1291.0,14.335961818695068,True,3.0,"[2.008690595626831,6.062966585159302,10.095216751098633]",False
user11|treadmill_walking|treadmill_walking_5_kmh|A3,user11,train,treadmill_walking,treadmill_walking_5_kmh,Walk at 5 km/h,A3,released,,data/trials/user11/treadmill_walking/treadmill_walking_5_kmh/A3.npz,22806.0,14254.0,1283.0,14.25389289855957,True,3.0,"[1.7901067733764648,5.834928750991821,9.883368730545044]",False
user11|treadmill_walking|treadmill_walking_5_kmh|A4,user11,train,treadmill_walking,treadmill_walking_5_kmh,Walk at 5 km/h,A4,released,,data/trials/user11/treadmill_walking/treadmill_walking_5_kmh/A4.npz,22750.0,14219.0,1280.0,14.21854043006897,True,3.0,"[1.8063814640045166,5.8420093059539795,9.890947341918945]",False
user12|functional_action|deadlift|A1,user12,train,functional_action,deadlift,Deadlift,A1,released,,data/trials/user12/functional_action/deadlift/A1.npz,22941.0,14338.0,1291.0,14.338184595108032,True,3.0,"[1.7138395309448242,5.744594573974609,9.778245449066162]",False
user12|functional_action|deadlift|A2,user12,train,functional_action,deadlift,Deadlift,A2,released,,data/trials/user12/functional_action/deadlift/A2.npz,23021.0,14388.0,1295.0,14.38833713531494,True,3.0,"[1.7474350929260254,5.7875330448150635,9.835304021835327]",False
user12|functional_action|deadlift|A3,user12,train,functional_action,deadlift,Deadlift,A3,released,,data/trials/user12/functional_action/deadlift/A3.npz,22900.0,14313.0,1289.0,14.312808990478516,True,3.0,"[1.711059808731079,5.759253740310669,9.798027753829956]",False
user12|functional_action|deadlift|A4,user12,train,functional_action,deadlift,Deadlift,A4,released,,data/trials/user12/functional_action/deadlift/A4.npz,23090.0,14431.0,1299.0,14.430999517440796,True,3.0,"[1.7336645126342773,5.767289400100708,9.799865484237671]",False
user12|functional_action|deep_squat|A1,user12,train,functional_action,deep_squat,Deep Squat,A1,released,,data/trials/user12/functional_action/deep_squat/A1.npz,23047.0,14405.0,1297.0,14.40476894378662,True,3.0,"[1.7612719535827637,5.809231996536255,9.843665838241577]",False
user12|functional_action|deep_squat|A2,user12,train,functional_action,deep_squat,Deep Squat,A2,released,,data/trials/user12/functional_action/deep_squat/A2.npz,22962.0,14351.0,1292.0,14.351274967193604,True,3.0,"[1.6911568641662598,5.726366758346558,9.769325733184814]",False
user12|functional_action|deep_squat|A3,user12,train,functional_action,deep_squat,Deep Squat,A3,released,,data/trials/user12/functional_action/deep_squat/A3.npz,23074.0,14420.0,1298.0,14.420714616775513,True,3.0,"[1.811927318572998,5.8545684814453125,9.891128540039062]",False
user12|functional_action|deep_squat|A4,user12,train,functional_action,deep_squat,Deep Squat,A4,released,,data/trials/user12/functional_action/deep_squat/A4.npz,22927.0,14330.0,1290.0,14.32990264892578,True,3.0,"[1.8047256469726562,5.837318658828735,9.875409603118896]",False
user12|functional_action|forward_lunge|A1,user12,train,functional_action,forward_lunge,Forward Lunge,A1,released,,data/trials/user12/functional_action/forward_lunge/A1.npz,22928.0,14330.0,1290.0,14.329983949661257,True,3.0,"[1.8220479488372803,5.853423833847046,9.891217947006226]",False
user12|functional_action|forward_lunge|A2,user12,train,functional_action,forward_lunge,Forward Lunge,A2,released,,data/trials/user12/functional_action/forward_lunge/A2.npz,22970.0,14356.0,1292.0,14.356019258499146,True,3.0,"[1.7239482402801514,5.7556471824646,9.797078132629395]",False
user12|functional_action|forward_lunge|A3,user12,train,functional_action,forward_lunge,Forward Lunge,A3,released,,data/trials/user12/functional_action/forward_lunge/A3.npz,22973.0,14357.0,1293.0,14.35764980316162,True,3.0,"[1.6980717182159424,5.725139856338501,9.768130779266357]",False
user12|functional_action|forward_lunge|A4,user12,train,functional_action,forward_lunge,Forward Lunge,A4,released,,data/trials/user12/functional_action/forward_lunge/A4.npz,22930.0,14331.0,1290.0,14.33125066757202,True,3.0,"[1.7822813987731934,5.818988561630249,9.850730419158936]",False
user12|functional_action|heel_raise|A1,user12,train,functional_action,heel_raise,Heel Raise,A1,released,,data/trials/user12/functional_action/heel_raise/A1.npz,23028.0,14392.0,1296.0,14.392842769622805,True,3.0,"[1.7215516567230225,5.757912635803223,9.795779705047607]",False
user12|functional_action|heel_raise|A2,user12,train,functional_action,heel_raise,Heel Raise,A2,released,,data/trials/user12/functional_action/heel_raise/A2.npz,22978.0,14362.0,1293.0,14.361746549606323,True,3.0,"[1.7126555442810059,5.748533487319946,9.777351379394531]",False
user12|functional_action|heel_raise|A3,user12,train,functional_action,heel_raise,Heel Raise,A3,released,,data/trials/user12/functional_action/heel_raise/A3.npz,22814.0,14258.0,1284.0,14.258766412734984,True,3.0,"[1.7797212600708008,5.8073952198028564,9.834906101226807]",False
user12|functional_action|heel_raise|A4,user12,train,functional_action,heel_raise,Heel Raise,A4,released,,data/trials/user12/functional_action/heel_raise/A4.npz,23036.0,14398.0,1296.0,14.39731240272522,True,3.0,"[1.7196342945098877,5.757725238800049,9.790676355361938]",False
user12|functional_action|left_lunge|A1,user12,train,functional_action,left_lunge,Left Lunge,A1,released,,data/trials/user12/functional_action/left_lunge/A1.npz,22888.0,14305.0,1288.0,14.305400848388672,True,3.0,"[1.77504563331604,5.806859731674194,9.841026544570923]",False
user12|functional_action|left_lunge|A2,user12,train,functional_action,left_lunge,Left Lunge,A2,released,,data/trials/user12/functional_action/left_lunge/A2.npz,22879.0,14299.0,1287.0,14.2987859249115,True,3.0,"[1.7029030323028564,5.746508836746216,9.787478923797607]",False
user12|functional_action|left_lunge|A3,user12,train,functional_action,left_lunge,Left Lunge,A3,released,,data/trials/user12/functional_action/left_lunge/A3.npz,22978.0,14362.0,1293.0,14.361437320709229,True,3.0,"[1.8884823322296143,5.925900220870972,9.97157335281372]",False
user12|functional_action|left_lunge|A4,user12,train,functional_action,left_lunge,Left Lunge,A4,released,,data/trials/user12/functional_action/left_lunge/A4.npz,22915.0,14322.0,1289.0,14.321712732315063,True,3.0,"[1.7191517353057861,5.7573466300964355,9.799969673156738]",False
user12|functional_action|quiet_sit|A1,user12,train,functional_action,quiet_sit,Quiet Sit,A1,released,,data/trials/user12/functional_action/quiet_sit/A1.npz,22951.0,14345.0,1291.0,14.3448383808136,True,3.0,"[1.7353041172027588,5.783819198608398,9.82924509048462]",False
user12|functional_action|quiet_sit|A2,user12,train,functional_action,quiet_sit,Quiet Sit,A2,released,,data/trials/user12/functional_action/quiet_sit/A2.npz,23009.0,14380.0,1295.0,14.380341053009031,True,3.0,"[1.732893943786621,5.7732508182525635,9.812115907669067]",False
user12|functional_action|quiet_sit|A3,user12,train,functional_action,quiet_sit,Quiet Sit,A3,released,,data/trials/user12/functional_action/quiet_sit/A3.npz,22901.0,14313.0,1289.0,14.312945365905762,True,3.0,"[1.7109332084655762,5.7617573738098145,9.800823211669922]",False
user12|functional_action|quiet_sit|A4,user12,train,functional_action,quiet_sit,Quiet Sit,A4,released,,data/trials/user12/functional_action/quiet_sit/A4.npz,23055.0,14409.0,1297.0,14.409166812896729,True,3.0,"[1.757915735244751,5.799761533737183,9.835306644439697]",False
user12|functional_action|quiet_stand|A1,user12,train,functional_action,quiet_stand,Quiet Stand,A1,released,,data/trials/user12/functional_action/quiet_stand/A1.npz,22953.0,14345.0,1292.0,14.345884561538696,True,3.0,"[1.6870853900909424,5.7195305824279785,9.77249550819397]",False
user12|functional_action|quiet_stand|A2,user12,train,functional_action,quiet_stand,Quiet Stand,A2,released,,data/trials/user12/functional_action/quiet_stand/A2.npz,23131.0,14457.0,1301.0,14.457075119018556,True,3.0,"[1.8059039115905762,5.8491339683532715,9.799458980560303]",False
user12|functional_action|quiet_stand|A3,user12,train,functional_action,quiet_stand,Quiet Stand,A3,released,,data/trials/user12/functional_action/quiet_stand/A3.npz,22990.0,14369.0,1294.0,14.368538856506348,True,3.0,"[1.7295148372650146,5.774137735366821,9.809830904006958]",False
user12|functional_action|quiet_stand|A4,user12,train,functional_action,quiet_stand,Quiet Stand,A4,released,,data/trials/user12/functional_action/quiet_stand/A4.npz,22873.0,14296.0,1287.0,14.296003341674805,True,3.0,"[1.7381653785705566,5.772168397903442,9.804562330245972]",False
user12|functional_action|single_leg_stance|A1,user12,train,functional_action,single_leg_stance,Single-leg Stance,A1,released,,data/trials/user12/functional_action/single_leg_stance/A1.npz,22974.0,14359.0,1293.0,14.358905553817747,True,3.0,"[1.7493672370910645,5.783205270767212,9.82717227935791]",False
user12|functional_action|single_leg_stance|A2,user12,train,functional_action,single_leg_stance,Single-leg Stance,A2,released,,data/trials/user12/functional_action/single_leg_stance/A2.npz,22946.0,14341.0,1291.0,14.34116244316101,True,3.0,"[1.7408254146575928,5.770362377166748,9.811971426010132]",False
user12|functional_action|single_leg_stance|A3,user12,train,functional_action,single_leg_stance,Single-leg Stance,A3,released,,data/trials/user12/functional_action/single_leg_stance/A3.npz,22950.0,14344.0,1291.0,14.343777894973757,True,3.0,"[1.6930627822875977,5.729169845581055,9.769107818603516]",False
user12|functional_action|single_leg_stance|A4,user12,train,functional_action,single_leg_stance,Single-leg Stance,A4,released,,data/trials/user12/functional_action/single_leg_stance/A4.npz,23010.0,14382.0,1295.0,14.381237983703612,True,3.0,"[1.7261569499969482,5.752417802810669,9.793262958526611]",False
user12|functional_action|stair_ascent|A1,user12,train,functional_action,stair_ascent,Stair Ascent,A1,released,,data/trials/user12/functional_action/stair_ascent/A1.npz,22924.0,14328.0,1290.0,14.32781457901001,True,3.0,"[1.712456464767456,5.754552364349365,9.79515528678894]",False
user12|functional_action|stair_ascent|A2,user12,train,functional_action,stair_ascent,Stair Ascent,A2,released,,data/trials/user12/functional_action/stair_ascent/A2.npz,22970.0,14356.0,1293.0,14.356155633926392,True,3.0,"[1.7956655025482178,5.827681541442871,9.868252515792847]",False
user12|functional_action|stair_ascent|A3,user12,train,functional_action,stair_ascent,Stair Ascent,A3,released,,data/trials/user12/functional_action/stair_ascent/A3.npz,23006.0,14379.0,1294.0,14.378620624542236,True,3.0,"[1.7372584342956543,5.765717506408691,9.80825138092041]",False
user12|functional_action|stair_ascent|A4,user12,train,functional_action,stair_ascent,Stair Ascent,A4,released,,data/trials/user12/functional_action/stair_ascent/A4.npz,22974.0,14359.0,1293.0,14.358883142471312,True,3.0,"[1.774611234664917,5.808605194091797,9.851284265518188]",False
user12|functional_action|stand_sit_transition|A1,user12,train,functional_action,stand_sit_transition,Stand-sit transition,A1,released,,data/trials/user12/functional_action/stand_sit_transition/A1.npz,22985.0,14366.0,1293.0,14.36534571647644,True,3.0,"[1.7014245986938477,5.742261648178101,9.78510069847107]",False
user12|functional_action|stand_sit_transition|A2,user12,train,functional_action,stand_sit_transition,Stand-sit transition,A2,released,,data/trials/user12/functional_action/stand_sit_transition/A2.npz,22984.0,14364.0,1293.0,14.364615678787231,True,3.0,"[1.721015453338623,5.7593865394592285,9.8113534450531]",False
user12|functional_action|stand_sit_transition|A3,user12,train,functional_action,stand_sit_transition,Stand-sit transition,A3,released,,data/trials/user12/functional_action/stand_sit_transition/A3.npz,22922.0,14326.0,1290.0,14.325833559036257,True,3.0,"[1.805119514465332,5.834359645843506,9.880403518676758]",False
user12|functional_action|stand_sit_transition|A4,user12,train,functional_action,stand_sit_transition,Stand-sit transition,A4,released,,data/trials/user12/functional_action/stand_sit_transition/A4.npz,22911.0,14319.0,1289.0,14.319116353988647,True,3.0,"[1.8260602951049805,5.854665279388428,9.90368127822876]",False
user12|functional_action|vertical_jump|A1,user12,train,functional_action,vertical_jump,Vertical Jump,A1,released,,data/trials/user12/functional_action/vertical_jump/A1.npz,22982.0,14364.0,1293.0,14.3633770942688,True,3.0,"[1.7582361698150635,5.787052154541016,9.820356130599976]",False
user12|functional_action|vertical_jump|A2,user12,train,functional_action,vertical_jump,Vertical Jump,A2,released,,data/trials/user12/functional_action/vertical_jump/A2.npz,22903.0,14314.0,1289.0,14.314139127731323,True,3.0,"[1.7380480766296387,5.765980958938599,9.802547931671143]",False
user12|functional_action|vertical_jump|A3,user12,train,functional_action,vertical_jump,Vertical Jump,A3,released,,data/trials/user12/functional_action/vertical_jump/A3.npz,22886.0,14303.0,1288.0,14.303744077682495,True,3.0,"[1.7195568084716797,5.747978925704956,9.796724796295166]",False
user12|functional_action|vertical_jump|A4,user12,train,functional_action,vertical_jump,Vertical Jump,A4,released,,data/trials/user12/functional_action/vertical_jump/A4.npz,22789.0,14243.0,1282.0,14.243103265762327,True,3.0,"[1.7061042785644531,5.733712196350098,9.775017261505127]",False
user12|treadmill_walking|treadmill_walking_1_kmh|A1,user12,train,treadmill_walking,treadmill_walking_1_kmh,Walk at 1 km/h,A1,released,,data/trials/user12/treadmill_walking/treadmill_walking_1_kmh/A1.npz,22918.0,14323.0,1289.0,14.323488473892212,True,3.0,"[1.7486512660980225,5.792665243148804,9.821977376937866]",False
user12|treadmill_walking|treadmill_walking_1_kmh|A2,user12,train,treadmill_walking,treadmill_walking_1_kmh,Walk at 1 km/h,A2,released,,data/trials/user12/treadmill_walking/treadmill_walking_1_kmh/A2.npz,22949.0,14343.0,1291.0,14.343508005142212,True,3.0,"[1.7221019268035889,5.761293888092041,9.801642894744873]",False
user12|treadmill_walking|treadmill_walking_1_kmh|A3,user12,train,treadmill_walking,treadmill_walking_1_kmh,Walk at 1 km/h,A3,released,,data/trials/user12/treadmill_walking/treadmill_walking_1_kmh/A3.npz,22956.0,14347.0,1292.0,14.347565174102783,True,3.0,"[1.7416770458221436,5.7815001010894775,9.817744016647339]",False
user12|treadmill_walking|treadmill_walking_1_kmh|A4,user12,train,treadmill_walking,treadmill_walking_1_kmh,Walk at 1 km/h,A4,released,,data/trials/user12/treadmill_walking/treadmill_walking_1_kmh/A4.npz,23041.0,14401.0,1297.0,14.401068925857544,True,3.0,"[1.7402229309082031,5.780543804168701,9.812305927276611]",False
user12|treadmill_walking|treadmill_walking_2_kmh|A1,user12,train,treadmill_walking,treadmill_walking_2_kmh,Walk at 2 km/h,A1,released,,data/trials/user12/treadmill_walking/treadmill_walking_2_kmh/A1.npz,23026.0,14391.0,1296.0,14.39147138595581,True,3.0,"[1.7585422992706299,5.794640302658081,9.829966068267822]",False
user12|treadmill_walking|treadmill_walking_2_kmh|A2,user12,train,treadmill_walking,treadmill_walking_2_kmh,Walk at 2 km/h,A2,released,,data/trials/user12/treadmill_walking/treadmill_walking_2_kmh/A2.npz,22897.0,14311.0,1288.0,14.31088161468506,True,3.0,"[1.902949333190918,5.946027517318726,9.985718488693237]",False
user12|treadmill_walking|treadmill_walking_2_kmh|A3,user12,train,treadmill_walking,treadmill_walking_2_kmh,Walk at 2 km/h,A3,released,,data/trials/user12/treadmill_walking/treadmill_walking_2_kmh/A3.npz,22583.0,14114.0,1270.0,14.11384415626526,True,3.0,"[1.6351120471954346,5.675351858139038,9.706115007400513]",False
user12|treadmill_walking|treadmill_walking_2_kmh|A4,user12,train,treadmill_walking,treadmill_walking_2_kmh,Walk at 2 km/h,A4,released,,data/trials/user12/treadmill_walking/treadmill_walking_2_kmh/A4.npz,22922.0,14327.0,1290.0,14.326438426971436,True,3.0,"[1.820615291595459,5.860682249069214,9.895293474197388]",False
user12|treadmill_walking|treadmill_walking_3_kmh|A1,user12,train,treadmill_walking,treadmill_walking_3_kmh,Walk at 3 km/h,A1,released,,data/trials/user12/treadmill_walking/treadmill_walking_3_kmh/A1.npz,22883.0,14302.0,1288.0,14.30200171470642,True,3.0,"[1.7034037113189697,5.739920616149902,9.776330709457397]",False
user12|treadmill_walking|treadmill_walking_3_kmh|A2,user12,train,treadmill_walking,treadmill_walking_3_kmh,Walk at 3 km/h,A2,released,,data/trials/user12/treadmill_walking/treadmill_walking_3_kmh/A2.npz,22962.0,14351.0,1292.0,14.351044654846191,True,3.0,"[1.7699775695800781,5.803759574890137,9.847939729690552]",False
user12|treadmill_walking|treadmill_walking_3_kmh|A3,user12,train,treadmill_walking,treadmill_walking_3_kmh,Walk at 3 km/h,A3,released,,data/trials/user12/treadmill_walking/treadmill_walking_3_kmh/A3.npz,22986.0,14367.0,1293.0,14.366228103637695,True,3.0,"[1.8384318351745605,5.883423805236816,9.93087887763977]",False
user12|treadmill_walking|treadmill_walking_3_kmh|A4,user12,train,treadmill_walking,treadmill_walking_3_kmh,Walk at 3 km/h,A4,released,,data/trials/user12/treadmill_walking/treadmill_walking_3_kmh/A4.npz,22876.0,14297.0,1287.0,14.297354221343994,True,3.0,"[1.6732401847839355,5.703939199447632,9.745230197906494]",False
user12|treadmill_walking|treadmill_walking_4_kmh|A1,user12,train,treadmill_walking,treadmill_walking_4_kmh,Walk at 4 km/h,A1,released,,data/trials/user12/treadmill_walking/treadmill_walking_4_kmh/A1.npz,22859.0,14287.0,1286.0,14.28665280342102,True,3.0,"[1.6581237316131592,5.70612359046936,9.740213632583618]",False
user12|treadmill_walking|treadmill_walking_4_kmh|A2,user12,train,treadmill_walking,treadmill_walking_4_kmh,Walk at 4 km/h,A2,released,,data/trials/user12/treadmill_walking/treadmill_walking_4_kmh/A2.npz,23247.0,14530.0,1308.0,14.529540300369264,True,3.0,"[1.948249340057373,5.980207204818726,10.022704362869263]",False
user12|treadmill_walking|treadmill_walking_4_kmh|A3,user12,train,treadmill_walking,treadmill_walking_4_kmh,Walk at 4 km/h,A3,released,,data/trials/user12/treadmill_walking/treadmill_walking_4_kmh/A3.npz,22885.0,14303.0,1288.0,14.303085803985596,True,3.0,"[1.9002916812896729,5.938211679458618,9.970712661743164]",False
user12|treadmill_walking|treadmill_walking_4_kmh|A4,user12,train,treadmill_walking,treadmill_walking_4_kmh,Walk at 4 km/h,A4,released,,data/trials/user12/treadmill_walking/treadmill_walking_4_kmh/A4.npz,22880.0,14300.0,1287.0,14.300222873687744,True,3.0,"[1.7341375350952148,5.7695066928863525,9.810281753540039]",False
user12|treadmill_walking|treadmill_walking_5_kmh|A1,user12,train,treadmill_walking,treadmill_walking_5_kmh,Walk at 5 km/h,A1,released,,data/trials/user12/treadmill_walking/treadmill_walking_5_kmh/A1.npz,22961.0,14351.0,1292.0,14.350764751434326,True,3.0,"[1.7527885437011719,5.787248611450195,9.816873550415039]",False
user12|treadmill_walking|treadmill_walking_5_kmh|A2,user12,train,treadmill_walking,treadmill_walking_5_kmh,Walk at 5 km/h,A2,released,,data/trials/user12/treadmill_walking/treadmill_walking_5_kmh/A2.npz,22823.0,14265.0,1284.0,14.26469349861145,True,3.0,"[1.7812554836273193,5.812784433364868,9.84606647491455]",False
user12|treadmill_walking|treadmill_walking_5_kmh|A3,user12,train,treadmill_walking,treadmill_walking_5_kmh,Walk at 5 km/h,A3,released,,data/trials/user12/treadmill_walking/treadmill_walking_5_kmh/A3.npz,22972.0,14357.0,1292.0,14.357102632522585,True,3.0,"[1.8037114143371582,5.841413497924805,9.876524448394775]",False
user12|treadmill_walking|treadmill_walking_5_kmh|A4,user12,train,treadmill_walking,treadmill_walking_5_kmh,Walk at 5 km/h,A4,released,,data/trials/user12/treadmill_walking/treadmill_walking_5_kmh/A4.npz,22942.0,14339.0,1291.0,14.339160442352297,True,3.0,"[1.7506191730499268,5.78776216506958,9.827008247375488]",False
user13|functional_action|deadlift|A1,user13,train,functional_action,deadlift,Deadlift,A1,released,,data/trials/user13/functional_action/deadlift/A1.npz,22748.0,14218.0,1280.0,14.217573165893556,True,3.0,"[1.783682107925415,5.823882102966309,9.7832510471344]",False
user13|functional_action|deadlift|A2,user13,train,functional_action,deadlift,Deadlift,A2,released,,data/trials/user13/functional_action/deadlift/A2.npz,22725.0,14203.0,1279.0,14.202695608139038,True,3.0,"[1.8666465282440186,5.908451557159424,9.956655502319336]",False
user13|functional_action|deadlift|A3,user13,train,functional_action,deadlift,Deadlift,A3,released,,data/trials/user13/functional_action/deadlift/A3.npz,22708.0,14192.0,1278.0,14.192449569702148,True,3.0,"[1.8649744987487793,5.894587516784668,9.947944402694702]",False
user13|functional_action|deadlift|A4,user13,train,functional_action,deadlift,Deadlift,A4,released,,data/trials/user13/functional_action/deadlift/A4.npz,22703.0,14188.0,1277.0,14.18885612487793,True,3.0,"[1.8560600280761719,5.900919198989868,9.849096059799194]",False
user13|functional_action|deep_squat|A1,user13,train,functional_action,deep_squat,Deep Squat,A1,released,,data/trials/user13/functional_action/deep_squat/A1.npz,22710.0,14193.0,1278.0,14.193603038787842,True,3.0,"[1.750669002532959,5.787693977355957,9.834450006484985]",False
user13|functional_action|deep_squat|A2,user13,train,functional_action,deep_squat,Deep Squat,A2,released,,data/trials/user13/functional_action/deep_squat/A2.npz,22652.0,14157.0,1275.0,14.157464265823364,True,3.0,"[1.7165310382843018,5.746834993362427,9.7967050075531]",False
user13|functional_action|deep_squat|A3,user13,train,functional_action,deep_squat,Deep Squat,A3,released,,data/trials/user13/functional_action/deep_squat/A3.npz,22839.0,14275.0,1285.0,14.27458381652832,True,3.0,"[1.7941558361053467,5.8497607707977295,9.803844690322876]",False
user13|functional_action|deep_squat|A4,user13,train,functional_action,deep_squat,Deep Squat,A4,released,,data/trials/user13/functional_action/deep_squat/A4.npz,22656.0,14160.0,1275.0,14.159760236740112,True,3.0,"[1.7956571578979492,5.840206146240234,9.790688276290894]",False
user13|functional_action|forward_lunge|A1,user13,train,functional_action,forward_lunge,Forward Lunge,A1,released,,data/trials/user13/functional_action/forward_lunge/A1.npz,22872.0,14295.0,1287.0,14.29475235939026,True,3.0,"[1.7965011596679688,5.848810195922852,9.88597822189331]",False
user13|functional_action|forward_lunge|A2,user13,train,functional_action,forward_lunge,Forward Lunge,A2,released,,data/trials/user13/functional_action/forward_lunge/A2.npz,22730.0,14207.0,1279.0,14.20631217956543,True,3.0,"[1.7490670680999756,5.802121162414551,9.751439094543457]",False
user13|functional_action|forward_lunge|A3,user13,train,functional_action,forward_lunge,Forward Lunge,A3,released,,data/trials/user13/functional_action/forward_lunge/A3.npz,22726.0,14204.0,1279.0,14.203831911087036,True,3.0,"[1.821847915649414,5.864118814468384,9.911288976669312]",False
user13|functional_action|forward_lunge|A4,user13,train,functional_action,forward_lunge,Forward Lunge,A4,released,,data/trials/user13/functional_action/forward_lunge/A4.npz,22722.0,14202.0,1279.0,14.201538562774658,True,3.0,"[2.044797420501709,6.081811428070068,10.133009433746338]",False
user13|functional_action|heel_raise|A1,user13,train,functional_action,heel_raise,Heel Raise,A1,released,,data/trials/user13/functional_action/heel_raise/A1.npz,22728.0,14205.0,1279.0,14.205110788345335,True,3.0,"[1.788597583770752,5.839282512664795,9.785503625869751]",False
user13|functional_action|heel_raise|A2,user13,train,functional_action,heel_raise,Heel Raise,A2,released,,data/trials/user13/functional_action/heel_raise/A2.npz,22625.0,14141.0,1273.0,14.1410551071167,True,3.0,"[1.7331469058990479,5.7787439823150635,9.824429035186768]",False
user13|functional_action|heel_raise|A3,user13,train,functional_action,heel_raise,Heel Raise,A3,released,,data/trials/user13/functional_action/heel_raise/A3.npz,22645.0,14153.0,1274.0,14.152916193008425,True,3.0,"[1.8923041820526123,5.928766250610352,9.976437091827393]",False
user13|functional_action|heel_raise|A4,user13,train,functional_action,heel_raise,Heel Raise,A4,released,,data/trials/user13/functional_action/heel_raise/A4.npz,22694.0,14184.0,1277.0,14.18369460105896,True,3.0,"[1.7218873500823975,5.7673094272613525,9.716509342193604]",False
user13|functional_action|left_lunge|A1,user13,train,functional_action,left_lunge,Left Lunge,A1,released,,data/trials/user13/functional_action/left_lunge/A1.npz,22776.0,14235.0,1281.0,14.23496413230896,True,3.0,"[1.775712013244629,5.813781023025513,9.853808879852295]",False
user13|functional_action|left_lunge|A2,user13,train,functional_action,left_lunge,Left Lunge,A2,released,,data/trials/user13/functional_action/left_lunge/A2.npz,22766.0,14229.0,1281.0,14.22846293449402,True,3.0,"[1.758542776107788,5.801786661148071,9.837404727935791]",False
user13|functional_action|left_lunge|A3,user13,train,functional_action,left_lunge,Left Lunge,A3,released,,data/trials/user13/functional_action/left_lunge/A3.npz,22731.0,14207.0,1279.0,14.206897020339966,True,3.0,"[1.746232032775879,5.780754089355469,9.767645120620728]",False
user13|functional_action|left_lunge|A4,user13,train,functional_action,left_lunge,Left Lunge,A4,released,,data/trials/user13/functional_action/left_lunge/A4.npz,22785.0,14240.0,1282.0,14.240793704986572,True,3.0,"[1.8469367027282715,5.884244680404663,9.920280694961548]",False
user13|functional_action|quiet_sit|A1,user13,train,functional_action,quiet_sit,Quiet Sit,A1,released,,data/trials/user13/functional_action/quiet_sit/A1.npz,22763.0,14226.0,1281.0,14.226471424102783,True,3.0,"[1.7805392742156982,5.840068340301514,9.78751516342163]",False
user13|functional_action|quiet_sit|A2,user13,train,functional_action,quiet_sit,Quiet Sit,A2,released,,data/trials/user13/functional_action/quiet_sit/A2.npz,22665.0,14166.0,1275.0,14.165647268295288,True,3.0,"[1.7218983173370361,5.764644145965576,9.79923415184021]",False
user13|functional_action|quiet_sit|A3,user13,train,functional_action,quiet_sit,Quiet Sit,A3,released,,data/trials/user13/functional_action/quiet_sit/A3.npz,22662.0,14163.0,1275.0,14.163525819778442,True,3.0,"[1.7448198795318604,5.783193826675415,9.827830791473389]",False
user13|functional_action|quiet_sit|A4,user13,train,functional_action,quiet_sit,Quiet Sit,A4,released,,data/trials/user13/functional_action/quiet_sit/A4.npz,22663.0,14165.0,1275.0,14.16472053527832,True,3.0,"[1.809098482131958,5.856013536453247,9.806284427642822]",False
user13|functional_action|quiet_stand|A1,user13,train,functional_action,quiet_stand,Quiet Stand,A1,released,,data/trials/user13/functional_action/quiet_stand/A1.npz,22680.0,14175.0,1276.0,14.175472736358644,True,3.0,"[1.7683985233306885,5.811272621154785,9.847957611083984]",False
user13|functional_action|quiet_stand|A2,user13,train,functional_action,quiet_stand,Quiet Stand,A2,released,,data/trials/user13/functional_action/quiet_stand/A2.npz,22819.0,14263.0,1284.0,14.262229681015016,True,3.0,"[1.760253667831421,5.786962509155273,9.82778263092041]",False
user13|functional_action|quiet_stand|A3,user13,train,functional_action,quiet_stand,Quiet Stand,A3,released,,data/trials/user13/functional_action/quiet_stand/A3.npz,22767.0,14229.0,1281.0,14.229075908660889,True,3.0,"[1.75956392288208,5.794958829879761,9.833194971084595]",False
user13|functional_action|quiet_stand|A4,user13,train,functional_action,quiet_stand,Quiet Stand,A4,released,,data/trials/user13/functional_action/quiet_stand/A4.npz,22678.0,14173.0,1276.0,14.173611879348757,True,3.0,"[1.9272589683532715,5.979196786880493,9.920707941055298]",False
user13|functional_action|single_leg_stance|A1,user13,train,functional_action,single_leg_stance,Single-leg Stance,A1,released,,data/trials/user13/functional_action/single_leg_stance/A1.npz,22906.0,14315.0,1289.0,14.3158597946167,True,3.0,"[1.797292709350586,5.838911771774292,9.884055614471436]",False
user13|functional_action|single_leg_stance|A2,user13,train,functional_action,single_leg_stance,Single-leg Stance,A2,released,,data/trials/user13/functional_action/single_leg_stance/A2.npz,22699.0,14187.0,1277.0,14.186918497085571,True,3.0,"[1.8797023296356201,5.919201374053955,9.961400508880615]",False
user13|functional_action|single_leg_stance|A3,user13,train,functional_action,single_leg_stance,Single-leg Stance,A3,released,,data/trials/user13/functional_action/single_leg_stance/A3.npz,22692.0,14182.0,1277.0,14.18244218826294,True,3.0,"[1.6979882717132568,5.7411651611328125,9.787505149841309]",False
user13|functional_action|single_leg_stance|A4,user13,train,functional_action,single_leg_stance,Single-leg Stance,A4,released,,data/trials/user13/functional_action/single_leg_stance/A4.npz,22666.0,14166.0,1275.0,14.166105270385742,True,3.0,"[1.819080114364624,5.852441072463989,9.911245107650757]",False
user13|functional_action|stair_ascent|A1,user13,train,functional_action,stair_ascent,Stair Ascent,A1,released,,data/trials/user13/functional_action/stair_ascent/A1.npz,22715.0,14197.0,1278.0,14.196967124938965,True,3.0,"[1.7659881114959717,5.797477960586548,9.850595951080322]",False
user13|functional_action|stair_ascent|A2,user13,train,functional_action,stair_ascent,Stair Ascent,A2,released,,data/trials/user13/functional_action/stair_ascent/A2.npz,22634.0,14146.0,1273.0,14.146434307098389,True,3.0,"[1.7492790222167969,5.7841291427612305,9.841603994369507]",False
user13|functional_action|stair_ascent|A3,user13,train,functional_action,stair_ascent,Stair Ascent,A3,released,,data/trials/user13/functional_action/stair_ascent/A3.npz,22826.0,14267.0,1284.0,14.266313076019289,True,3.0,"[1.7645418643951416,5.791670799255371,9.845064878463745]",False
user13|functional_action|stair_ascent|A4,user13,train,functional_action,stair_ascent,Stair Ascent,A4,released,,data/trials/user13/functional_action/stair_ascent/A4.npz,22635.0,14147.0,1274.0,14.146636486053469,True,3.0,"[1.7491192817687988,5.789825439453125,9.835355281829834]",False
user13|functional_action|stand_sit_transition|A1,user13,train,functional_action,stand_sit_transition,Stand-sit transition,A1,released,,data/trials/user13/functional_action/stand_sit_transition/A1.npz,22837.0,14273.0,1285.0,14.273014783859251,True,3.0,"[1.8099148273468018,5.843083620071411,9.897793769836426]",False
user13|functional_action|stand_sit_transition|A2,user13,train,functional_action,stand_sit_transition,Stand-sit transition,A2,released,,data/trials/user13/functional_action/stand_sit_transition/A2.npz,22666.0,14166.0,1275.0,14.165804386138916,True,3.0,"[1.7192902565002441,5.757222414016724,9.806618452072144]",False
user13|functional_action|stand_sit_transition|A3,user13,train,functional_action,stand_sit_transition,Stand-sit transition,A3,released,,data/trials/user13/functional_action/stand_sit_transition/A3.npz,22808.0,14255.0,1283.0,14.25491428375244,True,3.0,"[1.7774381637573242,5.828492164611816,9.778374195098877]",False
user13|functional_action|stand_sit_transition|A4,user13,train,functional_action,stand_sit_transition,Stand-sit transition,A4,released,,data/trials/user13/functional_action/stand_sit_transition/A4.npz,22624.0,14140.0,1273.0,14.140330791473389,True,3.0,"[1.7589387893676758,5.790096759796143,9.750699758529663]",False
user13|functional_action|vertical_jump|A1,user13,train,functional_action,vertical_jump,Vertical Jump,A1,released,,data/trials/user13/functional_action/vertical_jump/A1.npz,22626.0,14141.0,1273.0,14.141130447387695,True,3.0,"[1.8000493049621582,5.843015193939209,9.834928274154663]",False
user13|functional_action|vertical_jump|A2,user13,train,functional_action,vertical_jump,Vertical Jump,A2,released,,data/trials/user13/functional_action/vertical_jump/A2.npz,22622.0,14139.0,1273.0,14.138677597045898,True,3.0,"[1.7747056484222412,5.812451601028442,9.868058443069458]",False
user13|functional_action|vertical_jump|A3,user13,train,functional_action,vertical_jump,Vertical Jump,A3,released,,data/trials/user13/functional_action/vertical_jump/A3.npz,22810.0,14256.0,1283.0,14.255874156951904,True,3.0,"[1.800455093383789,5.845914125442505,9.89111614227295]",False
user13|functional_action|vertical_jump|A4,user13,train,functional_action,vertical_jump,Vertical Jump,A4,released,,data/trials/user13/functional_action/vertical_jump/A4.npz,22714.0,14197.0,1278.0,14.196269750595093,True,3.0,"[1.7906126976013184,5.827742576599121,9.871370553970337]",False
user13|treadmill_walking|treadmill_walking_1_kmh|A1,user13,train,treadmill_walking,treadmill_walking_1_kmh,Walk at 1 km/h,A1,released,,data/trials/user13/treadmill_walking/treadmill_walking_1_kmh/A1.npz,22646.0,14154.0,1274.0,14.153756141662598,True,3.0,"[1.7145369052886963,5.750969886779785,9.80737590789795]",False
user13|treadmill_walking|treadmill_walking_1_kmh|A2,user13,train,treadmill_walking,treadmill_walking_1_kmh,Walk at 1 km/h,A2,released,,data/trials/user13/treadmill_walking/treadmill_walking_1_kmh/A2.npz,22683.0,14177.0,1276.0,14.176875352859495,True,3.0,"[1.9240813255310059,5.967789173126221,10.011813163757324]",False
user13|treadmill_walking|treadmill_walking_1_kmh|A3,user13,train,treadmill_walking,treadmill_walking_1_kmh,Walk at 1 km/h,A3,released,,data/trials/user13/treadmill_walking/treadmill_walking_1_kmh/A3.npz,22639.0,14150.0,1274.0,14.149320602416992,True,3.0,"[2.0390002727508545,6.08944845199585,10.049683332443237]",False
user13|treadmill_walking|treadmill_walking_1_kmh|A4,user13,train,treadmill_walking,treadmill_walking_1_kmh,Walk at 1 km/h,A4,released,,data/trials/user13/treadmill_walking/treadmill_walking_1_kmh/A4.npz,22646.0,14154.0,1274.0,14.153802871704102,True,3.0,"[1.7740726470947266,5.812459707260132,9.856931686401367]",False
user13|treadmill_walking|treadmill_walking_2_kmh|A1,user13,train,treadmill_walking,treadmill_walking_2_kmh,Walk at 2 km/h,A1,released,,data/trials/user13/treadmill_walking/treadmill_walking_2_kmh/A1.npz,22763.0,14227.0,1281.0,14.22676920890808,True,3.0,"[1.7898390293121338,5.824985027313232,9.868604898452759]",False
user13|treadmill_walking|treadmill_walking_2_kmh|A2,user13,train,treadmill_walking,treadmill_walking_2_kmh,Walk at 2 km/h,A2,released,,data/trials/user13/treadmill_walking/treadmill_walking_2_kmh/A2.npz,22708.0,14192.0,1278.0,14.192288875579834,True,3.0,"[2.025927782058716,6.063078880310059,10.102386713027954]",False
user13|treadmill_walking|treadmill_walking_2_kmh|A3,user13,train,treadmill_walking,treadmill_walking_2_kmh,Walk at 2 km/h,A3,released,,data/trials/user13/treadmill_walking/treadmill_walking_2_kmh/A3.npz,22583.0,14115.0,1271.0,14.114683389663696,True,3.0,"[1.7855224609375,5.826048374176025,9.86952543258667]",False
user13|treadmill_walking|treadmill_walking_2_kmh|A4,user13,train,treadmill_walking,treadmill_walking_2_kmh,Walk at 2 km/h,A4,released,,data/trials/user13/treadmill_walking/treadmill_walking_2_kmh/A4.npz,22661.0,14163.0,1275.0,14.1631977558136,True,3.0,"[1.7289016246795654,5.773303508758545,9.80537748336792]",False
user13|treadmill_walking|treadmill_walking_3_kmh|A1,user13,train,treadmill_walking,treadmill_walking_3_kmh,Walk at 3 km/h,A1,released,,data/trials/user13/treadmill_walking/treadmill_walking_3_kmh/A1.npz,22655.0,14159.0,1275.0,14.159070014953612,True,3.0,"[1.8559989929199219,5.898975849151611,9.947403907775879]",False
user13|treadmill_walking|treadmill_walking_3_kmh|A2,user13,train,treadmill_walking,treadmill_walking_3_kmh,Walk at 3 km/h,A2,released,,data/trials/user13/treadmill_walking/treadmill_walking_3_kmh/A2.npz,23001.0,14376.0,1294.0,14.375821113586426,True,3.0,"[2.0446889400482178,6.088850021362305,10.13729190826416]",False
user13|treadmill_walking|treadmill_walking_3_kmh|A3,user13,train,treadmill_walking,treadmill_walking_3_kmh,Walk at 3 km/h,A3,released,,data/trials/user13/treadmill_walking/treadmill_walking_3_kmh/A3.npz,22684.0,14177.0,1276.0,14.177171230316162,True,3.0,"[1.783588171005249,5.818252086639404,9.84921407699585]",False
user13|treadmill_walking|treadmill_walking_3_kmh|A4,user13,train,treadmill_walking,treadmill_walking_3_kmh,Walk at 3 km/h,A4,released,,data/trials/user13/treadmill_walking/treadmill_walking_3_kmh/A4.npz,22626.0,14141.0,1273.0,14.141729593276978,True,3.0,"[1.721872329711914,5.771798372268677,9.716428518295288]",False
user13|treadmill_walking|treadmill_walking_4_kmh|A1,user13,train,treadmill_walking,treadmill_walking_4_kmh,Walk at 4 km/h,A1,released,,data/trials/user13/treadmill_walking/treadmill_walking_4_kmh/A1.npz,22751.0,14219.0,1280.0,14.219253540039062,True,3.0,"[1.7715303897857666,5.808128356933594,9.854207515716553]",False
user13|treadmill_walking|treadmill_walking_4_kmh|A2,user13,train,treadmill_walking,treadmill_walking_4_kmh,Walk at 4 km/h,A2,released,,data/trials/user13/treadmill_walking/treadmill_walking_4_kmh/A2.npz,22617.0,14136.0,1273.0,14.13601279258728,True,3.0,"[1.7411634922027588,5.782723665237427,9.824760675430298]",False
user13|treadmill_walking|treadmill_walking_4_kmh|A3,user13,train,treadmill_walking,treadmill_walking_4_kmh,Walk at 4 km/h,A3,released,,data/trials/user13/treadmill_walking/treadmill_walking_4_kmh/A3.npz,22663.0,14165.0,1275.0,14.164374589920044,True,3.0,"[1.7293825149536133,5.766894578933716,9.812649488449097]",False
user13|treadmill_walking|treadmill_walking_4_kmh|A4,user13,train,treadmill_walking,treadmill_walking_4_kmh,Walk at 4 km/h,A4,released,,data/trials/user13/treadmill_walking/treadmill_walking_4_kmh/A4.npz,22636.0,14148.0,1274.0,14.147718906402588,True,3.0,"[1.7423748970031738,5.809070825576782,9.755124807357788]",False
user13|treadmill_walking|treadmill_walking_5_kmh|A1,user13,train,treadmill_walking,treadmill_walking_5_kmh,Walk at 5 km/h,A1,released,,data/trials/user13/treadmill_walking/treadmill_walking_5_kmh/A1.npz,22626.0,14141.0,1273.0,14.14092469215393,True,3.0,"[1.7732176780700684,5.818540811538696,9.863105773925781]",False
user13|treadmill_walking|treadmill_walking_5_kmh|A2,user13,train,treadmill_walking,treadmill_walking_5_kmh,Walk at 5 km/h,A2,released,,data/trials/user13/treadmill_walking/treadmill_walking_5_kmh/A2.npz,22634.0,14146.0,1274.0,14.146541833877563,True,3.0,"[1.7799468040466309,5.828553676605225,9.778053760528564]",False
user13|treadmill_walking|treadmill_walking_5_kmh|A3,user13,train,treadmill_walking,treadmill_walking_5_kmh,Walk at 5 km/h,A3,released,,data/trials/user13/treadmill_walking/treadmill_walking_5_kmh/A3.npz,22761.0,14226.0,1281.0,14.225485801696776,True,3.0,"[1.777709722518921,5.822704553604126,9.868730545043945]",False
user13|treadmill_walking|treadmill_walking_5_kmh|A4,user13,train,treadmill_walking,treadmill_walking_5_kmh,Walk at 5 km/h,A4,released,,data/trials/user13/treadmill_walking/treadmill_walking_5_kmh/A4.npz,22645.0,14153.0,1274.0,14.153420209884644,True,3.0,"[1.7448081970214844,5.789771318435669,9.832144260406494]",False
user14|functional_action|deadlift|A1,user14,train,functional_action,deadlift,Deadlift,A1,released,,data/trials/user14/functional_action/deadlift/A1.npz,22548.0,14093.0,1268.0,14.09215497970581,False,0.0,[],False
user14|functional_action|deadlift|A2,user14,train,functional_action,deadlift,Deadlift,A2,released,,data/trials/user14/functional_action/deadlift/A2.npz,22323.0,13951.0,1256.0,13.951696634292604,False,0.0,[],False
user14|functional_action|deadlift|A3,user14,train,functional_action,deadlift,Deadlift,A3,released,,data/trials/user14/functional_action/deadlift/A3.npz,22402.0,14002.0,1261.0,14.00159764289856,False,0.0,[],False
user14|functional_action|deadlift|A4,user14,train,functional_action,deadlift,Deadlift,A4,released,,data/trials/user14/functional_action/deadlift/A4.npz,22348.0,13967.0,1257.0,13.967701196670532,False,0.0,[],False
user14|functional_action|deep_squat|A1,user14,train,functional_action,deep_squat,Deep Squat,A1,released,,data/trials/user14/functional_action/deep_squat/A1.npz,22165.0,13854.0,1247.0,13.853419065475464,False,0.0,[],False
user14|functional_action|deep_squat|A2,user14,train,functional_action,deep_squat,Deep Squat,A2,released,,data/trials/user14/functional_action/deep_squat/A2.npz,22284.0,13927.0,1254.0,13.927226543426514,False,0.0,[],False
user14|functional_action|deep_squat|A3,user14,train,functional_action,deep_squat,Deep Squat,A3,released,,data/trials/user14/functional_action/deep_squat/A3.npz,22225.0,13890.0,1250.0,13.890042781829834,False,0.0,[],False
user14|functional_action|deep_squat|A4,user14,train,functional_action,deep_squat,Deep Squat,A4,released,,data/trials/user14/functional_action/deep_squat/A4.npz,22318.0,13948.0,1256.0,13.948644399642944,False,0.0,[],False
user14|functional_action|forward_lunge|A1,user14,train,functional_action,forward_lunge,Forward Lunge,A1,released,,data/trials/user14/functional_action/forward_lunge/A1.npz,22419.0,14012.0,1261.0,14.011775970458984,False,0.0,[],False
user14|functional_action|forward_lunge|A2,user14,train,functional_action,forward_lunge,Forward Lunge,A2,released,,data/trials/user14/functional_action/forward_lunge/A2.npz,22445.0,14028.0,1263.0,14.028021097183228,False,0.0,[],False
user14|functional_action|forward_lunge|A3,user14,train,functional_action,forward_lunge,Forward Lunge,A3,released,,data/trials/user14/functional_action/forward_lunge/A3.npz,22348.0,13967.0,1258.0,13.96741795539856,False,0.0,[],False
user14|functional_action|forward_lunge|A4,user14,train,functional_action,forward_lunge,Forward Lunge,A4,released,,data/trials/user14/functional_action/forward_lunge/A4.npz,22273.0,13921.0,1253.0,13.920623302459717,False,0.0,[],False
user14|functional_action|heel_raise|A1,user14,train,functional_action,heel_raise,Heel Raise,A1,released,,data/trials/user14/functional_action/heel_raise/A1.npz,22357.0,13973.0,1258.0,13.972785234451294,False,0.0,[],False
user14|functional_action|heel_raise|A2,user14,train,functional_action,heel_raise,Heel Raise,A2,released,,data/trials/user14/functional_action/heel_raise/A2.npz,22359.0,13975.0,1258.0,13.974284410476685,False,0.0,[],False
user14|functional_action|heel_raise|A3,user14,train,functional_action,heel_raise,Heel Raise,A3,released,,data/trials/user14/functional_action/heel_raise/A3.npz,22399.0,14000.0,1260.0,13.999647617340088,False,0.0,[],False
user14|functional_action|heel_raise|A4,user14,train,functional_action,heel_raise,Heel Raise,A4,released,,data/trials/user14/functional_action/heel_raise/A4.npz,22252.0,13908.0,1252.0,13.907583236694336,False,0.0,[],False
user14|functional_action|left_lunge|A1,user14,train,functional_action,left_lunge,Left Lunge,A1,released,,data/trials/user14/functional_action/left_lunge/A1.npz,22294.0,13935.0,1254.0,13.934213638305664,False,0.0,[],False
user14|functional_action|left_lunge|A2,user14,train,functional_action,left_lunge,Left Lunge,A2,released,,data/trials/user14/functional_action/left_lunge/A2.npz,22384.0,13990.0,1260.0,13.989773511886597,False,0.0,[],False
user14|functional_action|left_lunge|A3,user14,train,functional_action,left_lunge,Left Lunge,A3,released,,data/trials/user14/functional_action/left_lunge/A3.npz,22415.0,14009.0,1261.0,14.009605884552002,False,0.0,[],False
user14|functional_action|left_lunge|A4,user14,train,functional_action,left_lunge,Left Lunge,A4,released,,data/trials/user14/functional_action/left_lunge/A4.npz,22376.0,13985.0,1259.0,13.984835386276243,False,0.0,[],False
user14|functional_action|quiet_sit|A1,user14,train,functional_action,quiet_sit,Quiet Sit,A1,released,,data/trials/user14/functional_action/quiet_sit/A1.npz,22350.0,13970.0,1258.0,13.969311475753784,False,0.0,[],False
user14|functional_action|quiet_sit|A2,user14,train,functional_action,quiet_sit,Quiet Sit,A2,released,,data/trials/user14/functional_action/quiet_sit/A2.npz,22435.0,14022.0,1262.0,14.02182650566101,False,0.0,[],False
user14|functional_action|quiet_sit|A3,user14,train,functional_action,quiet_sit,Quiet Sit,A3,released,,data/trials/user14/functional_action/quiet_sit/A3.npz,22229.0,13894.0,1251.0,13.893239736557009,False,0.0,[],False
user14|functional_action|quiet_sit|A4,user14,train,functional_action,quiet_sit,Quiet Sit,A4,released,,data/trials/user14/functional_action/quiet_sit/A4.npz,22354.0,13971.0,1258.0,13.970916986465454,False,0.0,[],False
user14|functional_action|quiet_stand|A1,user14,train,functional_action,quiet_stand,Quiet Stand,A1,released,,data/trials/user14/functional_action/quiet_stand/A1.npz,22774.0,14233.0,1281.0,14.233614444732666,False,0.0,[],False
user14|functional_action|quiet_stand|A2,user14,train,functional_action,quiet_stand,Quiet Stand,A2,released,,data/trials/user14/functional_action/quiet_stand/A2.npz,22545.0,14090.0,1269.0,14.090635538101196,False,0.0,[],False
user14|functional_action|quiet_stand|A3,user14,train,functional_action,quiet_stand,Quiet Stand,A3,released,,data/trials/user14/functional_action/quiet_stand/A3.npz,22516.0,14072.0,1267.0,14.072081327438354,False,0.0,[],False
user14|functional_action|quiet_stand|A4,user14,train,functional_action,quiet_stand,Quiet Stand,A4,released,,data/trials/user14/functional_action/quiet_stand/A4.npz,22481.0,14051.0,1265.0,14.05086350440979,False,0.0,[],False
user14|functional_action|single_leg_stance|A1,user14,train,functional_action,single_leg_stance,Single-leg Stance,A1,released,,data/trials/user14/functional_action/single_leg_stance/A1.npz,22406.0,14004.0,1261.0,14.003751277923584,False,0.0,[],False
user14|functional_action|single_leg_stance|A2,user14,train,functional_action,single_leg_stance,Single-leg Stance,A2,released,,data/trials/user14/functional_action/single_leg_stance/A2.npz,22328.0,13955.0,1256.0,13.954901933670044,False,0.0,[],False
user14|functional_action|single_leg_stance|A3,user14,train,functional_action,single_leg_stance,Single-leg Stance,A3,released,,data/trials/user14/functional_action/single_leg_stance/A3.npz,22250.0,13906.0,1252.0,13.906160593032835,False,0.0,[],False
user14|functional_action|single_leg_stance|A4,user14,train,functional_action,single_leg_stance,Single-leg Stance,A4,released,,data/trials/user14/functional_action/single_leg_stance/A4.npz,22472.0,14045.0,1265.0,14.045207738876345,False,0.0,[],False
user14|functional_action|stair_ascent|A1,user14,train,functional_action,stair_ascent,Stair Ascent,A1,released,,data/trials/user14/functional_action/stair_ascent/A1.npz,22404.0,14002.0,1261.0,14.002530097961426,False,0.0,[],False
user14|functional_action|stair_ascent|A2,user14,train,functional_action,stair_ascent,Stair Ascent,A2,released,,data/trials/user14/functional_action/stair_ascent/A2.npz,22498.0,14061.0,1266.0,14.060882091522217,False,0.0,[],False
user14|functional_action|stair_ascent|A3,user14,train,functional_action,stair_ascent,Stair Ascent,A3,released,,data/trials/user14/functional_action/stair_ascent/A3.npz,22417.0,14011.0,1261.0,14.01050329208374,False,0.0,[],False
user14|functional_action|stair_ascent|A4,user14,train,functional_action,stair_ascent,Stair Ascent,A4,released,,data/trials/user14/functional_action/stair_ascent/A4.npz,22388.0,13992.0,1260.0,13.99258828163147,False,0.0,[],False
user14|functional_action|stand_sit_transition|A1,user14,train,functional_action,stand_sit_transition,Stand-sit transition,A1,released,,data/trials/user14/functional_action/stand_sit_transition/A1.npz,22285.0,13929.0,1254.0,13.928389310836792,False,0.0,[],False
user14|functional_action|stand_sit_transition|A2,user14,train,functional_action,stand_sit_transition,Stand-sit transition,A2,released,,data/trials/user14/functional_action/stand_sit_transition/A2.npz,22357.0,13973.0,1258.0,13.973073720932009,False,0.0,[],False
user14|functional_action|stand_sit_transition|A3,user14,train,functional_action,stand_sit_transition,Stand-sit transition,A3,released,,data/trials/user14/functional_action/stand_sit_transition/A3.npz,22328.0,13955.0,1256.0,13.954901695251465,False,0.0,[],False
user14|functional_action|stand_sit_transition|A4,user14,train,functional_action,stand_sit_transition,Stand-sit transition,A4,released,,data/trials/user14/functional_action/stand_sit_transition/A4.npz,22266.0,13916.0,1253.0,13.91592526435852,False,0.0,[],False
user14|functional_action|vertical_jump|A1,user14,train,functional_action,vertical_jump,Vertical Jump,A1,released,,data/trials/user14/functional_action/vertical_jump/A1.npz,22416.0,14010.0,1261.0,14.009775400161743,False,0.0,[],False
user14|functional_action|vertical_jump|A2,user14,train,functional_action,vertical_jump,Vertical Jump,A2,released,,data/trials/user14/functional_action/vertical_jump/A2.npz,22300.0,13937.0,1255.0,13.937057495117188,False,0.0,[],False
user14|functional_action|vertical_jump|A3,user14,train,functional_action,vertical_jump,Vertical Jump,A3,released,,data/trials/user14/functional_action/vertical_jump/A3.npz,22379.0,13987.0,1259.0,13.986831903457642,False,0.0,[],False
user14|functional_action|vertical_jump|A4,user14,train,functional_action,vertical_jump,Vertical Jump,A4,released,,data/trials/user14/functional_action/vertical_jump/A4.npz,22432.0,14020.0,1262.0,14.019755601882936,False,0.0,[],False
user14|treadmill_walking|treadmill_walking_1_kmh|A1,user14,train,treadmill_walking,treadmill_walking_1_kmh,Walk at 1 km/h,A1,released,,data/trials/user14/treadmill_walking/treadmill_walking_1_kmh/A1.npz,22337.0,13961.0,1257.0,13.960461616516112,False,0.0,[],False
user14|treadmill_walking|treadmill_walking_1_kmh|A2,user14,train,treadmill_walking,treadmill_walking_1_kmh,Walk at 1 km/h,A2,released,,data/trials/user14/treadmill_walking/treadmill_walking_1_kmh/A2.npz,22423.0,14014.0,1262.0,14.014299869537354,False,0.0,[],False
user14|treadmill_walking|treadmill_walking_1_kmh|A3,user14,train,treadmill_walking,treadmill_walking_1_kmh,Walk at 1 km/h,A3,released,,data/trials/user14/treadmill_walking/treadmill_walking_1_kmh/A3.npz,22487.0,14054.0,1265.0,14.054584503173828,False,0.0,[],False
user14|treadmill_walking|treadmill_walking_1_kmh|A4,user14,train,treadmill_walking,treadmill_walking_1_kmh,Walk at 1 km/h,A4,released,,data/trials/user14/treadmill_walking/treadmill_walking_1_kmh/A4.npz,22462.0,14039.0,1264.0,14.039209127426147,False,0.0,[],False
user14|treadmill_walking|treadmill_walking_2_kmh|A1,user14,train,treadmill_walking,treadmill_walking_2_kmh,Walk at 2 km/h,A1,released,,data/trials/user14/treadmill_walking/treadmill_walking_2_kmh/A1.npz,22243.0,13902.0,1252.0,13.901958703994753,False,0.0,[],False
user14|treadmill_walking|treadmill_walking_2_kmh|A2,user14,train,treadmill_walking,treadmill_walking_2_kmh,Walk at 2 km/h,A2,released,,data/trials/user14/treadmill_walking/treadmill_walking_2_kmh/A2.npz,22307.0,13943.0,1255.0,13.942391633987429,False,0.0,[],False
user14|treadmill_walking|treadmill_walking_2_kmh|A3,user14,train,treadmill_walking,treadmill_walking_2_kmh,Walk at 2 km/h,A3,released,,data/trials/user14/treadmill_walking/treadmill_walking_2_kmh/A3.npz,22290.0,13931.0,1254.0,13.9314706325531,False,0.0,[],False
user14|treadmill_walking|treadmill_walking_2_kmh|A4,user14,train,treadmill_walking,treadmill_walking_2_kmh,Walk at 2 km/h,A4,released,,data/trials/user14/treadmill_walking/treadmill_walking_2_kmh/A4.npz,22265.0,13916.0,1253.0,13.915661573410034,False,0.0,[],False
user14|treadmill_walking|treadmill_walking_3_kmh|A1,user14,train,treadmill_walking,treadmill_walking_3_kmh,Walk at 3 km/h,A1,released,,data/trials/user14/treadmill_walking/treadmill_walking_3_kmh/A1.npz,22280.0,13925.0,1254.0,13.92479944229126,False,0.0,[],False
user14|treadmill_walking|treadmill_walking_3_kmh|A2,user14,train,treadmill_walking,treadmill_walking_3_kmh,Walk at 3 km/h,A2,released,,data/trials/user14/treadmill_walking/treadmill_walking_3_kmh/A2.npz,22238.0,13900.0,1251.0,13.89907455444336,False,0.0,[],False
user14|treadmill_walking|treadmill_walking_3_kmh|A3,user14,train,treadmill_walking,treadmill_walking_3_kmh,Walk at 3 km/h,A3,released,,data/trials/user14/treadmill_walking/treadmill_walking_3_kmh/A3.npz,22364.0,13977.0,1258.0,13.977123498916626,False,0.0,[],False
user14|treadmill_walking|treadmill_walking_3_kmh|A4,user14,train,treadmill_walking,treadmill_walking_3_kmh,Walk at 3 km/h,A4,released,,data/trials/user14/treadmill_walking/treadmill_walking_3_kmh/A4.npz,22173.0,13858.0,1248.0,13.858255863189695,False,0.0,[],False
user14|treadmill_walking|treadmill_walking_4_kmh|A1,user14,train,treadmill_walking,treadmill_walking_4_kmh,Walk at 4 km/h,A1,released,,data/trials/user14/treadmill_walking/treadmill_walking_4_kmh/A1.npz,22280.0,13925.0,1254.0,13.925424337387083,False,0.0,[],False
user14|treadmill_walking|treadmill_walking_4_kmh|A2,user14,train,treadmill_walking,treadmill_walking_4_kmh,Walk at 4 km/h,A2,released,,data/trials/user14/treadmill_walking/treadmill_walking_4_kmh/A2.npz,22346.0,13966.0,1257.0,13.966307878494264,False,0.0,[],False
user14|treadmill_walking|treadmill_walking_4_kmh|A3,user14,train,treadmill_walking,treadmill_walking_4_kmh,Walk at 4 km/h,A3,released,,data/trials/user14/treadmill_walking/treadmill_walking_4_kmh/A3.npz,22369.0,13981.0,1259.0,13.980812549591064,False,0.0,[],False
user14|treadmill_walking|treadmill_walking_4_kmh|A4,user14,train,treadmill_walking,treadmill_walking_4_kmh,Walk at 4 km/h,A4,released,,data/trials/user14/treadmill_walking/treadmill_walking_4_kmh/A4.npz,22434.0,14021.0,1262.0,14.02092671394348,False,0.0,[],False
user14|treadmill_walking|treadmill_walking_5_kmh|A1,user14,train,treadmill_walking,treadmill_walking_5_kmh,Walk at 5 km/h,A1,released,,data/trials/user14/treadmill_walking/treadmill_walking_5_kmh/A1.npz,22311.0,13945.0,1255.0,13.944312810897827,False,0.0,[],False
user14|treadmill_walking|treadmill_walking_5_kmh|A2,user14,train,treadmill_walking,treadmill_walking_5_kmh,Walk at 5 km/h,A2,released,,data/trials/user14/treadmill_walking/treadmill_walking_5_kmh/A2.npz,22281.0,13926.0,1254.0,13.92580270767212,False,0.0,[],False
user14|treadmill_walking|treadmill_walking_5_kmh|A3,user14,train,treadmill_walking,treadmill_walking_5_kmh,Walk at 5 km/h,A3,released,,data/trials/user14/treadmill_walking/treadmill_walking_5_kmh/A3.npz,22269.0,13918.0,1253.0,13.918097019195557,False,0.0,[],False
user14|treadmill_walking|treadmill_walking_5_kmh|A4,user14,train,treadmill_walking,treadmill_walking_5_kmh,Walk at 5 km/h,A4,released,,data/trials/user14/treadmill_walking/treadmill_walking_5_kmh/A4.npz,22323.0,13952.0,1256.0,13.952014923095703,False,0.0,[],False
user15|functional_action|deadlift|A1,user15,train,functional_action,deadlift,Deadlift,A1,released,,data/trials/user15/functional_action/deadlift/A1.npz,22182.0,13863.0,1248.0,13.863689184188845,True,3.0,"[1.837435245513916,5.872980117797852,9.918654203414917]",False
user15|functional_action|deadlift|A2,user15,train,functional_action,deadlift,Deadlift,A2,released,,data/trials/user15/functional_action/deadlift/A2.npz,22004.0,13753.0,1238.0,13.752857446670532,True,3.0,"[1.834646463394165,5.863736391067505,9.91633939743042]",False
user15|functional_action|deadlift|A3,user15,train,functional_action,deadlift,Deadlift,A3,released,,data/trials/user15/functional_action/deadlift/A3.npz,22047.0,13779.0,1241.0,13.7792227268219,True,3.0,"[1.8128745555877686,5.852125644683838,9.810218572616577]",False
user15|functional_action|deadlift|A4,user15,train,functional_action,deadlift,Deadlift,A4,released,,data/trials/user15/functional_action/deadlift/A4.npz,22031.0,13769.0,1240.0,13.76924443244934,True,3.0,"[1.9106123447418213,5.95520544052124,9.91124439239502]",False
user15|functional_action|deep_squat|A1,user15,train,functional_action,deep_squat,Deep Squat,A1,released,,data/trials/user15/functional_action/deep_squat/A1.npz,22102.0,13814.0,1244.0,13.81408405303955,True,3.0,"[1.832610845565796,5.890393972396851,9.84105896949768]",False
user15|functional_action|deep_squat|A2,user15,train,functional_action,deep_squat,Deep Squat,A2,released,,data/trials/user15/functional_action/deep_squat/A2.npz,21995.0,13746.0,1238.0,13.746747970581056,True,3.0,"[1.8403940200805664,5.878262996673584,9.837462902069092]",False
user15|functional_action|deep_squat|A3,user15,train,functional_action,deep_squat,Deep Squat,A3,released,,data/trials/user15/functional_action/deep_squat/A3.npz,22049.0,13781.0,1241.0,13.780561685562134,True,3.0,"[1.8165225982666016,5.8670494556427,9.813625574111938]",False
user15|functional_action|deep_squat|A4,user15,train,functional_action,deep_squat,Deep Squat,A4,released,,data/trials/user15/functional_action/deep_squat/A4.npz,21981.0,13738.0,1237.0,13.737921476364136,True,3.0,"[1.8000574111938477,5.847500324249268,9.800384283065796]",False
user15|functional_action|forward_lunge|A1,user15,train,functional_action,forward_lunge,Forward Lunge,A1,released,,data/trials/user15/functional_action/forward_lunge/A1.npz,21953.0,13721.0,1235.0,13.721084356307983,True,3.0,"[1.8600623607635498,5.908020257949829,9.869685411453247]",False
user15|functional_action|forward_lunge|A2,user15,train,functional_action,forward_lunge,Forward Lunge,A2,released,,data/trials/user15/functional_action/forward_lunge/A2.npz,22027.0,13767.0,1239.0,13.766923189163208,True,3.0,"[1.8291521072387695,5.88673996925354,9.837263107299805]",False
user15|functional_action|forward_lunge|A3,user15,train,functional_action,forward_lunge,Forward Lunge,A3,released,,data/trials/user15/functional_action/forward_lunge/A3.npz,22074.0,13796.0,1242.0,13.796098232269289,True,3.0,"[1.7641141414642334,5.809729099273682,9.759140968322754]",False
user15|functional_action|forward_lunge|A4,user15,train,functional_action,forward_lunge,Forward Lunge,A4,released,,data/trials/user15/functional_action/forward_lunge/A4.npz,22049.0,13781.0,1241.0,13.781157732009888,True,3.0,"[1.7306756973266602,5.768909692764282,9.728125810623169]",False
user15|functional_action|heel_raise|A1,user15,train,functional_action,heel_raise,Heel Raise,A1,released,,data/trials/user15/functional_action/heel_raise/A1.npz,22078.0,13798.0,1242.0,13.798636198043823,True,3.0,"[1.8400721549987793,5.883718013763428,9.932967185974121]",False
user15|functional_action|heel_raise|A2,user15,train,functional_action,heel_raise,Heel Raise,A2,released,,data/trials/user15/functional_action/heel_raise/A2.npz,21896.0,13685.0,1232.0,13.685097932815552,True,3.0,"[1.7016589641571045,5.739374876022339,9.696739912033081]",False
user15|functional_action|heel_raise|A3,user15,train,functional_action,heel_raise,Heel Raise,A3,released,,data/trials/user15/functional_action/heel_raise/A3.npz,22064.0,13790.0,1241.0,13.789776802062988,True,3.0,"[1.8475055694580078,5.887354612350464,9.84481167793274]",False
user15|functional_action|heel_raise|A4,user15,train,functional_action,heel_raise,Heel Raise,A4,released,,data/trials/user15/functional_action/heel_raise/A4.npz,22051.0,13782.0,1241.0,13.781962871551514,True,3.0,"[1.8424866199493408,5.878734588623047,9.929086685180664]",False
user15|functional_action|left_lunge|A1,user15,train,functional_action,left_lunge,Left Lunge,A1,released,,data/trials/user15/functional_action/left_lunge/A1.npz,22172.0,13858.0,1248.0,13.857922077178957,True,3.0,"[1.7602801322937012,5.809531927108765,9.771180152893066]",False
user15|functional_action|left_lunge|A2,user15,train,functional_action,left_lunge,Left Lunge,A2,released,,data/trials/user15/functional_action/left_lunge/A2.npz,22103.0,13815.0,1244.0,13.814412117004396,True,3.0,"[1.845736026763916,5.892405986785889,9.849364995956421]",False
user15|functional_action|left_lunge|A3,user15,train,functional_action,left_lunge,Left Lunge,A3,released,,data/trials/user15/functional_action/left_lunge/A3.npz,22125.0,13827.0,1245.0,13.827601909637451,True,3.0,"[1.8232266902923584,5.867665767669678,9.826931715011597]",False
user15|functional_action|left_lunge|A4,user15,train,functional_action,left_lunge,Left Lunge,A4,released,,data/trials/user15/functional_action/left_lunge/A4.npz,22120.0,13824.0,1245.0,13.824597597122192,True,3.0,"[1.8184304237365723,5.855890512466431,9.815382480621338]",False
user15|functional_action|quiet_sit|A1,user15,train,functional_action,quiet_sit,Quiet Sit,A1,released,,data/trials/user15/functional_action/quiet_sit/A1.npz,22003.0,13752.0,1238.0,13.751999378204346,True,3.0,"[1.6825761795043945,5.72825813293457,9.677578210830688]",False
user15|functional_action|quiet_sit|A2,user15,train,functional_action,quiet_sit,Quiet Sit,A2,released,,data/trials/user15/functional_action/quiet_sit/A2.npz,22145.0,13841.0,1246.0,13.841072797775269,True,3.0,"[1.850320816040039,5.887349843978882,9.934617757797241]",False
user15|functional_action|quiet_sit|A3,user15,train,functional_action,quiet_sit,Quiet Sit,A3,released,,data/trials/user15/functional_action/quiet_sit/A3.npz,21992.0,13744.0,1237.0,13.744628190994264,True,3.0,"[1.8024179935455322,5.832815885543823,9.870700120925903]",False
user15|functional_action|quiet_sit|A4,user15,train,functional_action,quiet_sit,Quiet Sit,A4,released,,data/trials/user15/functional_action/quiet_sit/A4.npz,21983.0,13739.0,1237.0,13.739517450332642,True,3.0,"[1.8320133686065674,5.885299444198608,9.925025463104248]",False
user15|functional_action|quiet_stand|A1,user15,train,functional_action,quiet_stand,Quiet Stand,A1,released,,data/trials/user15/functional_action/quiet_stand/A1.npz,21912.0,13695.0,1233.0,13.695168256759644,True,3.0,"[1.8463120460510254,5.889603137969971,9.899698972702026]",False
user15|functional_action|quiet_stand|A2,user15,train,functional_action,quiet_stand,Quiet Stand,A2,released,,data/trials/user15/functional_action/quiet_stand/A2.npz,22061.0,13788.0,1241.0,13.787917613983154,True,3.0,"[1.718334436416626,5.762956380844116,9.799042463302612]",False
user15|functional_action|quiet_stand|A3,user15,train,functional_action,quiet_stand,Quiet Stand,A3,released,,data/trials/user15/functional_action/quiet_stand/A3.npz,21951.0,13719.0,1235.0,13.719545125961304,True,3.0,"[1.6771979331970215,5.7219398021698,9.753726959228516]",False
user15|functional_action|quiet_stand|A4,user15,train,functional_action,quiet_stand,Quiet Stand,A4,released,,data/trials/user15/functional_action/quiet_stand/A4.npz,21924.0,13703.0,1234.0,13.702808618545532,True,3.0,"[1.8165993690490723,5.85079550743103,9.886634349822998]",False
user15|functional_action|single_leg_stance|A1,user15,train,functional_action,single_leg_stance,Single-leg Stance,A1,released,,data/trials/user15/functional_action/single_leg_stance/A1.npz,22064.0,13790.0,1242.0,13.790055751800535,True,3.0,"[1.696711540222168,5.73772668838501,9.698120594024658]",False
user15|functional_action|single_leg_stance|A2,user15,train,functional_action,single_leg_stance,Single-leg Stance,A2,released,,data/trials/user15/functional_action/single_leg_stance/A2.npz,22195.0,13871.0,1249.0,13.871572256088257,True,3.0,"[1.8349699974060059,5.877722978591919,9.923763036727905]",False
user15|functional_action|single_leg_stance|A3,user15,train,functional_action,single_leg_stance,Single-leg Stance,A3,released,,data/trials/user15/functional_action/single_leg_stance/A3.npz,22045.0,13779.0,1241.0,13.778519868850708,True,3.0,"[1.8292827606201172,5.874520778656006,9.827916622161865]",False
user15|functional_action|single_leg_stance|A4,user15,train,functional_action,single_leg_stance,Single-leg Stance,A4,released,,data/trials/user15/functional_action/single_leg_stance/A4.npz,21940.0,13713.0,1234.0,13.712554454803469,True,3.0,"[1.8155872821807861,5.892041206359863,9.870310306549072]",False
user15|functional_action|stair_ascent|A1,user15,train,functional_action,stair_ascent,Stair Ascent,A1,released,,data/trials/user15/functional_action/stair_ascent/A1.npz,22170.0,13856.0,1248.0,13.855943441390991,True,3.0,"[1.8611061573028564,5.904931306838989,9.95168137550354]",False
user15|functional_action|stair_ascent|A2,user15,train,functional_action,stair_ascent,Stair Ascent,A2,released,,data/trials/user15/functional_action/stair_ascent/A2.npz,22111.0,13820.0,1244.0,13.819812297821043,True,3.0,"[1.6763041019439697,5.725234031677246,9.67569613456726]",False
user15|functional_action|stair_ascent|A3,user15,train,functional_action,stair_ascent,Stair Ascent,A3,released,,data/trials/user15/functional_action/stair_ascent/A3.npz,22100.0,13812.0,1244.0,13.812335968017578,True,3.0,"[1.8239576816558838,5.863269805908203,9.910668849945068]",False
user15|functional_action|stair_ascent|A4,user15,train,functional_action,stair_ascent,Stair Ascent,A4,released,,data/trials/user15/functional_action/stair_ascent/A4.npz,21968.0,13730.0,1236.0,13.730096578598022,True,3.0,"[1.8475284576416016,5.892282485961914,9.942451477050781]",False
user15|functional_action|stand_sit_transition|A1,user15,train,functional_action,stand_sit_transition,Stand-sit transition,A1,released,,data/trials/user15/functional_action/stand_sit_transition/A1.npz,22017.0,13761.0,1239.0,13.760660409927368,True,3.0,"[1.7260773181915283,5.7624921798706055,9.813425302505493]",False
user15|functional_action|stand_sit_transition|A2,user15,train,functional_action,stand_sit_transition,Stand-sit transition,A2,released,,data/trials/user15/functional_action/stand_sit_transition/A2.npz,21885.0,13678.0,1231.0,13.678372144699097,True,3.0,"[1.8193771839141846,5.868556022644043,9.825477123260498]",False
user15|functional_action|stand_sit_transition|A3,user15,train,functional_action,stand_sit_transition,Stand-sit transition,A3,released,,data/trials/user15/functional_action/stand_sit_transition/A3.npz,21987.0,13742.0,1237.0,13.742180347442629,True,3.0,"[1.7972922325134277,5.836285352706909,9.793604373931885]",False
user15|functional_action|stand_sit_transition|A4,user15,train,functional_action,stand_sit_transition,Stand-sit transition,A4,released,,data/trials/user15/functional_action/stand_sit_transition/A4.npz,21975.0,13735.0,1237.0,13.7343487739563,True,3.0,"[1.684830665588379,5.72764778137207,9.68419075012207]",False
user15|functional_action|vertical_jump|A1,user15,train,functional_action,vertical_jump,Vertical Jump,A1,released,,data/trials/user15/functional_action/vertical_jump/A1.npz,22051.0,13783.0,1241.0,13.782373189926147,True,3.0,"[1.8118221759796143,5.8707170486450195,9.822602987289429]",False
user15|functional_action|vertical_jump|A2,user15,train,functional_action,vertical_jump,Vertical Jump,A2,released,,data/trials/user15/functional_action/vertical_jump/A2.npz,22045.0,13778.0,1240.0,13.778031349182127,True,3.0,"[1.824033260345459,5.871021270751953,9.820826053619385]",False
user15|functional_action|vertical_jump|A3,user15,train,functional_action,vertical_jump,Vertical Jump,A3,released,,data/trials/user15/functional_action/vertical_jump/A3.npz,22062.0,13789.0,1241.0,13.789052963256836,True,3.0,"[1.9113337993621826,5.9513468742370605,9.995065689086914]",False
user15|functional_action|vertical_jump|A4,user15,train,functional_action,vertical_jump,Vertical Jump,A4,released,,data/trials/user15/functional_action/vertical_jump/A4.npz,22024.0,13764.0,1239.0,13.764455795288086,True,3.0,"[1.797020673751831,5.842703580856323,9.804755687713623]",False
user15|treadmill_walking|treadmill_walking_1_kmh|A1,user15,train,treadmill_walking,treadmill_walking_1_kmh,Walk at 1 km/h,A1,released,,data/trials/user15/treadmill_walking/treadmill_walking_1_kmh/A1.npz,22092.0,13808.0,1243.0,13.807576656341553,True,3.0,"[1.8655405044555664,5.915923357009888,9.86217737197876]",False
user15|treadmill_walking|treadmill_walking_1_kmh|A2,user15,train,treadmill_walking,treadmill_walking_1_kmh,Walk at 1 km/h,A2,released,,data/trials/user15/treadmill_walking/treadmill_walking_1_kmh/A2.npz,21898.0,13686.0,1232.0,13.686122417449951,True,3.0,"[1.7291133403778076,5.780547380447388,9.727600336074829]",False
user15|treadmill_walking|treadmill_walking_1_kmh|A3,user15,train,treadmill_walking,treadmill_walking_1_kmh,Walk at 1 km/h,A3,released,,data/trials/user15/treadmill_walking/treadmill_walking_1_kmh/A3.npz,22032.0,13770.0,1240.0,13.769948720932009,True,3.0,"[1.6689257621765137,5.708887577056885,9.74428677558899]",False
user15|treadmill_walking|treadmill_walking_1_kmh|A4,user15,train,treadmill_walking,treadmill_walking_1_kmh,Walk at 1 km/h,A4,released,,data/trials/user15/treadmill_walking/treadmill_walking_1_kmh/A4.npz,21919.0,13699.0,1233.0,13.699296712875366,True,3.0,"[1.82900071144104,5.869687795639038,9.907400608062744]",False
user15|treadmill_walking|treadmill_walking_2_kmh|A1,user15,train,treadmill_walking,treadmill_walking_2_kmh,Walk at 2 km/h,A1,released,,data/trials/user15/treadmill_walking/treadmill_walking_2_kmh/A1.npz,21978.0,13737.0,1237.0,13.736579895019531,True,3.0,"[1.6836128234863281,5.723389625549316,9.773794651031494]",False
user15|treadmill_walking|treadmill_walking_2_kmh|A2,user15,train,treadmill_walking,treadmill_walking_2_kmh,Walk at 2 km/h,A2,released,,data/trials/user15/treadmill_walking/treadmill_walking_2_kmh/A2.npz,21943.0,13714.0,1235.0,13.714507579803469,True,3.0,"[1.6698102951049805,5.71094536781311,9.760637283325195]",False
user15|treadmill_walking|treadmill_walking_2_kmh|A3,user15,train,treadmill_walking,treadmill_walking_2_kmh,Walk at 2 km/h,A3,released,,data/trials/user15/treadmill_walking/treadmill_walking_2_kmh/A3.npz,22043.0,13776.0,1240.0,13.776882886886597,True,3.0,"[1.8330879211425781,5.876572847366333,9.918879985809326]",False
user15|treadmill_walking|treadmill_walking_2_kmh|A4,user15,train,treadmill_walking,treadmill_walking_2_kmh,Walk at 2 km/h,A4,released,,data/trials/user15/treadmill_walking/treadmill_walking_2_kmh/A4.npz,21868.0,13667.0,1230.0,13.667106866836548,True,3.0,"[1.7995328903198242,5.839115858078003,9.880685806274414]",False
user15|treadmill_walking|treadmill_walking_3_kmh|A1,user15,train,treadmill_walking,treadmill_walking_3_kmh,Walk at 3 km/h,A1,released,,data/trials/user15/treadmill_walking/treadmill_walking_3_kmh/A1.npz,22010.0,13757.0,1238.0,13.756418704986572,True,3.0,"[1.823103666305542,5.861387729644775,9.898816585540771]",False
user15|treadmill_walking|treadmill_walking_3_kmh|A2,user15,train,treadmill_walking,treadmill_walking_3_kmh,Walk at 3 km/h,A2,released,,data/trials/user15/treadmill_walking/treadmill_walking_3_kmh/A2.npz,21947.0,13717.0,1235.0,13.716684579849243,True,3.0,"[1.677614450454712,5.720013380050659,9.765221357345581]",False
user15|treadmill_walking|treadmill_walking_3_kmh|A3,user15,train,treadmill_walking,treadmill_walking_3_kmh,Walk at 3 km/h,A3,released,,data/trials/user15/treadmill_walking/treadmill_walking_3_kmh/A3.npz,21921.0,13700.0,1233.0,13.70029902458191,True,3.0,"[1.797438144683838,5.839026927947998,9.791306018829346]",False
user15|treadmill_walking|treadmill_walking_3_kmh|A4,user15,train,treadmill_walking,treadmill_walking_3_kmh,Walk at 3 km/h,A4,released,,data/trials/user15/treadmill_walking/treadmill_walking_3_kmh/A4.npz,21888.0,13680.0,1232.0,13.680214405059814,True,3.0,"[1.686002254486084,5.723327159881592,9.766045093536377]",False
user15|treadmill_walking|treadmill_walking_4_kmh|A1,user15,train,treadmill_walking,treadmill_walking_4_kmh,Walk at 4 km/h,A1,released,,data/trials/user15/treadmill_walking/treadmill_walking_4_kmh/A1.npz,21946.0,13716.0,1235.0,13.716332197189333,True,3.0,"[1.737978219985962,5.81830906867981,9.757095098495483]",False
user15|treadmill_walking|treadmill_walking_4_kmh|A2,user15,train,treadmill_walking,treadmill_walking_4_kmh,Walk at 4 km/h,A2,released,,data/trials/user15/treadmill_walking/treadmill_walking_4_kmh/A2.npz,21939.0,13712.0,1234.0,13.712071895599363,True,3.0,"[1.8340256214141846,5.876752614974976,9.924993753433228]",False
user15|treadmill_walking|treadmill_walking_4_kmh|A3,user15,train,treadmill_walking,treadmill_walking_4_kmh,Walk at 4 km/h,A3,released,,data/trials/user15/treadmill_walking/treadmill_walking_4_kmh/A3.npz,22152.0,13845.0,1247.0,13.845340013504028,True,3.0,"[1.6756470203399658,5.707862854003906,9.743453979492188]",False
user15|treadmill_walking|treadmill_walking_4_kmh|A4,user15,train,treadmill_walking,treadmill_walking_4_kmh,Walk at 4 km/h,A4,released,,data/trials/user15/treadmill_walking/treadmill_walking_4_kmh/A4.npz,21894.0,13684.0,1232.0,13.683578968048096,True,3.0,"[1.6664888858795166,5.7036848068237305,9.747561931610107]",False
user15|treadmill_walking|treadmill_walking_5_kmh|A1,user15,train,treadmill_walking,treadmill_walking_5_kmh,Walk at 5 km/h,A1,released,,data/trials/user15/treadmill_walking/treadmill_walking_5_kmh/A1.npz,21957.0,13724.0,1236.0,13.723336219787598,True,3.0,"[1.7834019660949707,5.820516109466553,9.86489200592041]",False
user15|treadmill_walking|treadmill_walking_5_kmh|A2,user15,train,treadmill_walking,treadmill_walking_5_kmh,Walk at 5 km/h,A2,released,,data/trials/user15/treadmill_walking/treadmill_walking_5_kmh/A2.npz,21880.0,13676.0,1231.0,13.675544261932371,True,3.0,"[1.7895281314849854,5.835583209991455,9.872985124588013]",False
user15|treadmill_walking|treadmill_walking_5_kmh|A3,user15,train,treadmill_walking,treadmill_walking_5_kmh,Walk at 5 km/h,A3,released,,data/trials/user15/treadmill_walking/treadmill_walking_5_kmh/A3.npz,22023.0,13764.0,1239.0,13.764486312866213,True,3.0,"[1.6748464107513428,5.757745265960693,9.679614305496216]",False
user15|treadmill_walking|treadmill_walking_5_kmh|A4,user15,train,treadmill_walking,treadmill_walking_5_kmh,Walk at 5 km/h,A4,released,,data/trials/user15/treadmill_walking/treadmill_walking_5_kmh/A4.npz,21870.0,13669.0,1231.0,13.66910481452942,True,3.0,"[1.6780836582183838,5.712780475616455,9.754604578018188]",False
user16|functional_action|deadlift|A1,user16,train,functional_action,deadlift,Deadlift,A1,released,,data/trials/user16/functional_action/deadlift/A1.npz,22666.0,14166.0,1275.0,14.1661376953125,True,3.0,"[1.7615556716918945,5.801936626434326,9.847999811172485]",False
user16|functional_action|deadlift|A2,user16,train,functional_action,deadlift,Deadlift,A2,released,,data/trials/user16/functional_action/deadlift/A2.npz,22648.0,14155.0,1274.0,14.154939889907835,True,3.0,"[1.7519659996032715,5.783236980438232,9.829632997512817]",False
user16|functional_action|deadlift|A3,user16,train,functional_action,deadlift,Deadlift,A3,released,,data/trials/user16/functional_action/deadlift/A3.npz,22598.0,14124.0,1272.0,14.123629808425903,True,3.0,"[1.7241547107696533,5.76460075378418,9.812212705612183]",False
user16|functional_action|deadlift|A4,user16,train,functional_action,deadlift,Deadlift,A4,released,,data/trials/user16/functional_action/deadlift/A4.npz,22511.0,14070.0,1267.0,14.069464921951294,True,3.0,"[1.7073500156402588,5.7414867877960205,9.777653932571411]",False
user16|functional_action|deep_squat|A1,user16,train,functional_action,deep_squat,Deep Squat,A1,released,,data/trials/user16/functional_action/deep_squat/A1.npz,22454.0,14033.0,1263.0,14.0334632396698,True,3.0,"[1.6957600116729736,5.7397871017456055,9.73085904121399]",False
user16|functional_action|deep_squat|A2,user16,train,functional_action,deep_squat,Deep Squat,A2,released,,data/trials/user16/functional_action/deep_squat/A2.npz,22486.0,14054.0,1265.0,14.053949356079102,True,3.0,"[1.9370222091674805,5.98550820350647,9.945259094238281]",False
user16|functional_action|deep_squat|A3,user16,train,functional_action,deep_squat,Deep Squat,A3,released,,data/trials/user16/functional_action/deep_squat/A3.npz,22354.0,13971.0,1258.0,13.971259117126465,True,3.0,"[1.716162919998169,5.761817932128906,9.801069974899292]",False
user16|functional_action|deep_squat|A4,user16,train,functional_action,deep_squat,Deep Squat,A4,released,,data/trials/user16/functional_action/deep_squat/A4.npz,22375.0,13985.0,1259.0,13.984243392944336,True,3.0,"[1.6970083713531494,5.725961446762085,9.785296440124512]",False
user16|functional_action|forward_lunge|A1,user16,train,functional_action,forward_lunge,Forward Lunge,A1,released,,data/trials/user16/functional_action/forward_lunge/A1.npz,22454.0,14033.0,1263.0,14.033509016036987,True,3.0,"[1.7015109062194824,5.729747772216797,9.76997971534729]",False
user16|functional_action|forward_lunge|A2,user16,train,functional_action,forward_lunge,Forward Lunge,A2,released,,data/trials/user16/functional_action/forward_lunge/A2.npz,22519.0,14075.0,1267.0,14.074713945388794,True,3.0,"[1.72682785987854,5.76258397102356,9.801419973373413]",False
user16|functional_action|forward_lunge|A3,user16,train,functional_action,forward_lunge,Forward Lunge,A3,released,,data/trials/user16/functional_action/forward_lunge/A3.npz,22416.0,14010.0,1261.0,14.00985622406006,True,3.0,"[1.698179006576538,5.735919952392578,9.778119087219238]",False
user16|functional_action|forward_lunge|A4,user16,train,functional_action,forward_lunge,Forward Lunge,A4,released,,data/trials/user16/functional_action/forward_lunge/A4.npz,22562.0,14101.0,1269.0,14.101214408874512,True,3.0,"[1.7891144752502441,5.837177276611328,9.783844470977783]",False
user16|functional_action|heel_raise|A1,user16,train,functional_action,heel_raise,Heel Raise,A1,released,,data/trials/user16/functional_action/heel_raise/A1.npz,22511.0,14069.0,1267.0,14.069151878356934,True,3.0,"[1.7233757972717285,5.767887830734253,9.816013813018799]",False
user16|functional_action|heel_raise|A2,user16,train,functional_action,heel_raise,Heel Raise,A2,released,,data/trials/user16/functional_action/heel_raise/A2.npz,22398.0,13998.0,1260.0,13.998733520507812,True,3.0,"[1.675645351409912,5.715333461761475,9.756169319152832]",False
user16|functional_action|heel_raise|A3,user16,train,functional_action,heel_raise,Heel Raise,A3,released,,data/trials/user16/functional_action/heel_raise/A3.npz,22361.0,13976.0,1258.0,13.975915908813477,True,3.0,"[1.7305798530578613,5.771894931793213,9.811556816101074]",False
user16|functional_action|heel_raise|A4,user16,train,functional_action,heel_raise,Heel Raise,A4,released,,data/trials/user16/functional_action/heel_raise/A4.npz,22493.0,14058.0,1266.0,14.05809998512268,True,3.0,"[1.7765579223632812,5.810608863830566,9.845274925231934]",False
user16|functional_action|left_lunge|A1,user16,train,functional_action,left_lunge,Left Lunge,A1,released,,data/trials/user16/functional_action/left_lunge/A1.npz,22716.0,14197.0,1278.0,14.197673320770264,True,3.0,"[1.7653002738952637,5.795881271362305,9.843088388442993]",False
user16|functional_action|left_lunge|A2,user16,train,functional_action,left_lunge,Left Lunge,A2,released,,data/trials/user16/functional_action/left_lunge/A2.npz,22673.0,14170.0,1276.0,14.170192956924438,True,3.0,"[1.762206792831421,5.804133892059326,9.800785779953003]",False
user16|functional_action|left_lunge|A3,user16,train,functional_action,left_lunge,Left Lunge,A3,released,,data/trials/user16/functional_action/left_lunge/A3.npz,22533.0,14083.0,1268.0,14.082841873168944,True,3.0,"[1.7561936378479004,5.784900665283203,9.831228733062744]",False
user16|functional_action|left_lunge|A4,user16,train,functional_action,left_lunge,Left Lunge,A4,released,,data/trials/user16/functional_action/left_lunge/A4.npz,22586.0,14117.0,1271.0,14.116549968719482,True,3.0,"[1.7478718757629395,5.780195951461792,9.825459957122803]",False
user16|functional_action|quiet_sit|A1,user16,train,functional_action,quiet_sit,Quiet Sit,A1,released,,data/trials/user16/functional_action/quiet_sit/A1.npz,22493.0,14059.0,1266.0,14.058400869369509,True,3.0,"[1.8217318058013916,5.9151976108551025,9.866545677185059]",False
user16|functional_action|quiet_sit|A2,user16,train,functional_action,quiet_sit,Quiet Sit,A2,released,,data/trials/user16/functional_action/quiet_sit/A2.npz,22379.0,13987.0,1259.0,13.986751079559326,True,3.0,"[1.6597528457641602,5.693798780441284,9.733240842819214]",False
user16|functional_action|quiet_sit|A3,user16,train,functional_action,quiet_sit,Quiet Sit,A3,released,,data/trials/user16/functional_action/quiet_sit/A3.npz,22571.0,14107.0,1270.0,14.106895208358765,True,3.0,"[1.7864670753479004,5.814887046813965,9.8574800491333]",False
user16|functional_action|quiet_sit|A4,user16,train,functional_action,quiet_sit,Quiet Sit,A4,released,,data/trials/user16/functional_action/quiet_sit/A4.npz,22615.0,14134.0,1272.0,14.134356021881104,True,3.0,"[1.8326749801635742,5.862205982208252,9.907718896865845]",False
user16|functional_action|quiet_stand|A1,user16,train,functional_action,quiet_stand,Quiet Stand,A1,released,,data/trials/user16/functional_action/quiet_stand/A1.npz,22469.0,14044.0,1264.0,14.043046951293944,True,3.0,"[1.789794921875,5.824082851409912,9.862721920013428]",False
user16|functional_action|quiet_stand|A2,user16,train,functional_action,quiet_stand,Quiet Stand,A2,released,,data/trials/user16/functional_action/quiet_stand/A2.npz,22578.0,14111.0,1270.0,14.111161947250366,True,3.0,"[1.7758257389068604,5.82073974609375,9.868688821792603]",False
user16|functional_action|quiet_stand|A3,user16,train,functional_action,quiet_stand,Quiet Stand,A3,released,,data/trials/user16/functional_action/quiet_stand/A3.npz,22322.0,13951.0,1256.0,13.95145034790039,True,3.0,"[1.6584222316741943,5.69951319694519,9.745126247406006]",False
user16|functional_action|quiet_stand|A4,user16,train,functional_action,quiet_stand,Quiet Stand,A4,released,,data/trials/user16/functional_action/quiet_stand/A4.npz,22490.0,14056.0,1265.0,14.055955410003662,True,3.0,"[1.745570182800293,5.778684139251709,9.82116413116455]",False
user16|functional_action|single_leg_stance|A1,user16,train,functional_action,single_leg_stance,Single-leg Stance,A1,released,,data/trials/user16/functional_action/single_leg_stance/A1.npz,22535.0,14085.0,1268.0,14.084553956985474,True,3.0,"[1.7001879215240479,5.740186929702759,9.78186583518982]",False
user16|functional_action|single_leg_stance|A2,user16,train,functional_action,single_leg_stance,Single-leg Stance,A2,released,,data/trials/user16/functional_action/single_leg_stance/A2.npz,22468.0,14042.0,1264.0,14.042096376419067,True,3.0,"[1.83506441116333,5.867452383041382,9.91841435432434]",False
user16|functional_action|single_leg_stance|A3,user16,train,functional_action,single_leg_stance,Single-leg Stance,A3,released,,data/trials/user16/functional_action/single_leg_stance/A3.npz,22636.0,14147.0,1274.0,14.147278785705566,True,3.0,"[1.7603187561035156,5.798321723937988,9.843585729598999]",False
user16|functional_action|single_leg_stance|A4,user16,train,functional_action,single_leg_stance,Single-leg Stance,A4,released,,data/trials/user16/functional_action/single_leg_stance/A4.npz,22582.0,14114.0,1271.0,14.114298343658447,True,3.0,"[1.7506942749023438,5.784577131271362,9.841134071350098]",False
user16|functional_action|stair_ascent|A1,user16,train,functional_action,stair_ascent,Stair Ascent,A1,released,,data/trials/user16/functional_action/stair_ascent/A1.npz,22568.0,14105.0,1270.0,14.104939699172974,True,3.0,"[1.698596477508545,5.732764482498169,9.78857159614563]",False
user16|functional_action|stair_ascent|A2,user16,train,functional_action,stair_ascent,Stair Ascent,A2,released,,data/trials/user16/functional_action/stair_ascent/A2.npz,22576.0,14110.0,1270.0,14.109960317611694,True,3.0,"[1.8252372741699219,5.866052150726318,9.911765098571777]",False
user16|functional_action|stair_ascent|A3,user16,train,functional_action,stair_ascent,Stair Ascent,A3,released,,data/trials/user16/functional_action/stair_ascent/A3.npz,22518.0,14074.0,1267.0,14.0736825466156,True,3.0,"[1.7475404739379883,5.782991409301758,9.827003479003906]",False
user16|functional_action|stair_ascent|A4,user16,train,functional_action,stair_ascent,Stair Ascent,A4,released,,data/trials/user16/functional_action/stair_ascent/A4.npz,22576.0,14110.0,1270.0,14.109776258468628,True,3.0,"[1.729809284210205,5.763744115829468,9.818028211593628]",False
user16|functional_action|stand_sit_transition|A1,user16,train,functional_action,stand_sit_transition,Stand-sit transition,A1,released,,data/trials/user16/functional_action/stand_sit_transition/A1.npz,22544.0,14091.0,1269.0,14.090359210968018,True,3.0,"[1.7205910682678223,5.7640862464904785,9.72894811630249]",False
user16|functional_action|stand_sit_transition|A2,user16,train,functional_action,stand_sit_transition,Stand-sit transition,A2,released,,data/trials/user16/functional_action/stand_sit_transition/A2.npz,22513.0,14071.0,1267.0,14.070535898208618,True,3.0,"[1.7296137809753418,5.767887830734253,9.821546792984009]",False
user16|functional_action|stand_sit_transition|A3,user16,train,functional_action,stand_sit_transition,Stand-sit transition,A3,released,,data/trials/user16/functional_action/stand_sit_transition/A3.npz,22527.0,14079.0,1268.0,14.07938838005066,True,3.0,"[1.7363662719726562,5.781145334243774,9.74207329750061]",False
user16|functional_action|stand_sit_transition|A4,user16,train,functional_action,stand_sit_transition,Stand-sit transition,A4,released,,data/trials/user16/functional_action/stand_sit_transition/A4.npz,22609.0,14130.0,1272.0,14.130515336990356,True,3.0,"[1.7408642768859863,5.805705308914185,9.75821828842163]",False
user16|functional_action|vertical_jump|A1,user16,train,functional_action,vertical_jump,Vertical Jump,A1,released,,data/trials/user16/functional_action/vertical_jump/A1.npz,22576.0,14110.0,1270.0,14.109733819961548,True,3.0,"[1.7093307971954346,5.745614767074585,9.789232730865479]",False
user16|functional_action|vertical_jump|A2,user16,train,functional_action,vertical_jump,Vertical Jump,A2,released,,data/trials/user16/functional_action/vertical_jump/A2.npz,22577.0,14111.0,1270.0,14.110892057418823,True,3.0,"[1.7091498374938965,5.742004871368408,9.794432878494263]",False
user16|functional_action|vertical_jump|A3,user16,train,functional_action,vertical_jump,Vertical Jump,A3,released,,data/trials/user16/functional_action/vertical_jump/A3.npz,22458.0,14036.0,1264.0,14.036135911941528,True,3.0,"[1.6704168319702148,5.7096848487854,9.749578714370728]",False
user16|functional_action|vertical_jump|A4,user16,train,functional_action,vertical_jump,Vertical Jump,A4,released,,data/trials/user16/functional_action/vertical_jump/A4.npz,22493.0,14058.0,1266.0,14.05772590637207,True,3.0,"[1.7475638389587402,5.77567195892334,9.826589822769165]",False
user16|treadmill_walking|treadmill_walking_1_kmh|A1,user16,train,treadmill_walking,treadmill_walking_1_kmh,Walk at 1 km/h,A1,released,,data/trials/user16/treadmill_walking/treadmill_walking_1_kmh/A1.npz,22526.0,14079.0,1268.0,14.078766584396362,True,3.0,"[1.6525135040283203,5.695908308029175,9.647017478942871]",False
user16|treadmill_walking|treadmill_walking_1_kmh|A2,user16,train,treadmill_walking,treadmill_walking_1_kmh,Walk at 1 km/h,A2,released,,data/trials/user16/treadmill_walking/treadmill_walking_1_kmh/A2.npz,22611.0,14132.0,1272.0,14.131803035736084,True,3.0,"[1.7552869319915771,5.794196844100952,9.772194862365723]",False
user16|treadmill_walking|treadmill_walking_1_kmh|A3,user16,train,treadmill_walking,treadmill_walking_1_kmh,Walk at 1 km/h,A3,released,,data/trials/user16/treadmill_walking/treadmill_walking_1_kmh/A3.npz,22424.0,14015.0,1262.0,14.015384912490845,True,3.0,"[1.7286529541015625,5.768921852111816,9.818014860153198]",False
user16|treadmill_walking|treadmill_walking_1_kmh|A4,user16,train,treadmill_walking,treadmill_walking_1_kmh,Walk at 1 km/h,A4,released,,data/trials/user16/treadmill_walking/treadmill_walking_1_kmh/A4.npz,22418.0,14011.0,1261.0,14.011004209518433,True,3.0,"[1.699937105178833,5.739591121673584,9.779824018478394]",False
user16|treadmill_walking|treadmill_walking_2_kmh|A1,user16,train,treadmill_walking,treadmill_walking_2_kmh,Walk at 2 km/h,A1,released,,data/trials/user16/treadmill_walking/treadmill_walking_2_kmh/A1.npz,22404.0,14003.0,1261.0,14.002602815628052,True,3.0,"[1.6829078197479248,5.731424808502197,9.764274835586548]",False
user16|treadmill_walking|treadmill_walking_2_kmh|A2,user16,train,treadmill_walking,treadmill_walking_2_kmh,Walk at 2 km/h,A2,released,,data/trials/user16/treadmill_walking/treadmill_walking_2_kmh/A2.npz,22378.0,13987.0,1259.0,13.986666202545166,True,3.0,"[1.727858066558838,5.768539190292358,9.801741123199463]",False
user16|treadmill_walking|treadmill_walking_2_kmh|A3,user16,train,treadmill_walking,treadmill_walking_2_kmh,Walk at 2 km/h,A3,released,,data/trials/user16/treadmill_walking/treadmill_walking_2_kmh/A3.npz,22424.0,14014.0,1262.0,14.014726877212524,True,3.0,"[1.6774096488952637,5.713149785995483,9.753889799118042]",False
user16|treadmill_walking|treadmill_walking_2_kmh|A4,user16,train,treadmill_walking,treadmill_walking_2_kmh,Walk at 2 km/h,A4,released,,data/trials/user16/treadmill_walking/treadmill_walking_2_kmh/A4.npz,22574.0,14109.0,1270.0,14.109090089797974,True,3.0,"[1.8396761417388916,5.88426399230957,9.916953086853027]",False
user16|treadmill_walking|treadmill_walking_3_kmh|A1,user16,train,treadmill_walking,treadmill_walking_3_kmh,Walk at 3 km/h,A1,released,,data/trials/user16/treadmill_walking/treadmill_walking_3_kmh/A1.npz,22495.0,14060.0,1266.0,14.059497356414797,True,3.0,"[1.723534345626831,5.748741388320923,9.789604425430298]",False
user16|treadmill_walking|treadmill_walking_3_kmh|A2,user16,train,treadmill_walking,treadmill_walking_3_kmh,Walk at 3 km/h,A2,released,,data/trials/user16/treadmill_walking/treadmill_walking_3_kmh/A2.npz,22427.0,14017.0,1262.0,14.016805171966553,True,3.0,"[1.6999030113220215,5.733091115951538,9.780352115631104]",False
user16|treadmill_walking|treadmill_walking_3_kmh|A3,user16,train,treadmill_walking,treadmill_walking_3_kmh,Walk at 3 km/h,A3,released,,data/trials/user16/treadmill_walking/treadmill_walking_3_kmh/A3.npz,22401.0,14001.0,1261.0,14.000667333602903,True,3.0,"[1.6228101253509521,5.6605000495910645,9.691707134246826]",False
user16|treadmill_walking|treadmill_walking_3_kmh|A4,user16,train,treadmill_walking,treadmill_walking_3_kmh,Walk at 3 km/h,A4,released,,data/trials/user16/treadmill_walking/treadmill_walking_3_kmh/A4.npz,22527.0,14079.0,1267.0,14.079498767852783,True,3.0,"[1.7508227825164795,5.785454750061035,9.821863651275635]",False
user16|treadmill_walking|treadmill_walking_4_kmh|A1,user16,train,treadmill_walking,treadmill_walking_4_kmh,Walk at 4 km/h,A1,released,,data/trials/user16/treadmill_walking/treadmill_walking_4_kmh/A1.npz,22458.0,14037.0,1264.0,14.036295175552368,True,3.0,"[1.6988170146942139,5.730642080307007,9.77626919746399]",False
user16|treadmill_walking|treadmill_walking_4_kmh|A2,user16,train,treadmill_walking,treadmill_walking_4_kmh,Walk at 4 km/h,A2,released,,data/trials/user16/treadmill_walking/treadmill_walking_4_kmh/A2.npz,22378.0,13986.0,1259.0,13.986060619354248,True,3.0,"[1.6739585399627686,5.709669589996338,9.758536577224731]",False
user16|treadmill_walking|treadmill_walking_4_kmh|A3,user16,train,treadmill_walking,treadmill_walking_4_kmh,Walk at 4 km/h,A3,released,,data/trials/user16/treadmill_walking/treadmill_walking_4_kmh/A3.npz,22468.0,14043.0,1264.0,14.042287588119509,True,3.0,"[1.722926378250122,5.763396263122559,9.719318389892578]",False
user16|treadmill_walking|treadmill_walking_4_kmh|A4,user16,train,treadmill_walking,treadmill_walking_4_kmh,Walk at 4 km/h,A4,released,,data/trials/user16/treadmill_walking/treadmill_walking_4_kmh/A4.npz,22485.0,14052.0,1265.0,14.0526385307312,True,3.0,"[1.744678258895874,5.786593198776245,9.82638931274414]",False
user16|treadmill_walking|treadmill_walking_5_kmh|A1,user16,train,treadmill_walking,treadmill_walking_5_kmh,Walk at 5 km/h,A1,released,,data/trials/user16/treadmill_walking/treadmill_walking_5_kmh/A1.npz,22503.0,14064.0,1266.0,14.064224004745483,True,3.0,"[1.7908108234405518,5.825985908508301,9.876977920532227]",False
user16|treadmill_walking|treadmill_walking_5_kmh|A2,user16,train,treadmill_walking,treadmill_walking_5_kmh,Walk at 5 km/h,A2,released,,data/trials/user16/treadmill_walking/treadmill_walking_5_kmh/A2.npz,22459.0,14036.0,1264.0,14.036654233932495,True,3.0,"[1.7584261894226074,5.7924113273620605,9.825204133987427]",False
user16|treadmill_walking|treadmill_walking_5_kmh|A3,user16,train,treadmill_walking,treadmill_walking_5_kmh,Walk at 5 km/h,A3,released,,data/trials/user16/treadmill_walking/treadmill_walking_5_kmh/A3.npz,22513.0,14070.0,1267.0,14.070699214935305,True,3.0,"[1.7565040588378906,5.785228967666626,9.820312023162842]",False
user16|treadmill_walking|treadmill_walking_5_kmh|A4,user16,train,treadmill_walking,treadmill_walking_5_kmh,Walk at 5 km/h,A4,released,,data/trials/user16/treadmill_walking/treadmill_walking_5_kmh/A4.npz,22434.0,14021.0,1262.0,14.02146315574646,True,3.0,"[1.7432971000671387,5.789556264877319,9.764629125595093]",False
user17|functional_action|deadlift|A1,user17,train,functional_action,deadlift,Deadlift,A1,released,,data/trials/user17/functional_action/deadlift/A1.npz,21695.0,13560.0,1221.0,13.55935287475586,True,3.0,"[1.783094882965088,5.813234806060791,9.87018084526062]",False
user17|functional_action|deadlift|A2,user17,train,functional_action,deadlift,Deadlift,A2,released,,data/trials/user17/functional_action/deadlift/A2.npz,21659.0,13536.0,1219.0,13.536876678466797,True,3.0,"[1.7528464794158936,5.785842418670654,9.8255136013031]",False
user17|functional_action|deadlift|A3,user17,train,functional_action,deadlift,Deadlift,A3,released,,data/trials/user17/functional_action/deadlift/A3.npz,21752.0,13596.0,1224.0,13.595095157623293,True,3.0,"[1.7657139301300049,5.798278093338013,9.837358951568604]",False
user17|functional_action|deadlift|A4,user17,train,functional_action,deadlift,Deadlift,A4,released,,data/trials/user17/functional_action/deadlift/A4.npz,21668.0,13543.0,1219.0,13.54282808303833,True,3.0,"[1.776097059249878,5.807919979095459,9.85434603691101]",False
user17|functional_action|deep_squat|A1,user17,train,functional_action,deep_squat,Deep Squat,A1,released,,data/trials/user17/functional_action/deep_squat/A1.npz,21619.0,13512.0,1217.0,13.511808156967165,True,3.0,"[1.8023231029510498,5.845458030700684,9.893371105194092]",False
user17|functional_action|deep_squat|A2,user17,train,functional_action,deep_squat,Deep Squat,A2,released,,data/trials/user17/functional_action/deep_squat/A2.npz,21580.0,13488.0,1214.0,13.487853288650513,True,3.0,"[1.7594561576843262,5.794963121414185,9.753517150878906]",False
user17|functional_action|deep_squat|A3,user17,train,functional_action,deep_squat,Deep Squat,A3,released,,data/trials/user17/functional_action/deep_squat/A3.npz,21704.0,13565.0,1221.0,13.5649893283844,True,3.0,"[1.7839443683624268,5.822346210479736,9.779054403305054]",False
user17|functional_action|deep_squat|A4,user17,train,functional_action,deep_squat,Deep Squat,A4,released,,data/trials/user17/functional_action/deep_squat/A4.npz,21738.0,13586.0,1223.0,13.58623743057251,True,3.0,"[1.801166296005249,5.871358394622803,9.82081937789917]",False
user17|functional_action|forward_lunge|A1,user17,train,functional_action,forward_lunge,Forward Lunge,A1,released,,data/trials/user17/functional_action/forward_lunge/A1.npz,21683.0,13552.0,1220.0,13.551794528961182,True,3.0,"[1.7372543811798096,5.778551340103149,9.738514423370361]",False
user17|functional_action|forward_lunge|A2,user17,train,functional_action,forward_lunge,Forward Lunge,A2,released,,data/trials/user17/functional_action/forward_lunge/A2.npz,21564.0,13478.0,1213.0,13.477659463882446,True,3.0,"[1.7296712398529053,5.767169237136841,9.812009334564209]",False
user17|functional_action|forward_lunge|A3,user17,train,functional_action,forward_lunge,Forward Lunge,A3,released,,data/trials/user17/functional_action/forward_lunge/A3.npz,21541.0,13463.0,1212.0,13.463231086730955,True,3.0,"[1.789283037185669,5.833139896392822,9.785715818405151]",False
user17|functional_action|forward_lunge|A4,user17,train,functional_action,forward_lunge,Forward Lunge,A4,released,,data/trials/user17/functional_action/forward_lunge/A4.npz,21611.0,13507.0,1216.0,13.506956815719604,True,3.0,"[1.748863697052002,5.781677722930908,9.829940795898438]",False
user17|functional_action|heel_raise|A1,user17,train,functional_action,heel_raise,Heel Raise,A1,released,,data/trials/user17/functional_action/heel_raise/A1.npz,21618.0,13511.0,1216.0,13.511247634887695,True,3.0,"[1.851470708847046,5.884896516799927,9.936564683914185]",False
user17|functional_action|heel_raise|A2,user17,train,functional_action,heel_raise,Heel Raise,A2,released,,data/trials/user17/functional_action/heel_raise/A2.npz,21675.0,13548.0,1220.0,13.547119617462158,True,3.0,"[1.905848503112793,5.959054470062256,9.909874439239502]",False
user17|functional_action|heel_raise|A3,user17,train,functional_action,heel_raise,Heel Raise,A3,released,,data/trials/user17/functional_action/heel_raise/A3.npz,21776.0,13610.0,1225.0,13.610512018203735,True,3.0,"[1.8216688632965088,5.8677918910980225,9.83067274093628]",False
user17|functional_action|heel_raise|A4,user17,train,functional_action,heel_raise,Heel Raise,A4,released,,data/trials/user17/functional_action/heel_raise/A4.npz,21671.0,13544.0,1219.0,13.544527053833008,True,3.0,"[1.7932610511779785,5.824790954589844,9.789366960525513]",False
user17|functional_action|left_lunge|A1,user17,train,functional_action,left_lunge,Left Lunge,A1,released,,data/trials/user17/functional_action/left_lunge/A1.npz,21637.0,13523.0,1217.0,13.52261519432068,True,3.0,"[1.7203161716461182,5.755029201507568,9.803108215332031]",False
user17|functional_action|left_lunge|A2,user17,train,functional_action,left_lunge,Left Lunge,A2,released,,data/trials/user17/functional_action/left_lunge/A2.npz,21703.0,13565.0,1221.0,13.564617156982422,True,3.0,"[1.7889530658721924,5.829946994781494,9.874247074127197]",False
user17|functional_action|left_lunge|A3,user17,train,functional_action,left_lunge,Left Lunge,A3,released,,data/trials/user17/functional_action/left_lunge/A3.npz,21764.0,13603.0,1225.0,13.602264404296877,True,3.0,"[1.7981913089752197,5.827508211135864,9.879765272140503]",False
user17|functional_action|left_lunge|A4,user17,train,functional_action,left_lunge,Left Lunge,A4,released,,data/trials/user17/functional_action/left_lunge/A4.npz,21774.0,13608.0,1225.0,13.608661651611328,True,3.0,"[1.7818756103515625,5.819282531738281,9.862008571624756]",False
user17|functional_action|quiet_sit|A1,user17,train,functional_action,quiet_sit,Quiet Sit,A1,released,,data/trials/user17/functional_action/quiet_sit/A1.npz,21656.0,13534.0,1219.0,13.534823179244995,True,3.0,"[1.709205150604248,5.743121147155762,9.800737142562866]",False
user17|functional_action|quiet_sit|A2,user17,train,functional_action,quiet_sit,Quiet Sit,A2,released,,data/trials/user17/functional_action/quiet_sit/A2.npz,21626.0,13517.0,1217.0,13.51640796661377,True,3.0,"[1.8111248016357422,5.853277921676636,9.894730806350708]",False
user17|functional_action|quiet_sit|A3,user17,train,functional_action,quiet_sit,Quiet Sit,A3,released,,data/trials/user17/functional_action/quiet_sit/A3.npz,21643.0,13527.0,1218.0,13.526709794998167,True,3.0,"[1.8362805843353271,5.877190589904785,9.91334867477417]",False
user17|functional_action|quiet_sit|A4,user17,train,functional_action,quiet_sit,Quiet Sit,A4,released,,data/trials/user17/functional_action/quiet_sit/A4.npz,21715.0,13572.0,1222.0,13.57140302658081,True,3.0,"[1.814608097076416,5.860783100128174,9.892859935760498]",False
user17|functional_action|quiet_stand|A1,user17,train,functional_action,quiet_stand,Quiet Stand,A1,released,,data/trials/user17/functional_action/quiet_stand/A1.npz,21691.0,13556.0,1221.0,13.556358814239502,True,3.0,"[1.8216497898101807,5.872488737106323,9.821499824523926]",False
user17|functional_action|quiet_stand|A2,user17,train,functional_action,quiet_stand,Quiet Stand,A2,released,,data/trials/user17/functional_action/quiet_stand/A2.npz,21745.0,13590.0,1224.0,13.59021782875061,True,3.0,"[1.8086206912994385,5.852806568145752,9.889391660690308]",False
user17|functional_action|quiet_stand|A3,user17,train,functional_action,quiet_stand,Quiet Stand,A3,released,,data/trials/user17/functional_action/quiet_stand/A3.npz,21532.0,13457.0,1212.0,13.457120895385742,True,3.0,"[1.9747588634490967,6.021285772323608,10.062638759613037]",False
user17|functional_action|quiet_stand|A4,user17,train,functional_action,quiet_stand,Quiet Stand,A4,released,,data/trials/user17/functional_action/quiet_stand/A4.npz,21719.0,13574.0,1222.0,13.57402515411377,True,3.0,"[1.8083391189575195,5.858971118927002,9.812547206878662]",False
user17|functional_action|single_leg_stance|A1,user17,train,functional_action,single_leg_stance,Single-leg Stance,A1,released,,data/trials/user17/functional_action/single_leg_stance/A1.npz,21666.0,13541.0,1219.0,13.541074514389038,True,3.0,"[1.749037504196167,5.792743444442749,9.744712591171265]",False
user17|functional_action|single_leg_stance|A2,user17,train,functional_action,single_leg_stance,Single-leg Stance,A2,released,,data/trials/user17/functional_action/single_leg_stance/A2.npz,21681.0,13551.0,1220.0,13.550808191299438,True,3.0,"[1.784947156906128,5.852985143661499,9.803024053573608]",False
user17|functional_action|single_leg_stance|A3,user17,train,functional_action,single_leg_stance,Single-leg Stance,A3,released,,data/trials/user17/functional_action/single_leg_stance/A3.npz,21665.0,13540.0,1219.0,13.540546655654907,True,3.0,"[1.759089708328247,5.79447865486145,9.842379570007324]",False
user17|functional_action|single_leg_stance|A4,user17,train,functional_action,single_leg_stance,Single-leg Stance,A4,released,,data/trials/user17/functional_action/single_leg_stance/A4.npz,21713.0,13571.0,1222.0,13.570691108703612,True,3.0,"[1.7688660621643066,5.798587083816528,9.853470087051392]",False
user17|functional_action|stair_ascent|A1,user17,train,functional_action,stair_ascent,Stair Ascent,A1,released,,data/trials/user17/functional_action/stair_ascent/A1.npz,21588.0,13492.0,1215.0,13.49210238456726,True,3.0,"[1.7634191513061523,5.7979631423950195,9.756115198135376]",False
user17|functional_action|stair_ascent|A2,user17,train,functional_action,stair_ascent,Stair Ascent,A2,released,,data/trials/user17/functional_action/stair_ascent/A2.npz,21785.0,13615.0,1226.0,13.615326881408691,True,3.0,"[1.7970757484436035,5.84048867225647,9.797938823699951]",False
user17|functional_action|stair_ascent|A3,user17,train,functional_action,stair_ascent,Stair Ascent,A3,released,,data/trials/user17/functional_action/stair_ascent/A3.npz,21665.0,13541.0,1219.0,13.540940761566162,True,3.0,"[1.8097116947174072,5.8460187911987305,9.806289672851562]",False
user17|functional_action|stair_ascent|A4,user17,train,functional_action,stair_ascent,Stair Ascent,A4,released,,data/trials/user17/functional_action/stair_ascent/A4.npz,21670.0,13544.0,1219.0,13.544003248214722,True,3.0,"[1.742398977279663,5.779479026794434,9.739509105682373]",False
user17|functional_action|stand_sit_transition|A1,user17,train,functional_action,stand_sit_transition,Stand-sit transition,A1,released,,data/trials/user17/functional_action/stand_sit_transition/A1.npz,21553.0,13471.0,1213.0,13.470754623413086,True,3.0,"[1.8987095355987549,5.942976474761963,9.901018619537354]",False
user17|functional_action|stand_sit_transition|A2,user17,train,functional_action,stand_sit_transition,Stand-sit transition,A2,released,,data/trials/user17/functional_action/stand_sit_transition/A2.npz,21737.0,13585.0,1223.0,13.585435628890991,True,3.0,"[1.806647539138794,5.840696573257446,9.879401445388794]",False
user17|functional_action|stand_sit_transition|A3,user17,train,functional_action,stand_sit_transition,Stand-sit transition,A3,released,,data/trials/user17/functional_action/stand_sit_transition/A3.npz,21817.0,13636.0,1228.0,13.635645866394045,True,3.0,"[1.836601734161377,5.904375791549683,9.853357791900635]",False
user17|functional_action|stand_sit_transition|A4,user17,train,functional_action,stand_sit_transition,Stand-sit transition,A4,released,,data/trials/user17/functional_action/stand_sit_transition/A4.npz,21518.0,13448.0,1211.0,13.448348760604858,True,3.0,"[1.7166805267333984,5.750383615493774,9.791579484939575]",False
user17|functional_action|vertical_jump|A1,user17,train,functional_action,vertical_jump,Vertical Jump,A1,released,,data/trials/user17/functional_action/vertical_jump/A1.npz,21595.0,13497.0,1215.0,13.49690294265747,True,3.0,"[1.7584667205810547,5.787604808807373,9.820735931396484]",False
user17|functional_action|vertical_jump|A2,user17,train,functional_action,vertical_jump,Vertical Jump,A2,released,,data/trials/user17/functional_action/vertical_jump/A2.npz,21576.0,13485.0,1214.0,13.48545217514038,True,3.0,"[1.8198201656341553,5.854504108428955,9.891764163970947]",False
user17|functional_action|vertical_jump|A3,user17,train,functional_action,vertical_jump,Vertical Jump,A3,released,,data/trials/user17/functional_action/vertical_jump/A3.npz,21674.0,13546.0,1219.0,13.54650592803955,True,3.0,"[1.7228586673736572,5.756606817245483,9.789674758911133]",False
user17|functional_action|vertical_jump|A4,user17,train,functional_action,vertical_jump,Vertical Jump,A4,released,,data/trials/user17/functional_action/vertical_jump/A4.npz,21669.0,13544.0,1219.0,13.54334020614624,True,3.0,"[1.7535240650177002,5.789190053939819,9.79062008857727]",False
user17|treadmill_walking|treadmill_walking_1_kmh|A1,user17,train,treadmill_walking,treadmill_walking_1_kmh,Walk at 1 km/h,A1,released,,data/trials/user17/treadmill_walking/treadmill_walking_1_kmh/A1.npz,21674.0,13547.0,1220.0,13.54644775390625,True,3.0,"[1.7747538089752197,5.8466477394104,9.784913778305054]",False
user17|treadmill_walking|treadmill_walking_1_kmh|A2,user17,train,treadmill_walking,treadmill_walking_1_kmh,Walk at 1 km/h,A2,released,,data/trials/user17/treadmill_walking/treadmill_walking_1_kmh/A2.npz,21666.0,13541.0,1219.0,13.540863990783691,True,3.0,"[1.7594707012176514,5.80086088180542,9.841469764709473]",False
user17|treadmill_walking|treadmill_walking_1_kmh|A3,user17,train,treadmill_walking,treadmill_walking_1_kmh,Walk at 1 km/h,A3,released,,data/trials/user17/treadmill_walking/treadmill_walking_1_kmh/A3.npz,21628.0,13517.0,1217.0,13.517367124557495,True,3.0,"[1.8081920146942139,5.852757930755615,9.892621994018555]",False
user17|treadmill_walking|treadmill_walking_1_kmh|A4,user17,train,treadmill_walking,treadmill_walking_1_kmh,Walk at 1 km/h,A4,released,,data/trials/user17/treadmill_walking/treadmill_walking_1_kmh/A4.npz,21613.0,13508.0,1216.0,13.50860595703125,True,3.0,"[1.8134758472442627,5.856058835983276,9.895859003067017]",False
user17|treadmill_walking|treadmill_walking_2_kmh|A1,user17,train,treadmill_walking,treadmill_walking_2_kmh,Walk at 2 km/h,A1,released,,data/trials/user17/treadmill_walking/treadmill_walking_2_kmh/A1.npz,21536.0,13460.0,1212.0,13.46006202697754,True,3.0,"[1.8216979503631592,5.850906133651733,9.882405042648315]",False
user17|treadmill_walking|treadmill_walking_2_kmh|A2,user17,train,treadmill_walking,treadmill_walking_2_kmh,Walk at 2 km/h,A2,released,,data/trials/user17/treadmill_walking/treadmill_walking_2_kmh/A2.npz,21686.0,13554.0,1220.0,13.554093837738035,True,3.0,"[1.8163177967071533,5.874188661575317,9.810786724090576]",False
user17|treadmill_walking|treadmill_walking_2_kmh|A3,user17,train,treadmill_walking,treadmill_walking_2_kmh,Walk at 2 km/h,A3,released,,data/trials/user17/treadmill_walking/treadmill_walking_2_kmh/A3.npz,21817.0,13636.0,1228.0,13.635781288146973,True,3.0,"[1.8084299564361572,5.859199047088623,9.808322191238403]",False
user17|treadmill_walking|treadmill_walking_2_kmh|A4,user17,train,treadmill_walking,treadmill_walking_2_kmh,Walk at 2 km/h,A4,released,,data/trials/user17/treadmill_walking/treadmill_walking_2_kmh/A4.npz,21708.0,13567.0,1221.0,13.56728458404541,True,3.0,"[1.8356783390045166,5.880057334899902,9.916602373123169]",False
user17|treadmill_walking|treadmill_walking_3_kmh|A1,user17,train,treadmill_walking,treadmill_walking_3_kmh,Walk at 3 km/h,A1,released,,data/trials/user17/treadmill_walking/treadmill_walking_3_kmh/A1.npz,21609.0,13505.0,1216.0,13.505851984024048,True,3.0,"[1.8256008625030518,5.863869667053223,9.904752731323242]",False
user17|treadmill_walking|treadmill_walking_3_kmh|A2,user17,train,treadmill_walking,treadmill_walking_3_kmh,Walk at 3 km/h,A2,released,,data/trials/user17/treadmill_walking/treadmill_walking_3_kmh/A2.npz,21642.0,13526.0,1218.0,13.526222705841064,True,3.0,"[1.8192667961120605,5.859579801559448,9.908045768737793]",False
user17|treadmill_walking|treadmill_walking_3_kmh|A3,user17,train,treadmill_walking,treadmill_walking_3_kmh,Walk at 3 km/h,A3,released,,data/trials/user17/treadmill_walking/treadmill_walking_3_kmh/A3.npz,21625.0,13516.0,1217.0,13.51555609703064,True,3.0,"[1.7774639129638672,5.813870906829834,9.858483791351318]",False
user17|treadmill_walking|treadmill_walking_3_kmh|A4,user17,train,treadmill_walking,treadmill_walking_3_kmh,Walk at 3 km/h,A4,released,,data/trials/user17/treadmill_walking/treadmill_walking_3_kmh/A4.npz,21564.0,13477.0,1213.0,13.4777352809906,True,3.0,"[1.836301326751709,5.886948347091675,9.830031394958496]",False
user17|treadmill_walking|treadmill_walking_4_kmh|A1,user17,train,treadmill_walking,treadmill_walking_4_kmh,Walk at 4 km/h,A1,released,,data/trials/user17/treadmill_walking/treadmill_walking_4_kmh/A1.npz,21822.0,13639.0,1228.0,13.638651609420776,True,3.0,"[2.058931589126587,6.101524591445923,10.141048669815063]",False
user17|treadmill_walking|treadmill_walking_4_kmh|A2,user17,train,treadmill_walking,treadmill_walking_4_kmh,Walk at 4 km/h,A2,released,,data/trials/user17/treadmill_walking/treadmill_walking_4_kmh/A2.npz,21575.0,13485.0,1214.0,13.484479904174805,True,3.0,"[1.8257396221160889,5.871802806854248,9.903730630874634]",False
user17|treadmill_walking|treadmill_walking_4_kmh|A3,user17,train,treadmill_walking,treadmill_walking_4_kmh,Walk at 4 km/h,A3,released,,data/trials/user17/treadmill_walking/treadmill_walking_4_kmh/A3.npz,21540.0,13463.0,1212.0,13.462064504623411,True,3.0,"[1.666351556777954,5.715279579162598,9.749753475189209]",False
user17|treadmill_walking|treadmill_walking_4_kmh|A4,user17,train,treadmill_walking,treadmill_walking_4_kmh,Walk at 4 km/h,A4,released,,data/trials/user17/treadmill_walking/treadmill_walking_4_kmh/A4.npz,21607.0,13505.0,1216.0,13.50477647781372,True,3.0,"[1.7126343250274658,5.759914398193359,9.793889284133911]",False
user17|treadmill_walking|treadmill_walking_5_kmh|A1,user17,train,treadmill_walking,treadmill_walking_5_kmh,Walk at 5 km/h,A1,released,,data/trials/user17/treadmill_walking/treadmill_walking_5_kmh/A1.npz,21688.0,13555.0,1220.0,13.554702281951904,True,3.0,"[1.8139803409576416,5.873108148574829,9.83834719657898]",False
user17|treadmill_walking|treadmill_walking_5_kmh|A2,user17,train,treadmill_walking,treadmill_walking_5_kmh,Walk at 5 km/h,A2,released,,data/trials/user17/treadmill_walking/treadmill_walking_5_kmh/A2.npz,21695.0,13560.0,1221.0,13.559900045394896,True,3.0,"[1.818140983581543,5.852608919143677,9.88849687576294]",False
user17|treadmill_walking|treadmill_walking_5_kmh|A3,user17,train,treadmill_walking,treadmill_walking_5_kmh,Walk at 5 km/h,A3,released,,data/trials/user17/treadmill_walking/treadmill_walking_5_kmh/A3.npz,21591.0,13494.0,1215.0,13.49437403678894,True,3.0,"[1.8604240417480469,5.9140849113464355,9.854120016098022]",False
user17|treadmill_walking|treadmill_walking_5_kmh|A4,user17,train,treadmill_walking,treadmill_walking_5_kmh,Walk at 5 km/h,A4,released,,data/trials/user17/treadmill_walking/treadmill_walking_5_kmh/A4.npz,21579.0,13487.0,1214.0,13.486584424972534,True,3.0,"[1.8148903846740723,5.8607683181762695,9.810660362243652]",False
user18|functional_action|deadlift|A1,user18,train,functional_action,deadlift,Deadlift,A1,released,,data/trials/user18/functional_action/deadlift/A1.npz,23103.0,14439.0,1300.0,14.43955397605896,True,3.0,"[1.7953999042510986,5.852899789810181,9.800054788589478]",False
user18|functional_action|deadlift|A2,user18,train,functional_action,deadlift,Deadlift,A2,released,,data/trials/user18/functional_action/deadlift/A2.npz,23050.0,14406.0,1297.0,14.406322002410889,True,3.0,"[1.772892951965332,5.824291944503784,9.77825379371643]",False
user18|functional_action|deadlift|A3,user18,train,functional_action,deadlift,Deadlift,A3,released,,data/trials/user18/functional_action/deadlift/A3.npz,23046.0,14403.0,1297.0,14.403547286987305,True,3.0,"[1.7524490356445312,5.78361701965332,9.841907024383545]",False
user18|functional_action|deadlift|A4,user18,train,functional_action,deadlift,Deadlift,A4,released,,data/trials/user18/functional_action/deadlift/A4.npz,23016.0,14384.0,1295.0,14.384471654891968,True,3.0,"[1.814030647277832,5.857372522354126,9.814897537231445]",False
user18|functional_action|deep_squat|A1,user18,train,functional_action,deep_squat,Deep Squat,A1,released,,data/trials/user18/functional_action/deep_squat/A1.npz,23065.0,14416.0,1298.0,14.415386438369753,True,3.0,"[1.8927054405212402,5.931273460388184,9.886809349060059]",False
user18|functional_action|deep_squat|A2,user18,train,functional_action,deep_squat,Deep Squat,A2,released,,data/trials/user18/functional_action/deep_squat/A2.npz,23152.0,14471.0,1303.0,14.470417022705078,True,3.0,"[1.8529040813446045,5.924987077713013,9.887507915496826]",False
user18|functional_action|deep_squat|A3,user18,train,functional_action,deep_squat,Deep Squat,A3,released,,data/trials/user18/functional_action/deep_squat/A3.npz,22936.0,14334.0,1291.0,14.334826946258543,True,3.0,"[1.6473078727722168,5.688734769821167,9.74124789237976]",False
user18|functional_action|deep_squat|A4,user18,train,functional_action,deep_squat,Deep Squat,A4,released,,data/trials/user18/functional_action/deep_squat/A4.npz,22975.0,14359.0,1293.0,14.35904312133789,True,3.0,"[1.7833499908447266,5.832300186157227,9.779590129852295]",False
user18|functional_action|forward_lunge|A1,user18,train,functional_action,forward_lunge,Forward Lunge,A1,released,,data/trials/user18/functional_action/forward_lunge/A1.npz,23040.0,14400.0,1296.0,14.399672031402588,True,3.0,"[1.6903491020202637,5.737086057662964,9.687735080718994]",False
user18|functional_action|forward_lunge|A2,user18,train,functional_action,forward_lunge,Forward Lunge,A2,released,,data/trials/user18/functional_action/forward_lunge/A2.npz,22952.0,14345.0,1291.0,14.344870567321776,True,3.0,"[1.7859163284301758,5.837813377380371,9.793873310089111]",False
user18|functional_action|forward_lunge|A3,user18,train,functional_action,forward_lunge,Forward Lunge,A3,released,,data/trials/user18/functional_action/forward_lunge/A3.npz,23063.0,14415.0,1298.0,14.4147207736969,True,3.0,"[1.7553117275238037,5.822268724441528,9.775352716445923]",False
user18|functional_action|forward_lunge|A4,user18,train,functional_action,forward_lunge,Forward Lunge,A4,released,,data/trials/user18/functional_action/forward_lunge/A4.npz,22973.0,14358.0,1293.0,14.358299970626833,True,3.0,"[1.8738150596618652,5.912837028503418,9.869710922241211]",False
user18|functional_action|heel_raise|A1,user18,train,functional_action,heel_raise,Heel Raise,A1,released,,data/trials/user18/functional_action/heel_raise/A1.npz,23025.0,14391.0,1296.0,14.391066312789915,True,3.0,"[1.7883691787719727,5.826784133911133,9.876047134399414]",False
user18|functional_action|heel_raise|A2,user18,train,functional_action,heel_raise,Heel Raise,A2,released,,data/trials/user18/functional_action/heel_raise/A2.npz,22963.0,14352.0,1292.0,14.352197885513306,True,3.0,"[1.7892975807189941,5.83754563331604,9.870763778686523]",False
user18|functional_action|heel_raise|A3,user18,train,functional_action,heel_raise,Heel Raise,A3,released,,data/trials/user18/functional_action/heel_raise/A3.npz,22843.0,14277.0,1285.0,14.276729822158812,True,3.0,"[1.7676787376403809,5.8141028881073,9.763372898101807]",False
user18|functional_action|heel_raise|A4,user18,train,functional_action,heel_raise,Heel Raise,A4,released,,data/trials/user18/functional_action/heel_raise/A4.npz,22247.0,13904.0,1251.0,13.903816938400269,True,3.0,"[1.460127830505371,5.50335693359375,9.455901861190796]",False
user18|functional_action|left_lunge|A1,user18,train,functional_action,left_lunge,Left Lunge,A1,released,,data/trials/user18/functional_action/left_lunge/A1.npz,22826.0,14266.0,1284.0,14.266162633895874,True,3.0,"[1.7399487495422363,5.779495716094971,9.74240756034851]",False
user18|functional_action|left_lunge|A2,user18,train,functional_action,left_lunge,Left Lunge,A2,released,,data/trials/user18/functional_action/left_lunge/A2.npz,22981.0,14364.0,1293.0,14.36330771446228,True,3.0,"[1.7611796855926514,5.80237078666687,9.844390630722046]",False
user18|functional_action|left_lunge|A3,user18,train,functional_action,left_lunge,Left Lunge,A3,released,,data/trials/user18/functional_action/left_lunge/A3.npz,22952.0,14345.0,1291.0,14.344760417938232,True,3.0,"[1.7354023456573486,5.780445337295532,9.733003377914429]",False
user18|functional_action|left_lunge|A4,user18,train,functional_action,left_lunge,Left Lunge,A4,released,,data/trials/user18/functional_action/left_lunge/A4.npz,22915.0,14322.0,1289.0,14.321846961975098,True,3.0,"[1.7897899150848389,5.834288835525513,9.875355005264282]",False
user18|functional_action|quiet_sit|A1,user18,train,functional_action,quiet_sit,Quiet Sit,A1,released,,data/trials/user18/functional_action/quiet_sit/A1.npz,23061.0,14413.0,1298.0,14.413362979888916,True,3.0,"[1.8585970401763916,5.9064600467681885,9.949316024780273]",False
user18|functional_action|quiet_sit|A2,user18,train,functional_action,quiet_sit,Quiet Sit,A2,released,,data/trials/user18/functional_action/quiet_sit/A2.npz,22983.0,14365.0,1293.0,14.364577293395996,True,3.0,"[2.2187821865081787,6.286210298538208,10.269480228424072]",False
user18|functional_action|quiet_sit|A3,user18,train,functional_action,quiet_sit,Quiet Sit,A3,released,,data/trials/user18/functional_action/quiet_sit/A3.npz,22874.0,14296.0,1287.0,14.295947790145874,True,3.0,"[1.7400486469268799,5.773789644241333,9.819867610931396]",False
user18|functional_action|quiet_sit|A4,user18,train,functional_action,quiet_sit,Quiet Sit,A4,released,,data/trials/user18/functional_action/quiet_sit/A4.npz,22900.0,14312.0,1288.0,14.312509298324583,True,3.0,"[1.7795891761779785,5.842107057571411,9.789535999298096]",False
user18|functional_action|quiet_stand|A1,user18,train,functional_action,quiet_stand,Quiet Stand,A1,released,,data/trials/user18/functional_action/quiet_stand/A1.npz,23000.0,14375.0,1294.0,14.375231266021729,True,3.0,"[1.7797672748565674,5.834534168243408,9.783409118652344]",False
user18|functional_action|quiet_stand|A2,user18,train,functional_action,quiet_stand,Quiet Stand,A2,released,,data/trials/user18/functional_action/quiet_stand/A2.npz,22841.0,14275.0,1285.0,14.27519917488098,True,3.0,"[1.851811170578003,5.895280122756958,9.930138111114502]",False
user18|functional_action|quiet_stand|A3,user18,train,functional_action,quiet_stand,Quiet Stand,A3,released,,data/trials/user18/functional_action/quiet_stand/A3.npz,22811.0,14257.0,1284.0,14.257070302963257,True,3.0,"[1.7414882183074951,5.7851152420043945,9.817995309829712]",False
user18|functional_action|quiet_stand|A4,user18,train,functional_action,quiet_stand,Quiet Stand,A4,released,,data/trials/user18/functional_action/quiet_stand/A4.npz,22824.0,14266.0,1284.0,14.26552391052246,True,3.0,"[1.7553207874298096,5.789125919342041,9.833504915237427]",False
user18|functional_action|single_leg_stance|A1,user18,train,functional_action,single_leg_stance,Single-leg Stance,A1,released,,data/trials/user18/functional_action/single_leg_stance/A1.npz,22973.0,14358.0,1293.0,14.3582661151886,True,3.0,"[1.7424068450927734,5.776481866836548,9.813503980636597]",False
user18|functional_action|single_leg_stance|A2,user18,train,functional_action,single_leg_stance,Single-leg Stance,A2,released,,data/trials/user18/functional_action/single_leg_stance/A2.npz,22909.0,14319.0,1289.0,14.318161964416504,True,3.0,"[1.7666728496551514,5.811672925949097,9.851956844329834]",False
user18|functional_action|single_leg_stance|A3,user18,train,functional_action,single_leg_stance,Single-leg Stance,A3,released,,data/trials/user18/functional_action/single_leg_stance/A3.npz,22986.0,14366.0,1293.0,14.365996599197388,True,3.0,"[1.823892593383789,5.855942487716675,9.905746459960938]",False
user18|functional_action|single_leg_stance|A4,user18,train,functional_action,single_leg_stance,Single-leg Stance,A4,released,,data/trials/user18/functional_action/single_leg_stance/A4.npz,22980.0,14362.0,1293.0,14.362479209899902,True,3.0,"[1.7705061435699463,5.808371067047119,9.854716062545776]",False
user18|functional_action|stair_ascent|A1,user18,train,functional_action,stair_ascent,Stair Ascent,A1,released,,data/trials/user18/functional_action/stair_ascent/A1.npz,22998.0,14374.0,1294.0,14.37390112876892,True,3.0,"[1.7630689144134521,5.81019401550293,9.765652894973755]",False
user18|functional_action|stair_ascent|A2,user18,train,functional_action,stair_ascent,Stair Ascent,A2,released,,data/trials/user18/functional_action/stair_ascent/A2.npz,22936.0,14335.0,1291.0,14.3346266746521,True,3.0,"[1.828925609588623,5.866207599639893,9.824724674224854]",False
user18|functional_action|stair_ascent|A3,user18,train,functional_action,stair_ascent,Stair Ascent,A3,released,,data/trials/user18/functional_action/stair_ascent/A3.npz,22845.0,14278.0,1285.0,14.27850604057312,True,3.0,"[1.8033447265625,5.8431618213653564,9.797526836395264]",False
user18|functional_action|stair_ascent|A4,user18,train,functional_action,stair_ascent,Stair Ascent,A4,released,,data/trials/user18/functional_action/stair_ascent/A4.npz,23013.0,14383.0,1295.0,14.383153676986694,True,3.0,"[1.7978785037994385,5.834320545196533,9.888675451278687]",False
user18|functional_action|stand_sit_transition|A1,user18,train,functional_action,stand_sit_transition,Stand-sit transition,A1,released,,data/trials/user18/functional_action/stand_sit_transition/A1.npz,22999.0,14375.0,1294.0,14.37480926513672,True,3.0,"[1.798253059387207,5.796393156051636,9.845895051956177]",False
user18|functional_action|stand_sit_transition|A2,user18,train,functional_action,stand_sit_transition,Stand-sit transition,A2,released,,data/trials/user18/functional_action/stand_sit_transition/A2.npz,22957.0,14348.0,1292.0,14.34823226928711,True,3.0,"[1.8290622234344482,5.8845720291137695,9.830641031265259]",False
user18|functional_action|stand_sit_transition|A3,user18,train,functional_action,stand_sit_transition,Stand-sit transition,A3,released,,data/trials/user18/functional_action/stand_sit_transition/A3.npz,22982.0,14364.0,1293.0,14.363897562026978,True,3.0,"[1.800706386566162,5.844845294952393,9.799917459487915]",False
user18|functional_action|stand_sit_transition|A4,user18,train,functional_action,stand_sit_transition,Stand-sit transition,A4,released,,data/trials/user18/functional_action/stand_sit_transition/A4.npz,22945.0,14341.0,1291.0,14.340977191925049,True,3.0,"[1.770165205001831,5.815546989440918,9.765886068344116]",False
user18|functional_action|vertical_jump|A1,user18,train,functional_action,vertical_jump,Vertical Jump,A1,released,,data/trials/user18/functional_action/vertical_jump/A1.npz,23112.0,14445.0,1300.0,14.44511866569519,True,3.0,"[1.7543234825134277,5.795448541641235,9.843810558319092]",False
user18|functional_action|vertical_jump|A2,user18,train,functional_action,vertical_jump,Vertical Jump,A2,released,,data/trials/user18/functional_action/vertical_jump/A2.npz,23046.0,14404.0,1297.0,14.404175758361816,True,3.0,"[1.770859718322754,5.811391592025757,9.85214877128601]",False
user18|functional_action|vertical_jump|A3,user18,train,functional_action,vertical_jump,Vertical Jump,A3,released,,data/trials/user18/functional_action/vertical_jump/A3.npz,22996.0,14373.0,1294.0,14.372729778289797,True,3.0,"[1.7980186939239502,5.831883668899536,9.878102540969849]",False
user18|functional_action|vertical_jump|A4,user18,train,functional_action,vertical_jump,Vertical Jump,A4,released,,data/trials/user18/functional_action/vertical_jump/A4.npz,23010.0,14382.0,1295.0,14.381423234939575,True,3.0,"[1.8017692565917969,5.8332133293151855,9.885281324386597]",False
user18|treadmill_walking|treadmill_walking_1_kmh|A1,user18,train,treadmill_walking,treadmill_walking_1_kmh,Walk at 1 km/h,A1,released,,data/trials/user18/treadmill_walking/treadmill_walking_1_kmh/A1.npz,23028.0,14393.0,1296.0,14.392956495285034,True,3.0,"[1.8335464000701904,5.874992609024048,9.908954620361328]",False
user18|treadmill_walking|treadmill_walking_1_kmh|A2,user18,train,treadmill_walking,treadmill_walking_1_kmh,Walk at 1 km/h,A2,released,,data/trials/user18/treadmill_walking/treadmill_walking_1_kmh/A2.npz,22809.0,14256.0,1283.0,14.25587558746338,True,3.0,"[1.6892824172973633,5.738986492156982,9.777196407318115]",False
user18|treadmill_walking|treadmill_walking_1_kmh|A3,user18,train,treadmill_walking,treadmill_walking_1_kmh,Walk at 1 km/h,A3,released,,data/trials/user18/treadmill_walking/treadmill_walking_1_kmh/A3.npz,22989.0,14369.0,1294.0,14.368077754974363,True,3.0,"[1.8067545890808105,5.844845771789551,9.892379760742188]",False
user18|treadmill_walking|treadmill_walking_1_kmh|A4,user18,train,treadmill_walking,treadmill_walking_1_kmh,Walk at 1 km/h,A4,released,,data/trials/user18/treadmill_walking/treadmill_walking_1_kmh/A4.npz,22849.0,14280.0,1286.0,14.280390977859495,True,3.0,"[1.7689769268035889,5.8073890209198,9.850162029266357]",False
user18|treadmill_walking|treadmill_walking_2_kmh|A1,user18,train,treadmill_walking,treadmill_walking_2_kmh,Walk at 2 km/h,A1,released,,data/trials/user18/treadmill_walking/treadmill_walking_2_kmh/A1.npz,22771.0,14231.0,1281.0,14.231680870056152,True,3.0,"[1.784322738647461,5.824890851974487,9.870369911193848]",False
user18|treadmill_walking|treadmill_walking_2_kmh|A2,user18,train,treadmill_walking,treadmill_walking_2_kmh,Walk at 2 km/h,A2,released,,data/trials/user18/treadmill_walking/treadmill_walking_2_kmh/A2.npz,22891.0,14307.0,1288.0,14.30681848526001,True,3.0,"[1.7744402885437012,5.812634229660034,9.860087394714355]",False
user18|treadmill_walking|treadmill_walking_2_kmh|A3,user18,train,treadmill_walking,treadmill_walking_2_kmh,Walk at 2 km/h,A3,released,,data/trials/user18/treadmill_walking/treadmill_walking_2_kmh/A3.npz,22922.0,14326.0,1290.0,14.32625961303711,True,3.0,"[1.8309404850006104,5.884908437728882,9.829090595245361]",False
user18|treadmill_walking|treadmill_walking_2_kmh|A4,user18,train,treadmill_walking,treadmill_walking_2_kmh,Walk at 2 km/h,A4,released,,data/trials/user18/treadmill_walking/treadmill_walking_2_kmh/A4.npz,22884.0,14303.0,1288.0,14.302513122558594,True,3.0,"[1.6935999393463135,5.738656997680664,9.783536911010742]",False
user18|treadmill_walking|treadmill_walking_3_kmh|A1,user18,train,treadmill_walking,treadmill_walking_3_kmh,Walk at 3 km/h,A1,released,,data/trials/user18/treadmill_walking/treadmill_walking_3_kmh/A1.npz,23010.0,14381.0,1295.0,14.381191492080688,True,3.0,"[1.819183349609375,5.851402282714844,9.886221408843994]",False
user18|treadmill_walking|treadmill_walking_3_kmh|A2,user18,train,treadmill_walking,treadmill_walking_3_kmh,Walk at 3 km/h,A2,released,,data/trials/user18/treadmill_walking/treadmill_walking_3_kmh/A2.npz,22854.0,14284.0,1286.0,14.283645868301392,True,3.0,"[1.685628890991211,5.734699726104736,9.77393388748169]",False
user18|treadmill_walking|treadmill_walking_3_kmh|A3,user18,train,treadmill_walking,treadmill_walking_3_kmh,Walk at 3 km/h,A3,released,,data/trials/user18/treadmill_walking/treadmill_walking_3_kmh/A3.npz,22848.0,14280.0,1286.0,14.27989411354065,True,3.0,"[1.821131944656372,5.867358922958374,9.913200855255127]",False
user18|treadmill_walking|treadmill_walking_3_kmh|A4,user18,train,treadmill_walking,treadmill_walking_3_kmh,Walk at 3 km/h,A4,released,,data/trials/user18/treadmill_walking/treadmill_walking_3_kmh/A4.npz,22969.0,14356.0,1292.0,14.35519242286682,True,3.0,"[1.7963924407958984,5.841742515563965,9.824623346328735]",False
user18|treadmill_walking|treadmill_walking_4_kmh|A1,user18,train,treadmill_walking,treadmill_walking_4_kmh,Walk at 4 km/h,A1,released,,data/trials/user18/treadmill_walking/treadmill_walking_4_kmh/A1.npz,22934.0,14333.0,1290.0,14.333691120147703,True,3.0,"[1.8246681690216064,5.864806175231934,9.909072160720825]",False
user18|treadmill_walking|treadmill_walking_4_kmh|A2,user18,train,treadmill_walking,treadmill_walking_4_kmh,Walk at 4 km/h,A2,released,,data/trials/user18/treadmill_walking/treadmill_walking_4_kmh/A2.npz,22901.0,14314.0,1289.0,14.313599824905396,True,3.0,"[1.7787537574768066,5.821476697921753,9.861044645309448]",False
user18|treadmill_walking|treadmill_walking_4_kmh|A3,user18,train,treadmill_walking,treadmill_walking_4_kmh,Walk at 4 km/h,A3,released,,data/trials/user18/treadmill_walking/treadmill_walking_4_kmh/A3.npz,22870.0,14293.0,1287.0,14.293299436569214,True,3.0,"[1.8116865158081055,5.845301389694214,9.881619453430176]",False
user18|treadmill_walking|treadmill_walking_4_kmh|A4,user18,train,treadmill_walking,treadmill_walking_4_kmh,Walk at 4 km/h,A4,released,,data/trials/user18/treadmill_walking/treadmill_walking_4_kmh/A4.npz,22982.0,14363.0,1293.0,14.36330246925354,True,3.0,"[1.8026821613311768,5.834068298339844,9.8753342628479]",False
user18|treadmill_walking|treadmill_walking_5_kmh|A1,user18,train,treadmill_walking,treadmill_walking_5_kmh,Walk at 5 km/h,A1,released,,data/trials/user18/treadmill_walking/treadmill_walking_5_kmh/A1.npz,22936.0,14335.0,1290.0,14.334707260131836,True,3.0,"[1.8094041347503662,5.851194143295288,9.896863222122192]",False
user18|treadmill_walking|treadmill_walking_5_kmh|A2,user18,train,treadmill_walking,treadmill_walking_5_kmh,Walk at 5 km/h,A2,released,,data/trials/user18/treadmill_walking/treadmill_walking_5_kmh/A2.npz,22849.0,14281.0,1286.0,14.280906677246094,True,3.0,"[1.7802464962005615,5.838223457336426,9.871460437774658]",False
user18|treadmill_walking|treadmill_walking_5_kmh|A3,user18,train,treadmill_walking,treadmill_walking_5_kmh,Walk at 5 km/h,A3,released,,data/trials/user18/treadmill_walking/treadmill_walking_5_kmh/A3.npz,22974.0,14359.0,1293.0,14.359035730361938,True,3.0,"[1.8100836277008057,5.847025632858276,9.886540651321411]",False
user18|treadmill_walking|treadmill_walking_5_kmh|A4,user18,train,treadmill_walking,treadmill_walking_5_kmh,Walk at 5 km/h,A4,released,,data/trials/user18/treadmill_walking/treadmill_walking_5_kmh/A4.npz,22879.0,14300.0,1287.0,14.29930305480957,True,3.0,"[1.8029179573059082,5.85292911529541,9.890729904174805]",False
user19|functional_action|deadlift|A1,user19,train,functional_action,deadlift,Deadlift,A1,released,,data/trials/user19/functional_action/deadlift/A1.npz,22848.0,14279.0,1286.0,14.279810190200806,True,3.0,"[1.8669061660766602,5.928079128265381,9.87990117073059]",False
user19|functional_action|deadlift|A2,user19,train,functional_action,deadlift,Deadlift,A2,released,,data/trials/user19/functional_action/deadlift/A2.npz,22921.0,14326.0,1290.0,14.325732231140137,True,3.0,"[1.7432501316070557,5.798616170883179,9.74770212173462]",False
user19|functional_action|deadlift|A3,user19,train,functional_action,deadlift,Deadlift,A3,released,,data/trials/user19/functional_action/deadlift/A3.npz,22900.0,14312.0,1289.0,14.312373399734495,True,3.0,"[1.8021812438964844,5.84500527381897,9.883987188339233]",False
user19|functional_action|deadlift|A4,user19,train,functional_action,deadlift,Deadlift,A4,released,,data/trials/user19/functional_action/deadlift/A4.npz,22879.0,14300.0,1287.0,14.2997887134552,True,3.0,"[1.7120585441589355,5.767045497894287,9.715766429901123]",False
user19|functional_action|deep_squat|A1,user19,train,functional_action,deep_squat,Deep Squat,A1,released,,data/trials/user19/functional_action/deep_squat/A1.npz,22843.0,14276.0,1285.0,14.276736497879028,True,3.0,"[1.7833104133605957,5.831327438354492,9.871721506118774]",False
user19|functional_action|deep_squat|A2,user19,train,functional_action,deep_squat,Deep Squat,A2,released,,data/trials/user19/functional_action/deep_squat/A2.npz,22915.0,14321.0,1289.0,14.321587324142456,True,3.0,"[1.739234209060669,5.776555299758911,9.814422369003296]",False
user19|functional_action|deep_squat|A3,user19,train,functional_action,deep_squat,Deep Squat,A3,released,,data/trials/user19/functional_action/deep_squat/A3.npz,23043.0,14402.0,1297.0,14.401636362075806,True,3.0,"[1.768789291381836,5.83915638923645,9.78261137008667]",False
user19|functional_action|deep_squat|A4,user19,train,functional_action,deep_squat,Deep Squat,A4,released,,data/trials/user19/functional_action/deep_squat/A4.npz,22889.0,14306.0,1288.0,14.305196285247805,True,3.0,"[1.8148219585418701,5.856539011001587,9.898061990737915]",False
user19|functional_action|forward_lunge|A1,user19,train,functional_action,forward_lunge,Forward Lunge,A1,released,,data/trials/user19/functional_action/forward_lunge/A1.npz,22893.0,14308.0,1288.0,14.308143615722656,True,3.0,"[1.728494644165039,5.757725477218628,9.805514574050903]",False
user19|functional_action|forward_lunge|A2,user19,train,functional_action,forward_lunge,Forward Lunge,A2,released,,data/trials/user19/functional_action/forward_lunge/A2.npz,22892.0,14308.0,1288.0,14.307555913925173,True,3.0,"[1.7903287410736084,5.8225016593933105,9.874003648757935]",False
user19|functional_action|forward_lunge|A3,user19,train,functional_action,forward_lunge,Forward Lunge,A3,released,,data/trials/user19/functional_action/forward_lunge/A3.npz,22847.0,14280.0,1286.0,14.279460906982422,True,3.0,"[1.7631337642669678,5.805601596832275,9.762611627578735]",False
user19|functional_action|forward_lunge|A4,user19,train,functional_action,forward_lunge,Forward Lunge,A4,released,,data/trials/user19/functional_action/forward_lunge/A4.npz,22891.0,14307.0,1288.0,14.306835174560549,True,3.0,"[1.8382611274719238,5.877576112747192,9.927833080291748]",False
user19|functional_action|heel_raise|A1,user19,train,functional_action,heel_raise,Heel Raise,A1,released,,data/trials/user19/functional_action/heel_raise/A1.npz,22867.0,14292.0,1287.0,14.291614770889282,True,3.0,"[1.698251485824585,5.7443366050720215,9.69260859489441]",False
user19|functional_action|heel_raise|A2,user19,train,functional_action,heel_raise,Heel Raise,A2,released,,data/trials/user19/functional_action/heel_raise/A2.npz,22880.0,14300.0,1287.0,14.299777030944824,True,3.0,"[1.7290890216827393,5.760698080062866,9.810834884643555]",False
user19|functional_action|heel_raise|A3,user19,train,functional_action,heel_raise,Heel Raise,A3,released,,data/trials/user19/functional_action/heel_raise/A3.npz,22826.0,14266.0,1284.0,14.26654052734375,True,3.0,"[1.7318034172058105,5.767803430557251,9.82174038887024]",False
user19|functional_action|heel_raise|A4,user19,train,functional_action,heel_raise,Heel Raise,A4,released,,data/trials/user19/functional_action/heel_raise/A4.npz,22916.0,14322.0,1289.0,14.322380542755129,True,3.0,"[1.8386335372924805,5.892749547958374,9.837592601776123]",False
user19|functional_action|left_lunge|A1,user19,train,functional_action,left_lunge,Left Lunge,A1,released,,data/trials/user19/functional_action/left_lunge/A1.npz,22924.0,14327.0,1290.0,14.327212572097778,True,3.0,"[1.7714345455169678,5.814316511154175,9.854691505432129]",False
user19|functional_action|left_lunge|A2,user19,train,functional_action,left_lunge,Left Lunge,A2,released,,data/trials/user19/functional_action/left_lunge/A2.npz,22840.0,14275.0,1285.0,14.27466320991516,True,3.0,"[1.7360451221466064,5.782079219818115,9.738002061843872]",False
user19|functional_action|left_lunge|A3,user19,train,functional_action,left_lunge,Left Lunge,A3,released,,data/trials/user19/functional_action/left_lunge/A3.npz,23002.0,14376.0,1294.0,14.376543283462524,True,3.0,"[1.900510311126709,5.956644296646118,9.90473222732544]",False
user19|functional_action|left_lunge|A4,user19,train,functional_action,left_lunge,Left Lunge,A4,released,,data/trials/user19/functional_action/left_lunge/A4.npz,23002.0,14376.0,1294.0,14.376193761825562,True,3.0,"[1.7643938064575195,5.801592826843262,9.8537757396698]",False
user19|functional_action|quiet_sit|A1,user19,train,functional_action,quiet_sit,Quiet Sit,A1,released,,data/trials/user19/functional_action/quiet_sit/A1.npz,22908.0,14318.0,1289.0,14.317700624465942,True,3.0,"[1.7135555744171143,5.744816541671753,9.720083475112915]",False
user19|functional_action|quiet_sit|A2,user19,train,functional_action,quiet_sit,Quiet Sit,A2,released,,data/trials/user19/functional_action/quiet_sit/A2.npz,22772.0,14233.0,1281.0,14.232120275497437,True,3.0,"[1.8156242370605469,5.858062267303467,9.891686201095581]",False
user19|functional_action|quiet_sit|A3,user19,train,functional_action,quiet_sit,Quiet Sit,A3,released,,data/trials/user19/functional_action/quiet_sit/A3.npz,22842.0,14276.0,1285.0,14.276490926742554,True,3.0,"[1.7232818603515625,5.769000768661499,9.805757999420166]",False
user19|functional_action|quiet_sit|A4,user19,train,functional_action,quiet_sit,Quiet Sit,A4,released,,data/trials/user19/functional_action/quiet_sit/A4.npz,22834.0,14271.0,1285.0,14.2711181640625,True,3.0,"[1.7275731563568115,5.764674186706543,9.81451416015625]",False
user19|functional_action|quiet_stand|A1,user19,train,functional_action,quiet_stand,Quiet Stand,A1,released,,data/trials/user19/functional_action/quiet_stand/A1.npz,23029.0,14394.0,1296.0,14.393158912658691,True,3.0,"[1.7698159217834473,5.806014776229858,9.85074496269226]",False
user19|functional_action|quiet_stand|A2,user19,train,functional_action,quiet_stand,Quiet Stand,A2,released,,data/trials/user19/functional_action/quiet_stand/A2.npz,22960.0,14350.0,1292.0,14.350395917892456,True,3.0,"[1.8719978332519531,5.903239727020264,9.935811758041382]",False
user19|functional_action|quiet_stand|A3,user19,train,functional_action,quiet_stand,Quiet Stand,A3,released,,data/trials/user19/functional_action/quiet_stand/A3.npz,22889.0,14305.0,1288.0,14.305492877960203,True,3.0,"[1.7192749977111816,5.752161979675293,9.798133850097656]",False
user19|functional_action|quiet_stand|A4,user19,train,functional_action,quiet_stand,Quiet Stand,A4,released,,data/trials/user19/functional_action/quiet_stand/A4.npz,22945.0,14341.0,1291.0,14.34110713005066,True,3.0,"[1.723862886428833,5.773097038269043,9.723273038864136]",False
user19|functional_action|single_leg_stance|A1,user19,train,functional_action,single_leg_stance,Single-leg Stance,A1,released,,data/trials/user19/functional_action/single_leg_stance/A1.npz,22874.0,14296.0,1287.0,14.296211004257202,True,3.0,"[1.7513527870178223,5.792014837265015,9.74460482597351]",False
user19|functional_action|single_leg_stance|A2,user19,train,functional_action,single_leg_stance,Single-leg Stance,A2,released,,data/trials/user19/functional_action/single_leg_stance/A2.npz,22947.0,14342.0,1291.0,14.342055082321169,True,3.0,"[1.7670857906341553,5.813001871109009,9.770486831665039]",False
user19|functional_action|single_leg_stance|A3,user19,train,functional_action,single_leg_stance,Single-leg Stance,A3,released,,data/trials/user19/functional_action/single_leg_stance/A3.npz,22853.0,14283.0,1286.0,14.283060550689695,True,3.0,"[1.7190876007080078,5.778516530990601,9.72409439086914]",False
user19|functional_action|single_leg_stance|A4,user19,train,functional_action,single_leg_stance,Single-leg Stance,A4,released,,data/trials/user19/functional_action/single_leg_stance/A4.npz,22873.0,14296.0,1287.0,14.295518636703491,True,3.0,"[1.7377915382385254,5.775888681411743,9.825143575668335]",False
user19|functional_action|stair_ascent|A1,user19,train,functional_action,stair_ascent,Stair Ascent,A1,released,,data/trials/user19/functional_action/stair_ascent/A1.npz,22830.0,14269.0,1285.0,14.268712759017944,True,3.0,"[1.7473227977752686,5.800031661987305,9.751950740814209]",False
user19|functional_action|stair_ascent|A2,user19,train,functional_action,stair_ascent,Stair Ascent,A2,released,,data/trials/user19/functional_action/stair_ascent/A2.npz,22884.0,14303.0,1288.0,14.30263876914978,True,3.0,"[1.7302417755126953,5.764967679977417,9.818846702575684]",False
user19|functional_action|stair_ascent|A3,user19,train,functional_action,stair_ascent,Stair Ascent,A3,released,,data/trials/user19/functional_action/stair_ascent/A3.npz,22887.0,14304.0,1288.0,14.304157733917236,True,3.0,"[1.7652485370635986,5.806898593902588,9.759775638580322]",False
user19|functional_action|stair_ascent|A4,user19,train,functional_action,stair_ascent,Stair Ascent,A4,released,,data/trials/user19/functional_action/stair_ascent/A4.npz,22917.0,14323.0,1290.0,14.323423385620115,True,3.0,"[1.766911268234253,5.816765308380127,9.776914358139038]",False
user19|functional_action|stand_sit_transition|A1,user19,train,functional_action,stand_sit_transition,Stand-sit transition,A1,released,,data/trials/user19/functional_action/stand_sit_transition/A1.npz,22930.0,14331.0,1290.0,14.331050395965576,True,3.0,"[1.7577462196350098,5.819063186645508,9.765210151672363]",False
user19|functional_action|stand_sit_transition|A2,user19,train,functional_action,stand_sit_transition,Stand-sit transition,A2,released,,data/trials/user19/functional_action/stand_sit_transition/A2.npz,22827.0,14267.0,1284.0,14.266720294952393,True,3.0,"[1.7688162326812744,5.818748235702515,9.76807713508606]",False
user19|functional_action|stand_sit_transition|A3,user19,train,functional_action,stand_sit_transition,Stand-sit transition,A3,released,,data/trials/user19/functional_action/stand_sit_transition/A3.npz,22985.0,14366.0,1293.0,14.365894317626951,True,3.0,"[1.7549612522125244,5.7933573722839355,9.832375288009644]",False
user19|functional_action|stand_sit_transition|A4,user19,train,functional_action,stand_sit_transition,Stand-sit transition,A4,released,,data/trials/user19/functional_action/stand_sit_transition/A4.npz,22966.0,14354.0,1292.0,14.353964567184448,True,3.0,"[1.734544277191162,5.768377304077148,9.819193363189697]",False
user19|functional_action|vertical_jump|A1,user19,train,functional_action,vertical_jump,Vertical Jump,A1,released,,data/trials/user19/functional_action/vertical_jump/A1.npz,22884.0,14303.0,1288.0,14.302678108215332,True,3.0,"[1.755540132522583,5.809293985366821,9.758301973342896]",False
user19|functional_action|vertical_jump|A2,user19,train,functional_action,vertical_jump,Vertical Jump,A2,released,,data/trials/user19/functional_action/vertical_jump/A2.npz,22767.0,14230.0,1281.0,14.22948718070984,True,3.0,"[1.771975040435791,5.811022043228149,9.867067098617554]",False
user19|functional_action|vertical_jump|A3,user19,train,functional_action,vertical_jump,Vertical Jump,A3,released,,data/trials/user19/functional_action/vertical_jump/A3.npz,22853.0,14283.0,1286.0,14.282949447631836,True,3.0,"[1.7891364097595215,5.8276214599609375,9.874670505523682]",False
user19|functional_action|vertical_jump|A4,user19,train,functional_action,vertical_jump,Vertical Jump,A4,released,,data/trials/user19/functional_action/vertical_jump/A4.npz,22821.0,14263.0,1284.0,14.263016939163208,True,3.0,"[1.7519237995147705,5.782557725906372,9.837463855743408]",False
user19|treadmill_walking|treadmill_walking_1_kmh|A1,user19,train,treadmill_walking,treadmill_walking_1_kmh,Walk at 1 km/h,A1,released,,data/trials/user19/treadmill_walking/treadmill_walking_1_kmh/A1.npz,22902.0,14314.0,1289.0,14.313919305801392,True,3.0,"[1.767430305480957,5.80171537399292,9.85776138305664]",False
user19|treadmill_walking|treadmill_walking_1_kmh|A2,user19,train,treadmill_walking,treadmill_walking_1_kmh,Walk at 1 km/h,A2,released,,data/trials/user19/treadmill_walking/treadmill_walking_1_kmh/A2.npz,22995.0,14372.0,1294.0,14.371939420700071,True,3.0,"[1.792372226715088,5.833296298980713,9.785715103149414]",False
user19|treadmill_walking|treadmill_walking_1_kmh|A3,user19,train,treadmill_walking,treadmill_walking_1_kmh,Walk at 1 km/h,A3,released,,data/trials/user19/treadmill_walking/treadmill_walking_1_kmh/A3.npz,22863.0,14289.0,1286.0,14.289419889450071,True,3.0,"[1.7293946743011475,5.778375625610352,9.722494840621948]",False
user19|treadmill_walking|treadmill_walking_1_kmh|A4,user19,train,treadmill_walking,treadmill_walking_1_kmh,Walk at 1 km/h,A4,released,,data/trials/user19/treadmill_walking/treadmill_walking_1_kmh/A4.npz,22738.0,14211.0,1279.0,14.211255311965942,True,3.0,"[1.9286932945251465,5.970720291137695,9.955018281936646]",False
user19|treadmill_walking|treadmill_walking_2_kmh|A1,user19,train,treadmill_walking,treadmill_walking_2_kmh,Walk at 2 km/h,A1,released,,data/trials/user19/treadmill_walking/treadmill_walking_2_kmh/A1.npz,22930.0,14332.0,1290.0,14.331416368484495,True,3.0,"[1.7593321800231934,5.8024961948394775,9.8335702419281]",False
user19|treadmill_walking|treadmill_walking_2_kmh|A2,user19,train,treadmill_walking,treadmill_walking_2_kmh,Walk at 2 km/h,A2,released,,data/trials/user19/treadmill_walking/treadmill_walking_2_kmh/A2.npz,22984.0,14365.0,1293.0,14.364956855773926,True,3.0,"[1.7697477340698242,5.807729721069336,9.844285726547241]",False
user19|treadmill_walking|treadmill_walking_2_kmh|A3,user19,train,treadmill_walking,treadmill_walking_2_kmh,Walk at 2 km/h,A3,released,,data/trials/user19/treadmill_walking/treadmill_walking_2_kmh/A3.npz,22874.0,14297.0,1287.0,14.29621195793152,True,3.0,"[1.7449078559875488,5.782250881195068,9.822176933288574]",False
user19|treadmill_walking|treadmill_walking_2_kmh|A4,user19,train,treadmill_walking,treadmill_walking_2_kmh,Walk at 2 km/h,A4,released,,data/trials/user19/treadmill_walking/treadmill_walking_2_kmh/A4.npz,22774.0,14234.0,1281.0,14.233976125717165,True,3.0,"[1.7360031604766846,5.773899078369141,9.809216022491455]",False
user19|treadmill_walking|treadmill_walking_3_kmh|A1,user19,train,treadmill_walking,treadmill_walking_3_kmh,Walk at 3 km/h,A1,released,,data/trials/user19/treadmill_walking/treadmill_walking_3_kmh/A1.npz,22836.0,14273.0,1285.0,14.272636651992798,True,3.0,"[1.7247014045715332,5.76595139503479,9.812446355819702]",False
user19|treadmill_walking|treadmill_walking_3_kmh|A2,user19,train,treadmill_walking,treadmill_walking_3_kmh,Walk at 3 km/h,A2,released,,data/trials/user19/treadmill_walking/treadmill_walking_3_kmh/A2.npz,22798.0,14248.0,1283.0,14.248457431793211,True,3.0,"[1.6955595016479492,5.7475714683532715,9.693267345428467]",False
user19|treadmill_walking|treadmill_walking_3_kmh|A3,user19,train,treadmill_walking,treadmill_walking_3_kmh,Walk at 3 km/h,A3,released,,data/trials/user19/treadmill_walking/treadmill_walking_3_kmh/A3.npz,23228.0,14518.0,1307.0,14.517868280410768,True,3.0,"[1.8014650344848633,5.842769145965576,9.883431196212769]",False
user19|treadmill_walking|treadmill_walking_3_kmh|A4,user19,train,treadmill_walking,treadmill_walking_3_kmh,Walk at 3 km/h,A4,released,,data/trials/user19/treadmill_walking/treadmill_walking_3_kmh/A4.npz,22809.0,14256.0,1284.0,14.256017684936523,True,3.0,"[1.7750434875488281,5.813414573669434,9.768869400024414]",False
user19|treadmill_walking|treadmill_walking_4_kmh|A1,user19,train,treadmill_walking,treadmill_walking_4_kmh,Walk at 4 km/h,A1,released,,data/trials/user19/treadmill_walking/treadmill_walking_4_kmh/A1.npz,22847.0,14280.0,1286.0,14.279736042022703,True,3.0,"[1.7393519878387451,5.7781288623809814,9.828696966171265]",False
user19|treadmill_walking|treadmill_walking_4_kmh|A2,user19,train,treadmill_walking,treadmill_walking_4_kmh,Walk at 4 km/h,A2,released,,data/trials/user19/treadmill_walking/treadmill_walking_4_kmh/A2.npz,22732.0,14207.0,1279.0,14.207269430160522,True,3.0,"[1.6789424419403076,5.738622426986694,9.686066389083862]",False
user19|treadmill_walking|treadmill_walking_4_kmh|A3,user19,train,treadmill_walking,treadmill_walking_4_kmh,Walk at 4 km/h,A3,released,,data/trials/user19/treadmill_walking/treadmill_walking_4_kmh/A3.npz,22814.0,14259.0,1284.0,14.25871205329895,True,3.0,"[1.7606480121612549,5.81332802772522,9.770137071609497]",False
user19|treadmill_walking|treadmill_walking_4_kmh|A4,user19,train,treadmill_walking,treadmill_walking_4_kmh,Walk at 4 km/h,A4,released,,data/trials/user19/treadmill_walking/treadmill_walking_4_kmh/A4.npz,22865.0,14290.0,1286.0,14.29035472869873,True,3.0,"[1.7433147430419922,5.7980406284332275,9.748944759368896]",False
user19|treadmill_walking|treadmill_walking_5_kmh|A1,user19,train,treadmill_walking,treadmill_walking_5_kmh,Walk at 5 km/h,A1,released,,data/trials/user19/treadmill_walking/treadmill_walking_5_kmh/A1.npz,22843.0,14277.0,1285.0,14.276669025421144,True,3.0,"[1.672813892364502,5.715137958526611,9.756914854049683]",False
user19|treadmill_walking|treadmill_walking_5_kmh|A2,user19,train,treadmill_walking,treadmill_walking_5_kmh,Walk at 5 km/h,A2,released,,data/trials/user19/treadmill_walking/treadmill_walking_5_kmh/A2.npz,22872.0,14295.0,1287.0,14.295235872268677,True,3.0,"[1.8527956008911133,5.89084267616272,9.934881687164307]",False
user19|treadmill_walking|treadmill_walking_5_kmh|A3,user19,train,treadmill_walking,treadmill_walking_5_kmh,Walk at 5 km/h,A3,released,,data/trials/user19/treadmill_walking/treadmill_walking_5_kmh/A3.npz,22975.0,14359.0,1293.0,14.35956573486328,True,3.0,"[1.773148775100708,5.809918642044067,9.846200704574585]",False
user19|treadmill_walking|treadmill_walking_5_kmh|A4,user19,train,treadmill_walking,treadmill_walking_5_kmh,Walk at 5 km/h,A4,released,,data/trials/user19/treadmill_walking/treadmill_walking_5_kmh/A4.npz,21545.0,13465.0,1212.0,13.46501612663269,True,3.0,"[1.0751960277557373,5.112337112426758,9.148059129714966]",False
user20|functional_action|deadlift|A1,user20,train,functional_action,deadlift,Deadlift,A1,released,,data/trials/user20/functional_action/deadlift/A1.npz,22517.0,14073.0,1267.0,14.073463916778564,False,0.0,[],False
user20|functional_action|deadlift|A2,user20,train,functional_action,deadlift,Deadlift,A2,released,,data/trials/user20/functional_action/deadlift/A2.npz,22654.0,14159.0,1275.0,14.158535480499268,False,0.0,[],False
user20|functional_action|deadlift|A3,user20,train,functional_action,deadlift,Deadlift,A3,released,,data/trials/user20/functional_action/deadlift/A3.npz,22649.0,14156.0,1274.0,14.15584945678711,False,0.0,[],False
user20|functional_action|deadlift|A4,user20,train,functional_action,deadlift,Deadlift,A4,released,,data/trials/user20/functional_action/deadlift/A4.npz,22630.0,14144.0,1273.0,14.143778562545776,False,0.0,[],False
user20|functional_action|deep_squat|A1,user20,train,functional_action,deep_squat,Deep Squat,A1,released,,data/trials/user20/functional_action/deep_squat/A1.npz,22007.0,13755.0,1237.0,13.754099130630491,False,0.0,[],False
user20|functional_action|deep_squat|A2,user20,train,functional_action,deep_squat,Deep Squat,A2,released,,data/trials/user20/functional_action/deep_squat/A2.npz,22623.0,14140.0,1273.0,14.139528512954712,False,0.0,[],False
user20|functional_action|deep_squat|A3,user20,train,functional_action,deep_squat,Deep Squat,A3,released,,data/trials/user20/functional_action/deep_squat/A3.npz,22678.0,14173.0,1276.0,14.173463821411133,False,0.0,[],False
user20|functional_action|deep_squat|A4,user20,train,functional_action,deep_squat,Deep Squat,A4,released,,data/trials/user20/functional_action/deep_squat/A4.npz,22451.0,14032.0,1263.0,14.031802892684937,False,0.0,[],False
user20|functional_action|forward_lunge|A1,user20,train,functional_action,forward_lunge,Forward Lunge,A1,released,,data/trials/user20/functional_action/forward_lunge/A1.npz,22448.0,14029.0,1262.0,14.029537200927734,False,0.0,[],False
user20|functional_action|forward_lunge|A2,user20,train,functional_action,forward_lunge,Forward Lunge,A2,released,,data/trials/user20/functional_action/forward_lunge/A2.npz,22595.0,14122.0,1271.0,14.1218843460083,False,0.0,[],False
user20|functional_action|forward_lunge|A3,user20,train,functional_action,forward_lunge,Forward Lunge,A3,released,,data/trials/user20/functional_action/forward_lunge/A3.npz,22553.0,14096.0,1269.0,14.095969915390016,False,0.0,[],False
user20|functional_action|forward_lunge|A4,user20,train,functional_action,forward_lunge,Forward Lunge,A4,released,,data/trials/user20/functional_action/forward_lunge/A4.npz,22567.0,14105.0,1270.0,14.104317665100098,False,0.0,[],False
user20|functional_action|heel_raise|A1,user20,train,functional_action,heel_raise,Heel Raise,A1,released,,data/trials/user20/functional_action/heel_raise/A1.npz,22666.0,14167.0,1275.0,14.166356325149536,False,0.0,[],False
user20|functional_action|heel_raise|A2,user20,train,functional_action,heel_raise,Heel Raise,A2,released,,data/trials/user20/functional_action/heel_raise/A2.npz,17935.0,11209.0,1008.0,11.208894968032835,False,0.0,[],False
user20|functional_action|heel_raise|A3,user20,train,functional_action,heel_raise,Heel Raise,A3,released,,data/trials/user20/functional_action/heel_raise/A3.npz,22546.0,14092.0,1269.0,14.0911226272583,False,0.0,[],False
user20|functional_action|heel_raise|A4,user20,train,functional_action,heel_raise,Heel Raise,A4,released,,data/trials/user20/functional_action/heel_raise/A4.npz,22564.0,14102.0,1270.0,14.10240626335144,False,0.0,[],False
user20|functional_action|left_lunge|A1,user20,train,functional_action,left_lunge,Left Lunge,A1,released,,data/trials/user20/functional_action/left_lunge/A1.npz,19543.0,12214.0,1100.0,12.213812112808228,False,0.0,[],False
user20|functional_action|left_lunge|A2,user20,train,functional_action,left_lunge,Left Lunge,A2,released,,data/trials/user20/functional_action/left_lunge/A2.npz,22533.0,14082.0,1268.0,14.082879543304443,False,0.0,[],False
user20|functional_action|left_lunge|A3,user20,train,functional_action,left_lunge,Left Lunge,A3,released,,data/trials/user20/functional_action/left_lunge/A3.npz,22670.0,14169.0,1276.0,14.168750762939451,False,0.0,[],False
user20|functional_action|left_lunge|A4,user20,train,functional_action,left_lunge,Left Lunge,A4,released,,data/trials/user20/functional_action/left_lunge/A4.npz,22608.0,14129.0,1272.0,14.12962770462036,False,0.0,[],False
user20|functional_action|quiet_sit|A1,user20,train,functional_action,quiet_sit,Quiet Sit,A1,released,,data/trials/user20/functional_action/quiet_sit/A1.npz,19457.0,12160.0,1094.0,12.16001009941101,False,0.0,[],False
user20|functional_action|quiet_sit|A2,user20,train,functional_action,quiet_sit,Quiet Sit,A2,released,,data/trials/user20/functional_action/quiet_sit/A2.npz,22757.0,14223.0,1281.0,14.223355770111084,False,0.0,[],False
user20|functional_action|quiet_sit|A3,user20,train,functional_action,quiet_sit,Quiet Sit,A3,released,,data/trials/user20/functional_action/quiet_sit/A3.npz,22487.0,14054.0,1265.0,14.053975343704224,False,0.0,[],False
user20|functional_action|quiet_sit|A4,user20,train,functional_action,quiet_sit,Quiet Sit,A4,released,,data/trials/user20/functional_action/quiet_sit/A4.npz,22726.0,14204.0,1279.0,14.203786373138428,False,0.0,[],False
user20|functional_action|quiet_stand|A1,user20,train,functional_action,quiet_stand,Quiet Stand,A1,released,,data/trials/user20/functional_action/quiet_stand/A1.npz,22638.0,14149.0,1274.0,14.148556470870972,False,0.0,[],False
user20|functional_action|quiet_stand|A2,user20,train,functional_action,quiet_stand,Quiet Stand,A2,released,,data/trials/user20/functional_action/quiet_stand/A2.npz,22619.0,14137.0,1273.0,14.137433290481567,False,0.0,[],False
user20|functional_action|quiet_stand|A3,user20,train,functional_action,quiet_stand,Quiet Stand,A3,released,,data/trials/user20/functional_action/quiet_stand/A3.npz,22574.0,14108.0,1270.0,14.108724594116213,False,0.0,[],False
user20|functional_action|quiet_stand|A4,user20,train,functional_action,quiet_stand,Quiet Stand,A4,released,,data/trials/user20/functional_action/quiet_stand/A4.npz,22512.0,14070.0,1267.0,14.069711685180664,False,0.0,[],False
user20|functional_action|single_leg_stance|A1,user20,train,functional_action,single_leg_stance,Single-leg Stance,A1,released,,data/trials/user20/functional_action/single_leg_stance/A1.npz,22620.0,14137.0,1273.0,14.137165784835815,False,0.0,[],False
user20|functional_action|single_leg_stance|A2,user20,train,functional_action,single_leg_stance,Single-leg Stance,A2,released,,data/trials/user20/functional_action/single_leg_stance/A2.npz,22549.0,14092.0,1269.0,14.092966079711914,False,0.0,[],False
user20|functional_action|single_leg_stance|A3,user20,train,functional_action,single_leg_stance,Single-leg Stance,A3,released,,data/trials/user20/functional_action/single_leg_stance/A3.npz,22558.0,14099.0,1269.0,14.09857439994812,False,0.0,[],False
user20|functional_action|single_leg_stance|A4,user20,train,functional_action,single_leg_stance,Single-leg Stance,A4,released,,data/trials/user20/functional_action/single_leg_stance/A4.npz,22880.0,14300.0,1287.0,14.299633026123049,False,0.0,[],False
user20|functional_action|stair_ascent|A1,user20,train,functional_action,stair_ascent,Stair Ascent,A1,released,,data/trials/user20/functional_action/stair_ascent/A1.npz,22569.0,14105.0,1270.0,14.105205059051514,False,0.0,[],False
user20|functional_action|stair_ascent|A2,user20,train,functional_action,stair_ascent,Stair Ascent,A2,released,,data/trials/user20/functional_action/stair_ascent/A2.npz,22542.0,14089.0,1268.0,14.088908910751345,False,0.0,[],False
user20|functional_action|stair_ascent|A3,user20,train,functional_action,stair_ascent,Stair Ascent,A3,released,,data/trials/user20/functional_action/stair_ascent/A3.npz,22464.0,14041.0,1264.0,14.04055881500244,False,0.0,[],False
user20|functional_action|stair_ascent|A4,user20,train,functional_action,stair_ascent,Stair Ascent,A4,released,,data/trials/user20/functional_action/stair_ascent/A4.npz,22601.0,14125.0,1272.0,14.125383615493774,False,0.0,[],False
user20|functional_action|stand_sit_transition|A1,user20,train,functional_action,stand_sit_transition,Stand-sit transition,A1,released,,data/trials/user20/functional_action/stand_sit_transition/A1.npz,22566.0,14103.0,1270.0,14.103800296783447,False,0.0,[],False
user20|functional_action|stand_sit_transition|A2,user20,train,functional_action,stand_sit_transition,Stand-sit transition,A2,released,,data/trials/user20/functional_action/stand_sit_transition/A2.npz,22549.0,14093.0,1269.0,14.093185424804688,False,0.0,[],False
user20|functional_action|stand_sit_transition|A3,user20,train,functional_action,stand_sit_transition,Stand-sit transition,A3,released,,data/trials/user20/functional_action/stand_sit_transition/A3.npz,22518.0,14073.0,1267.0,14.07333207130432,False,0.0,[],False
user20|functional_action|stand_sit_transition|A4,user20,train,functional_action,stand_sit_transition,Stand-sit transition,A4,released,,data/trials/user20/functional_action/stand_sit_transition/A4.npz,22589.0,14119.0,1271.0,14.11843991279602,False,0.0,[],False
user20|functional_action|vertical_jump|A1,user20,train,functional_action,vertical_jump,Vertical Jump,A1,released,,data/trials/user20/functional_action/vertical_jump/A1.npz,22564.0,14102.0,1270.0,14.10213828086853,False,0.0,[],False
user20|functional_action|vertical_jump|A2,user20,train,functional_action,vertical_jump,Vertical Jump,A2,released,,data/trials/user20/functional_action/vertical_jump/A2.npz,22578.0,14111.0,1270.0,14.111602783203123,False,0.0,[],False
user20|functional_action|vertical_jump|A3,user20,train,functional_action,vertical_jump,Vertical Jump,A3,released,,data/trials/user20/functional_action/vertical_jump/A3.npz,22498.0,14062.0,1266.0,14.061312913894652,False,0.0,[],False
user20|functional_action|vertical_jump|A4,user20,train,functional_action,vertical_jump,Vertical Jump,A4,released,,data/trials/user20/functional_action/vertical_jump/A4.npz,22554.0,14096.0,1269.0,14.096367359161375,False,0.0,[],False
user20|treadmill_walking|treadmill_walking_1_kmh|A1,user20,train,treadmill_walking,treadmill_walking_1_kmh,Walk at 1 km/h,A1,released,,data/trials/user20/treadmill_walking/treadmill_walking_1_kmh/A1.npz,22648.0,14155.0,1274.0,14.155481576919556,False,0.0,[],False
user20|treadmill_walking|treadmill_walking_1_kmh|A2,user20,train,treadmill_walking,treadmill_walking_1_kmh,Walk at 1 km/h,A2,released,,data/trials/user20/treadmill_walking/treadmill_walking_1_kmh/A2.npz,22560.0,14100.0,1269.0,14.099989652633669,False,0.0,[],False
user20|treadmill_walking|treadmill_walking_1_kmh|A3,user20,train,treadmill_walking,treadmill_walking_1_kmh,Walk at 1 km/h,A3,released,,data/trials/user20/treadmill_walking/treadmill_walking_1_kmh/A3.npz,22523.0,14077.0,1267.0,14.077420711517334,False,0.0,[],False
user20|treadmill_walking|treadmill_walking_1_kmh|A4,user20,train,treadmill_walking,treadmill_walking_1_kmh,Walk at 1 km/h,A4,released,,data/trials/user20/treadmill_walking/treadmill_walking_1_kmh/A4.npz,22632.0,14145.0,1273.0,14.145041227340698,False,0.0,[],False
user20|treadmill_walking|treadmill_walking_2_kmh|A1,user20,train,treadmill_walking,treadmill_walking_2_kmh,Walk at 2 km/h,A1,released,,data/trials/user20/treadmill_walking/treadmill_walking_2_kmh/A1.npz,22525.0,14078.0,1267.0,14.077638387680054,False,0.0,[],False
user20|treadmill_walking|treadmill_walking_2_kmh|A2,user20,train,treadmill_walking,treadmill_walking_2_kmh,Walk at 2 km/h,A2,released,,data/trials/user20/treadmill_walking/treadmill_walking_2_kmh/A2.npz,22503.0,14064.0,1266.0,14.064028978347778,False,0.0,[],False
user20|treadmill_walking|treadmill_walking_2_kmh|A3,user20,train,treadmill_walking,treadmill_walking_2_kmh,Walk at 2 km/h,A3,released,,data/trials/user20/treadmill_walking/treadmill_walking_2_kmh/A3.npz,22663.0,14165.0,1275.0,14.164815187454224,False,0.0,[],False
user20|treadmill_walking|treadmill_walking_2_kmh|A4,user20,train,treadmill_walking,treadmill_walking_2_kmh,Walk at 2 km/h,A4,released,,data/trials/user20/treadmill_walking/treadmill_walking_2_kmh/A4.npz,22629.0,14143.0,1273.0,14.143004179000854,False,0.0,[],False
user20|treadmill_walking|treadmill_walking_3_kmh|A1,user20,train,treadmill_walking,treadmill_walking_3_kmh,Walk at 3 km/h,A1,released,,data/trials/user20/treadmill_walking/treadmill_walking_3_kmh/A1.npz,22796.0,14247.0,1283.0,14.247725486755373,False,0.0,[],False
user20|treadmill_walking|treadmill_walking_3_kmh|A2,user20,train,treadmill_walking,treadmill_walking_3_kmh,Walk at 3 km/h,A2,released,,data/trials/user20/treadmill_walking/treadmill_walking_3_kmh/A2.npz,22574.0,14110.0,1270.0,14.10907244682312,False,0.0,[],False
user20|treadmill_walking|treadmill_walking_3_kmh|A3,user20,train,treadmill_walking,treadmill_walking_3_kmh,Walk at 3 km/h,A3,released,,data/trials/user20/treadmill_walking/treadmill_walking_3_kmh/A3.npz,22617.0,14135.0,1273.0,14.13541293144226,False,0.0,[],False
user20|treadmill_walking|treadmill_walking_3_kmh|A4,user20,train,treadmill_walking,treadmill_walking_3_kmh,Walk at 3 km/h,A4,released,,data/trials/user20/treadmill_walking/treadmill_walking_3_kmh/A4.npz,22403.0,14003.0,1261.0,14.002317905426024,False,0.0,[],False
user20|treadmill_walking|treadmill_walking_4_kmh|A1,user20,train,treadmill_walking,treadmill_walking_4_kmh,Walk at 4 km/h,A1,released,,data/trials/user20/treadmill_walking/treadmill_walking_4_kmh/A1.npz,22517.0,14073.0,1267.0,14.072802543640137,False,0.0,[],False
user20|treadmill_walking|treadmill_walking_4_kmh|A2,user20,train,treadmill_walking,treadmill_walking_4_kmh,Walk at 4 km/h,A2,released,,data/trials/user20/treadmill_walking/treadmill_walking_4_kmh/A2.npz,22470.0,14043.0,1264.0,14.043638467788696,False,0.0,[],False
user20|treadmill_walking|treadmill_walking_4_kmh|A3,user20,train,treadmill_walking,treadmill_walking_4_kmh,Walk at 4 km/h,A3,released,,data/trials/user20/treadmill_walking/treadmill_walking_4_kmh/A3.npz,20179.0,12612.0,1135.0,12.611399173736572,False,0.0,[],False
user20|treadmill_walking|treadmill_walking_4_kmh|A4,user20,train,treadmill_walking,treadmill_walking_4_kmh,Walk at 4 km/h,A4,released,,data/trials/user20/treadmill_walking/treadmill_walking_4_kmh/A4.npz,22601.0,14126.0,1272.0,14.12577986717224,False,0.0,[],False
user20|treadmill_walking|treadmill_walking_5_kmh|A1,user20,train,treadmill_walking,treadmill_walking_5_kmh,Walk at 5 km/h,A1,released,,data/trials/user20/treadmill_walking/treadmill_walking_5_kmh/A1.npz,22421.0,14014.0,1262.0,14.013097524642944,False,0.0,[],False
user20|treadmill_walking|treadmill_walking_5_kmh|A2,user20,train,treadmill_walking,treadmill_walking_5_kmh,Walk at 5 km/h,A2,released,,data/trials/user20/treadmill_walking/treadmill_walking_5_kmh/A2.npz,22527.0,14079.0,1268.0,14.079065322875977,False,0.0,[],False
user20|treadmill_walking|treadmill_walking_5_kmh|A3,user20,train,treadmill_walking,treadmill_walking_5_kmh,Walk at 5 km/h,A3,released,,data/trials/user20/treadmill_walking/treadmill_walking_5_kmh/A3.npz,22390.0,13993.0,1260.0,13.99364161491394,False,0.0,[],False
user20|treadmill_walking|treadmill_walking_5_kmh|A4,user20,train,treadmill_walking,treadmill_walking_5_kmh,Walk at 5 km/h,A4,released,,data/trials/user20/treadmill_walking/treadmill_walking_5_kmh/A4.npz,22429.0,14018.0,1262.0,14.01811909675598,False,0.0,[],False
user21|functional_action|deadlift|A1,user21,validation,functional_action,deadlift,Deadlift,A1,released,,data/trials/user21/functional_action/deadlift/A1.npz,23012.0,14382.0,1295.0,14.382047176361084,True,3.0,"[1.712306261062622,5.741303205490112,9.791876077651978]",False
user21|functional_action|deadlift|A2,user21,validation,functional_action,deadlift,Deadlift,A2,released,,data/trials/user21/functional_action/deadlift/A2.npz,23149.0,14468.0,1303.0,14.468283414840698,True,3.0,"[1.7198281288146973,5.757532119750977,9.797781229019165]",False
user21|functional_action|deadlift|A3,user21,validation,functional_action,deadlift,Deadlift,A3,released,,data/trials/user21/functional_action/deadlift/A3.npz,22986.0,14366.0,1293.0,14.365869045257568,True,3.0,"[1.7039949893951416,5.741733074188232,9.784398078918457]",False
user21|functional_action|deadlift|A4,user21,validation,functional_action,deadlift,Deadlift,A4,released,,data/trials/user21/functional_action/deadlift/A4.npz,22976.0,14360.0,1293.0,14.35998821258545,True,3.0,"[1.7344820499420166,5.782279014587402,9.758440017700195]",False
user21|functional_action|deep_squat|A1,user21,validation,functional_action,deep_squat,Deep Squat,A1,released,,data/trials/user21/functional_action/deep_squat/A1.npz,23019.0,14386.0,1295.0,14.38652729988098,True,3.0,"[1.7293140888214111,5.772457122802734,9.811241149902344]",False
user21|functional_action|deep_squat|A2,user21,validation,functional_action,deep_squat,Deep Squat,A2,released,,data/trials/user21/functional_action/deep_squat/A2.npz,22952.0,14346.0,1292.0,14.345157861709597,True,3.0,"[1.6918597221374512,5.738578796386719,9.689000844955444]",False
user21|functional_action|deep_squat|A3,user21,validation,functional_action,deep_squat,Deep Squat,A3,released,,data/trials/user21/functional_action/deep_squat/A3.npz,22858.0,14287.0,1286.0,14.28634786605835,True,3.0,"[1.8194818496704102,5.856313705444336,9.90758466720581]",False
user21|functional_action|deep_squat|A4,user21,validation,functional_action,deep_squat,Deep Squat,A4,released,,data/trials/user21/functional_action/deep_squat/A4.npz,23126.0,14454.0,1301.0,14.453407049179075,True,3.0,"[1.8443269729614258,5.883835077285767,9.933403968811035]",False
user21|functional_action|forward_lunge|A1,user21,validation,functional_action,forward_lunge,Forward Lunge,A1,released,,data/trials/user21/functional_action/forward_lunge/A1.npz,22935.0,14334.0,1291.0,14.334277391433716,True,3.0,"[1.7211644649505615,5.774866342544556,9.7142014503479]",False
user21|functional_action|forward_lunge|A2,user21,validation,functional_action,forward_lunge,Forward Lunge,A2,released,,data/trials/user21/functional_action/forward_lunge/A2.npz,22931.0,14332.0,1290.0,14.332219362258911,True,3.0,"[1.7711551189422607,5.815769195556641,9.861506223678589]",False
user21|functional_action|forward_lunge|A3,user21,validation,functional_action,forward_lunge,Forward Lunge,A3,released,,data/trials/user21/functional_action/forward_lunge/A3.npz,23036.0,14397.0,1296.0,14.39703917503357,True,3.0,"[1.7251639366149902,5.756767988204956,9.795562028884888]",False
user21|functional_action|forward_lunge|A4,user21,validation,functional_action,forward_lunge,Forward Lunge,A4,released,,data/trials/user21/functional_action/forward_lunge/A4.npz,23071.0,14419.0,1298.0,14.419270038604736,True,3.0,"[1.878551959991455,5.928991794586182,9.872882843017578]",False
user21|functional_action|heel_raise|A1,user21,validation,functional_action,heel_raise,Heel Raise,A1,released,,data/trials/user21/functional_action/heel_raise/A1.npz,22958.0,14349.0,1292.0,14.348909854888916,True,3.0,"[1.7197215557098389,5.7684407234191895,9.719407558441162]",False
user21|functional_action|heel_raise|A2,user21,validation,functional_action,heel_raise,Heel Raise,A2,released,,data/trials/user21/functional_action/heel_raise/A2.npz,22489.0,14055.0,1265.0,14.05509114265442,True,3.0,"[1.5636320114135742,5.603532075881958,9.651960134506226]",False
user21|functional_action|heel_raise|A3,user21,validation,functional_action,heel_raise,Heel Raise,A3,released,,data/trials/user21/functional_action/heel_raise/A3.npz,23012.0,14383.0,1295.0,14.382724285125732,True,3.0,"[1.7685792446136475,5.813974142074585,9.860335350036621]",False
user21|functional_action|heel_raise|A4,user21,validation,functional_action,heel_raise,Heel Raise,A4,released,,data/trials/user21/functional_action/heel_raise/A4.npz,23258.0,14536.0,1309.0,14.536288976669312,True,3.0,"[1.6902308464050293,5.744387865066528,9.684773921966553]",False
user21|functional_action|left_lunge|A1,user21,validation,functional_action,left_lunge,Left Lunge,A1,released,,data/trials/user21/functional_action/left_lunge/A1.npz,22833.0,14270.0,1285.0,14.270059823989868,True,3.0,"[1.7839837074279785,5.836941719055176,9.785576581954956]",False
user21|functional_action|left_lunge|A2,user21,validation,functional_action,left_lunge,Left Lunge,A2,released,,data/trials/user21/functional_action/left_lunge/A2.npz,23017.0,14386.0,1295.0,14.385795831680298,True,3.0,"[1.7286686897277832,5.7723166942596436,9.818439722061157]",False
user21|functional_action|left_lunge|A3,user21,validation,functional_action,left_lunge,Left Lunge,A3,released,,data/trials/user21/functional_action/left_lunge/A3.npz,22939.0,14337.0,1291.0,14.336400747299194,True,3.0,"[1.7654616832733154,5.8075456619262695,9.85121464729309]",False
user21|functional_action|left_lunge|A4,user21,validation,functional_action,left_lunge,Left Lunge,A4,released,,data/trials/user21/functional_action/left_lunge/A4.npz,22821.0,14263.0,1284.0,14.262699127197266,True,3.0,"[1.6391279697418213,5.676774978637695,9.715341091156006]",False
user21|functional_action|quiet_sit|A1,user21,validation,functional_action,quiet_sit,Quiet Sit,A1,released,,data/trials/user21/functional_action/quiet_sit/A1.npz,22987.0,14367.0,1294.0,14.366933822631836,True,3.0,"[1.7506358623504639,5.779950857162476,9.8246488571167]",False
user21|functional_action|quiet_sit|A2,user21,validation,functional_action,quiet_sit,Quiet Sit,A2,released,,data/trials/user21/functional_action/quiet_sit/A2.npz,22859.0,14287.0,1286.0,14.286979913711548,True,3.0,"[1.8182296752929688,5.850491762161255,9.879355669021606]",False
user21|functional_action|quiet_sit|A3,user21,validation,functional_action,quiet_sit,Quiet Sit,A3,released,,data/trials/user21/functional_action/quiet_sit/A3.npz,22882.0,14301.0,1287.0,14.301105976104736,True,3.0,"[1.6772019863128662,5.715437889099121,9.747904062271118]",False
user21|functional_action|quiet_sit|A4,user21,validation,functional_action,quiet_sit,Quiet Sit,A4,released,,data/trials/user21/functional_action/quiet_sit/A4.npz,22905.0,14316.0,1289.0,14.31553030014038,True,3.0,"[1.778456211090088,5.8248491287231445,9.872678279876709]",False
user21|functional_action|quiet_stand|A1,user21,validation,functional_action,quiet_stand,Quiet Stand,A1,released,,data/trials/user21/functional_action/quiet_stand/A1.npz,22925.0,14328.0,1290.0,14.327739238739014,True,3.0,"[1.7037670612335205,5.739429235458374,9.7847261428833]",False
user21|functional_action|quiet_stand|A2,user21,validation,functional_action,quiet_stand,Quiet Stand,A2,released,,data/trials/user21/functional_action/quiet_stand/A2.npz,22903.0,14315.0,1289.0,14.314693212509155,True,3.0,"[1.7157392501831055,5.755884170532227,9.782301187515259]",False
user21|functional_action|quiet_stand|A3,user21,validation,functional_action,quiet_stand,Quiet Stand,A3,released,,data/trials/user21/functional_action/quiet_stand/A3.npz,22961.0,14350.0,1292.0,14.350530862808228,True,3.0,"[1.7410848140716553,5.8112897872924805,9.744687795639038]",False
user21|functional_action|quiet_stand|A4,user21,validation,functional_action,quiet_stand,Quiet Stand,A4,released,,data/trials/user21/functional_action/quiet_stand/A4.npz,22882.0,14302.0,1288.0,14.301467418670654,True,3.0,"[1.8846683502197266,5.91867733001709,9.948883295059204]",False
user21|functional_action|single_leg_stance|A1,user21,validation,functional_action,single_leg_stance,Single-leg Stance,A1,released,,data/trials/user21/functional_action/single_leg_stance/A1.npz,23048.0,14405.0,1297.0,14.404922246932983,True,3.0,"[1.7553460597991943,5.795009136199951,9.829787015914917]",False
user21|functional_action|single_leg_stance|A2,user21,validation,functional_action,single_leg_stance,Single-leg Stance,A2,released,,data/trials/user21/functional_action/single_leg_stance/A2.npz,22943.0,14339.0,1291.0,14.339728116989136,True,3.0,"[1.7676589488983154,5.8045830726623535,9.843220949172974]",False
user21|functional_action|single_leg_stance|A3,user21,validation,functional_action,single_leg_stance,Single-leg Stance,A3,released,,data/trials/user21/functional_action/single_leg_stance/A3.npz,23034.0,14396.0,1296.0,14.396217107772827,True,3.0,"[1.790884017944336,5.851100206375122,9.799880027770996]",False
user21|functional_action|single_leg_stance|A4,user21,validation,functional_action,single_leg_stance,Single-leg Stance,A4,released,,data/trials/user21/functional_action/single_leg_stance/A4.npz,22840.0,14275.0,1285.0,14.27472972869873,True,3.0,"[1.6890487670898438,5.730043649673462,9.682685613632202]",False
user21|functional_action|stair_ascent|A1,user21,validation,functional_action,stair_ascent,Stair Ascent,A1,released,,data/trials/user21/functional_action/stair_ascent/A1.npz,23028.0,14393.0,1296.0,14.392385244369509,True,3.0,"[1.7369780540466309,5.767628192901611,9.813723087310791]",False
user21|functional_action|stair_ascent|A2,user21,validation,functional_action,stair_ascent,Stair Ascent,A2,released,,data/trials/user21/functional_action/stair_ascent/A2.npz,22880.0,14300.0,1287.0,14.300252199172974,True,3.0,"[1.6080219745635986,5.639599084854126,9.681262016296387]",False
user21|functional_action|stair_ascent|A3,user21,validation,functional_action,stair_ascent,Stair Ascent,A3,released,,data/trials/user21/functional_action/stair_ascent/A3.npz,22713.0,14195.0,1278.0,14.195554256439207,True,3.0,"[1.7463290691375732,5.773574113845825,9.817579984664917]",False
user21|functional_action|stair_ascent|A4,user21,validation,functional_action,stair_ascent,Stair Ascent,A4,released,,data/trials/user21/functional_action/stair_ascent/A4.npz,22983.0,14364.0,1293.0,14.364368677139282,True,3.0,"[1.6983897686004639,5.734624624252319,9.77711272239685]",False
user21|functional_action|stand_sit_transition|A1,user21,validation,functional_action,stand_sit_transition,Stand-sit transition,A1,released,,data/trials/user21/functional_action/stand_sit_transition/A1.npz,23068.0,14417.0,1298.0,14.417525053024292,True,3.0,"[1.7474639415740967,5.78004002571106,9.832349061965942]",False
user21|functional_action|stand_sit_transition|A2,user21,validation,functional_action,stand_sit_transition,Stand-sit transition,A2,released,,data/trials/user21/functional_action/stand_sit_transition/A2.npz,22870.0,14294.0,1287.0,14.29386043548584,True,3.0,"[1.6373023986816406,5.675863265991211,9.726147174835205]",False
user21|functional_action|stand_sit_transition|A3,user21,validation,functional_action,stand_sit_transition,Stand-sit transition,A3,released,,data/trials/user21/functional_action/stand_sit_transition/A3.npz,22946.0,14342.0,1291.0,14.3411705493927,True,3.0,"[1.6789662837982178,5.718497276306152,9.756325483322144]",False
user21|functional_action|stand_sit_transition|A4,user21,validation,functional_action,stand_sit_transition,Stand-sit transition,A4,released,,data/trials/user21/functional_action/stand_sit_transition/A4.npz,22915.0,14322.0,1289.0,14.321990966796877,True,3.0,"[1.6649119853973389,5.712857007980347,9.749928951263428]",False
user21|functional_action|vertical_jump|A1,user21,validation,functional_action,vertical_jump,Vertical Jump,A1,released,,data/trials/user21/functional_action/vertical_jump/A1.npz,22921.0,14325.0,1290.0,14.325219631195068,True,3.0,"[1.7242774963378906,5.747769594192505,9.79377555847168]",False
user21|functional_action|vertical_jump|A2,user21,validation,functional_action,vertical_jump,Vertical Jump,A2,released,,data/trials/user21/functional_action/vertical_jump/A2.npz,22916.0,14323.0,1289.0,14.322920083999634,True,3.0,"[1.7765259742736816,5.810503959655762,9.855283975601196]",False
user21|functional_action|vertical_jump|A3,user21,validation,functional_action,vertical_jump,Vertical Jump,A3,released,,data/trials/user21/functional_action/vertical_jump/A3.npz,23076.0,14423.0,1298.0,14.42288303375244,True,3.0,"[1.8200900554656982,5.84791898727417,9.890913009643555]",False
user21|functional_action|vertical_jump|A4,user21,validation,functional_action,vertical_jump,Vertical Jump,A4,released,,data/trials/user21/functional_action/vertical_jump/A4.npz,22955.0,14347.0,1292.0,14.346757411956789,True,3.0,"[1.70326828956604,5.741867303848267,9.781131267547607]",False
user21|treadmill_walking|treadmill_walking_1_kmh|A1,user21,validation,treadmill_walking,treadmill_walking_1_kmh,Walk at 1 km/h,A1,released,,data/trials/user21/treadmill_walking/treadmill_walking_1_kmh/A1.npz,23089.0,14430.0,1299.0,14.43052577972412,True,3.0,"[1.7520356178283691,5.7955827713012695,9.83835768699646]",False
user21|treadmill_walking|treadmill_walking_1_kmh|A2,user21,validation,treadmill_walking,treadmill_walking_1_kmh,Walk at 1 km/h,A2,released,,data/trials/user21/treadmill_walking/treadmill_walking_1_kmh/A2.npz,22957.0,14347.0,1292.0,14.347628831863403,True,3.0,"[1.690110683441162,5.725629806518555,9.77079463005066]",False
user21|treadmill_walking|treadmill_walking_1_kmh|A3,user21,validation,treadmill_walking,treadmill_walking_1_kmh,Walk at 1 km/h,A3,released,,data/trials/user21/treadmill_walking/treadmill_walking_1_kmh/A3.npz,22940.0,14337.0,1291.0,14.337275981903076,True,3.0,"[1.6424829959869385,5.687399864196777,9.718894004821777]",False
user21|treadmill_walking|treadmill_walking_1_kmh|A4,user21,validation,treadmill_walking,treadmill_walking_1_kmh,Walk at 1 km/h,A4,released,,data/trials/user21/treadmill_walking/treadmill_walking_1_kmh/A4.npz,22818.0,14262.0,1284.0,14.261602878570557,True,3.0,"[1.8363218307495117,5.861800670623779,9.890610694885254]",False
user21|treadmill_walking|treadmill_walking_2_kmh|A1,user21,validation,treadmill_walking,treadmill_walking_2_kmh,Walk at 2 km/h,A1,released,,data/trials/user21/treadmill_walking/treadmill_walking_2_kmh/A1.npz,23005.0,14378.0,1294.0,14.377639532089232,True,3.0,"[1.7899272441864014,5.82762336730957,9.859482288360596]",False
user21|treadmill_walking|treadmill_walking_2_kmh|A2,user21,validation,treadmill_walking,treadmill_walking_2_kmh,Walk at 2 km/h,A2,released,,data/trials/user21/treadmill_walking/treadmill_walking_2_kmh/A2.npz,22485.0,14053.0,1265.0,14.05278205871582,True,3.0,"[1.5008530616760254,5.533876895904541,9.568506956100464]",False
user21|treadmill_walking|treadmill_walking_2_kmh|A3,user21,validation,treadmill_walking,treadmill_walking_2_kmh,Walk at 2 km/h,A3,released,,data/trials/user21/treadmill_walking/treadmill_walking_2_kmh/A3.npz,22926.0,14328.0,1290.0,14.328578233718872,True,3.0,"[1.6792120933532715,5.711389064788818,9.745743989944458]",False
user21|treadmill_walking|treadmill_walking_2_kmh|A4,user21,validation,treadmill_walking,treadmill_walking_2_kmh,Walk at 2 km/h,A4,released,,data/trials/user21/treadmill_walking/treadmill_walking_2_kmh/A4.npz,22987.0,14367.0,1293.0,14.366912126541138,True,3.0,"[1.6792340278625488,5.717606067657471,9.751517057418823]",False
user21|treadmill_walking|treadmill_walking_3_kmh|A1,user21,validation,treadmill_walking,treadmill_walking_3_kmh,Walk at 3 km/h,A1,released,,data/trials/user21/treadmill_walking/treadmill_walking_3_kmh/A1.npz,22987.0,14367.0,1293.0,14.36695909500122,True,3.0,"[1.7011048793792725,5.732659816741943,9.776619911193848]",False
user21|treadmill_walking|treadmill_walking_3_kmh|A2,user21,validation,treadmill_walking,treadmill_walking_3_kmh,Walk at 3 km/h,A2,released,,data/trials/user21/treadmill_walking/treadmill_walking_3_kmh/A2.npz,23037.0,14398.0,1296.0,14.398067951202393,True,3.0,"[1.729156732559204,5.781252861022949,9.816959857940674]",False
user21|treadmill_walking|treadmill_walking_3_kmh|A3,user21,validation,treadmill_walking,treadmill_walking_3_kmh,Walk at 3 km/h,A3,released,,data/trials/user21/treadmill_walking/treadmill_walking_3_kmh/A3.npz,22889.0,14305.0,1288.0,14.305460214614868,True,3.0,"[1.684739112854004,5.752213001251221,9.683115005493164]",False
user21|treadmill_walking|treadmill_walking_3_kmh|A4,user21,validation,treadmill_walking,treadmill_walking_3_kmh,Walk at 3 km/h,A4,released,,data/trials/user21/treadmill_walking/treadmill_walking_3_kmh/A4.npz,22965.0,14352.0,1292.0,14.352737188339232,True,3.0,"[1.8344969749450684,5.883249044418335,9.91391110420227]",False
user21|treadmill_walking|treadmill_walking_4_kmh|A1,user21,validation,treadmill_walking,treadmill_walking_4_kmh,Walk at 4 km/h,A1,released,,data/trials/user21/treadmill_walking/treadmill_walking_4_kmh/A1.npz,23035.0,14397.0,1296.0,14.396490812301636,True,3.0,"[1.6856486797332764,5.728113889694214,9.773003816604614]",False
user21|treadmill_walking|treadmill_walking_4_kmh|A2,user21,validation,treadmill_walking,treadmill_walking_4_kmh,Walk at 4 km/h,A2,released,,data/trials/user21/treadmill_walking/treadmill_walking_4_kmh/A2.npz,22916.0,14322.0,1289.0,14.32225513458252,True,3.0,"[1.6902940273284912,5.724179983139038,9.764525890350342]",False
user21|treadmill_walking|treadmill_walking_4_kmh|A3,user21,validation,treadmill_walking,treadmill_walking_4_kmh,Walk at 4 km/h,A3,released,,data/trials/user21/treadmill_walking/treadmill_walking_4_kmh/A3.npz,22874.0,14296.0,1287.0,14.296517610549929,True,3.0,"[1.6936686038970947,5.7375617027282715,9.774762630462646]",False
user21|treadmill_walking|treadmill_walking_4_kmh|A4,user21,validation,treadmill_walking,treadmill_walking_4_kmh,Walk at 4 km/h,A4,released,,data/trials/user21/treadmill_walking/treadmill_walking_4_kmh/A4.npz,22827.0,14267.0,1284.0,14.266358852386476,True,3.0,"[1.839606761932373,5.878515720367432,9.907699823379517]",False
user21|treadmill_walking|treadmill_walking_5_kmh|A1,user21,validation,treadmill_walking,treadmill_walking_5_kmh,Walk at 5 km/h,A1,released,,data/trials/user21/treadmill_walking/treadmill_walking_5_kmh/A1.npz,23045.0,14403.0,1297.0,14.403005838394163,True,3.0,"[1.6580955982208252,5.684433698654175,9.731000661849976]",False
user21|treadmill_walking|treadmill_walking_5_kmh|A2,user21,validation,treadmill_walking,treadmill_walking_5_kmh,Walk at 5 km/h,A2,released,,data/trials/user21/treadmill_walking/treadmill_walking_5_kmh/A2.npz,22908.0,14318.0,1289.0,14.317306280136108,True,3.0,"[1.784928321838379,5.815322160720825,9.85216236114502]",False
user21|treadmill_walking|treadmill_walking_5_kmh|A3,user21,validation,treadmill_walking,treadmill_walking_5_kmh,Walk at 5 km/h,A3,released,,data/trials/user21/treadmill_walking/treadmill_walking_5_kmh/A3.npz,22977.0,14361.0,1293.0,14.36066222190857,True,3.0,"[1.7772421836853027,5.820397138595581,9.86192512512207]",False
user21|treadmill_walking|treadmill_walking_5_kmh|A4,user21,validation,treadmill_walking,treadmill_walking_5_kmh,Walk at 5 km/h,A4,released,,data/trials/user21/treadmill_walking/treadmill_walking_5_kmh/A4.npz,23108.0,14443.0,1300.0,14.442615270614624,True,3.0,"[1.860396146774292,5.9057910442352295,9.944376945495605]",False
user22|functional_action|deadlift|A1,user22,validation,functional_action,deadlift,Deadlift,A1,released,,data/trials/user22/functional_action/deadlift/A1.npz,22443.0,14027.0,1263.0,14.026620626449583,True,3.0,"[1.7897844314575195,5.825220346450806,9.866740465164185]",False
user22|functional_action|deadlift|A2,user22,validation,functional_action,deadlift,Deadlift,A2,released,,data/trials/user22/functional_action/deadlift/A2.npz,22343.0,13964.0,1257.0,13.964027404785156,True,3.0,"[1.7615642547607422,5.799764394760132,9.85167121887207]",False
user22|functional_action|deadlift|A3,user22,validation,functional_action,deadlift,Deadlift,A3,released,,data/trials/user22/functional_action/deadlift/A3.npz,22382.0,13989.0,1259.0,13.988852500915527,True,3.0,"[1.7281193733215332,5.760794401168823,9.813077211380005]",False
user22|functional_action|deadlift|A4,user22,validation,functional_action,deadlift,Deadlift,A4,released,,data/trials/user22/functional_action/deadlift/A4.npz,22418.0,14011.0,1261.0,14.011090517044067,True,3.0,"[1.7204933166503906,5.761022329330444,9.79635739326477]",False
user22|functional_action|deep_squat|A1,user22,validation,functional_action,deep_squat,Deep Squat,A1,released,,data/trials/user22/functional_action/deep_squat/A1.npz,22378.0,13987.0,1259.0,13.986685991287231,True,3.0,"[1.6431188583374023,5.68396782875061,9.733997821807861]",False
user22|functional_action|deep_squat|A2,user22,validation,functional_action,deep_squat,Deep Squat,A2,released,,data/trials/user22/functional_action/deep_squat/A2.npz,22409.0,14006.0,1261.0,14.005889892578123,True,3.0,"[1.834047794342041,5.868269681930542,9.91720962524414]",False
user22|functional_action|deep_squat|A3,user22,validation,functional_action,deep_squat,Deep Squat,A3,released,,data/trials/user22/functional_action/deep_squat/A3.npz,22511.0,14070.0,1267.0,14.069560527801514,True,3.0,"[1.7604832649230957,5.802035331726074,9.853529214859009]",False
user22|functional_action|deep_squat|A4,user22,validation,functional_action,deep_squat,Deep Squat,A4,released,,data/trials/user22/functional_action/deep_squat/A4.npz,22407.0,14004.0,1261.0,14.004522323608398,True,3.0,"[1.7212302684783936,5.7482452392578125,9.786517143249512]",False
user22|functional_action|forward_lunge|A1,user22,validation,functional_action,forward_lunge,Forward Lunge,A1,released,,data/trials/user22/functional_action/forward_lunge/A1.npz,22468.0,14043.0,1264.0,14.042495965957642,True,3.0,"[1.7290329933166504,5.767723798751831,9.81771183013916]",False
user22|functional_action|forward_lunge|A2,user22,validation,functional_action,forward_lunge,Forward Lunge,A2,released,,data/trials/user22/functional_action/forward_lunge/A2.npz,22384.0,13990.0,1260.0,13.99003005027771,True,3.0,"[1.7580418586730957,5.802280902862549,9.835078954696655]",False
user22|functional_action|forward_lunge|A3,user22,validation,functional_action,forward_lunge,Forward Lunge,A3,released,,data/trials/user22/functional_action/forward_lunge/A3.npz,22536.0,14085.0,1268.0,14.085302591323853,True,3.0,"[1.7625555992126465,5.7943315505981445,9.82798957824707]",False
user22|functional_action|forward_lunge|A4,user22,validation,functional_action,forward_lunge,Forward Lunge,A4,released,,data/trials/user22/functional_action/forward_lunge/A4.npz,22373.0,13984.0,1259.0,13.9833402633667,True,3.0,"[1.8005950450897217,5.8310160636901855,9.870676040649414]",False
user22|functional_action|heel_raise|A1,user22,validation,functional_action,heel_raise,Heel Raise,A1,released,,data/trials/user22/functional_action/heel_raise/A1.npz,22483.0,14052.0,1265.0,14.051916122436523,True,3.0,"[1.7887399196624756,5.844106912612915,9.810050010681152]",False
user22|functional_action|heel_raise|A2,user22,validation,functional_action,heel_raise,Heel Raise,A2,released,,data/trials/user22/functional_action/heel_raise/A2.npz,22417.0,14011.0,1261.0,14.010651111602783,True,3.0,"[1.7977840900421143,5.8348681926727295,9.88353705406189]",False
user22|functional_action|heel_raise|A3,user22,validation,functional_action,heel_raise,Heel Raise,A3,released,,data/trials/user22/functional_action/heel_raise/A3.npz,22400.0,14000.0,1260.0,14.000156879425049,True,3.0,"[1.748337745666504,5.781804800033569,9.839898824691772]",False
user22|functional_action|heel_raise|A4,user22,validation,functional_action,heel_raise,Heel Raise,A4,released,,data/trials/user22/functional_action/heel_raise/A4.npz,22401.0,14001.0,1260.0,14.000389337539673,True,3.0,"[1.8239753246307373,5.863172292709351,9.8739173412323]",False
user22|functional_action|left_lunge|A1,user22,validation,functional_action,left_lunge,Left Lunge,A1,released,,data/trials/user22/functional_action/left_lunge/A1.npz,22503.0,14064.0,1266.0,14.06438398361206,True,3.0,"[1.748317003250122,5.799738883972168,9.75301194190979]",False
user22|functional_action|left_lunge|A2,user22,validation,functional_action,left_lunge,Left Lunge,A2,released,,data/trials/user22/functional_action/left_lunge/A2.npz,22427.0,14017.0,1262.0,14.016890287399292,True,3.0,"[1.8209030628204346,5.861822128295898,9.815896272659302]",False
user22|functional_action|left_lunge|A3,user22,validation,functional_action,left_lunge,Left Lunge,A3,released,,data/trials/user22/functional_action/left_lunge/A3.npz,22427.0,14017.0,1262.0,14.016669750213625,True,3.0,"[1.7290165424346924,5.7691285610198975,9.822542667388916]",False
user22|functional_action|left_lunge|A4,user22,validation,functional_action,left_lunge,Left Lunge,A4,released,,data/trials/user22/functional_action/left_lunge/A4.npz,22551.0,14095.0,1269.0,14.09458041191101,True,3.0,"[1.8184642791748047,5.862855434417725,9.90407943725586]",False
user22|functional_action|quiet_sit|A1,user22,validation,functional_action,quiet_sit,Quiet Sit,A1,released,,data/trials/user22/functional_action/quiet_sit/A1.npz,22398.0,13999.0,1260.0,13.99907088279724,True,3.0,"[1.7334036827087402,5.782538652420044,9.813592672348022]",False
user22|functional_action|quiet_sit|A2,user22,validation,functional_action,quiet_sit,Quiet Sit,A2,released,,data/trials/user22/functional_action/quiet_sit/A2.npz,22387.0,13992.0,1260.0,13.99217438697815,True,3.0,"[2.0356974601745605,6.081003427505493,10.12528944015503]",False
user22|functional_action|quiet_sit|A3,user22,validation,functional_action,quiet_sit,Quiet Sit,A3,released,,data/trials/user22/functional_action/quiet_sit/A3.npz,22372.0,13983.0,1259.0,13.982741832733154,True,3.0,"[1.752342700958252,5.794071674346924,9.825642585754395]",False
user22|functional_action|quiet_sit|A4,user22,validation,functional_action,quiet_sit,Quiet Sit,A4,released,,data/trials/user22/functional_action/quiet_sit/A4.npz,22444.0,14028.0,1263.0,14.027518033981323,True,3.0,"[1.7510218620300293,5.788729906082153,9.824018001556396]",False
user22|functional_action|quiet_stand|A1,user22,validation,functional_action,quiet_stand,Quiet Stand,A1,released,,data/trials/user22/functional_action/quiet_stand/A1.npz,22565.0,14103.0,1270.0,14.102909326553345,True,3.0,"[1.7593762874603271,5.79521632194519,9.839835166931152]",False
user22|functional_action|quiet_stand|A2,user22,validation,functional_action,quiet_stand,Quiet Stand,A2,released,,data/trials/user22/functional_action/quiet_stand/A2.npz,22392.0,13995.0,1260.0,13.994950294494627,True,3.0,"[1.7261791229248047,5.764393091201782,9.803548097610474]",False
user22|functional_action|quiet_stand|A3,user22,validation,functional_action,quiet_stand,Quiet Stand,A3,released,,data/trials/user22/functional_action/quiet_stand/A3.npz,22353.0,13971.0,1258.0,13.970755338668823,True,3.0,"[1.7399933338165283,5.7864203453063965,9.833100318908691]",False
user22|functional_action|quiet_stand|A4,user22,validation,functional_action,quiet_stand,Quiet Stand,A4,released,,data/trials/user22/functional_action/quiet_stand/A4.npz,22395.0,13997.0,1260.0,13.99649167060852,True,3.0,"[1.7729666233062744,5.814657688140869,9.847819566726685]",False
user22|functional_action|single_leg_stance|A1,user22,validation,functional_action,single_leg_stance,Single-leg Stance,A1,released,,data/trials/user22/functional_action/single_leg_stance/A1.npz,22537.0,14086.0,1268.0,14.085764646530151,True,3.0,"[1.764582633972168,5.805050611495972,9.854528665542603]",False
user22|functional_action|single_leg_stance|A2,user22,validation,functional_action,single_leg_stance,Single-leg Stance,A2,released,,data/trials/user22/functional_action/single_leg_stance/A2.npz,22614.0,14134.0,1272.0,14.134127378463743,True,3.0,"[1.7697553634643555,5.813002347946167,9.86016321182251]",False
user22|functional_action|single_leg_stance|A3,user22,validation,functional_action,single_leg_stance,Single-leg Stance,A3,released,,data/trials/user22/functional_action/single_leg_stance/A3.npz,22403.0,14002.0,1261.0,14.001971006393433,True,3.0,"[1.7329630851745605,5.772414922714233,9.816237926483154]",False
user22|functional_action|single_leg_stance|A4,user22,validation,functional_action,single_leg_stance,Single-leg Stance,A4,released,,data/trials/user22/functional_action/single_leg_stance/A4.npz,22550.0,14094.0,1269.0,14.094007015228271,True,3.0,"[1.7597968578338623,5.805233955383301,9.844481945037842]",False
user22|functional_action|stair_ascent|A1,user22,validation,functional_action,stair_ascent,Stair Ascent,A1,released,,data/trials/user22/functional_action/stair_ascent/A1.npz,22544.0,14089.0,1268.0,14.0897855758667,True,3.0,"[1.7243626117706299,5.752233505249023,9.799865484237671]",False
user22|functional_action|stair_ascent|A2,user22,validation,functional_action,stair_ascent,Stair Ascent,A2,released,,data/trials/user22/functional_action/stair_ascent/A2.npz,22446.0,14030.0,1263.0,14.029154777526855,True,3.0,"[1.7622406482696533,5.805267810821533,9.756598711013794]",False
user22|functional_action|stair_ascent|A3,user22,validation,functional_action,stair_ascent,Stair Ascent,A3,released,,data/trials/user22/functional_action/stair_ascent/A3.npz,22341.0,13963.0,1257.0,13.962968826293944,True,3.0,"[1.8251957893371582,5.853179693222046,9.892234802246094]",False
user22|functional_action|stair_ascent|A4,user22,validation,functional_action,stair_ascent,Stair Ascent,A4,released,,data/trials/user22/functional_action/stair_ascent/A4.npz,22336.0,13960.0,1257.0,13.960442781448364,True,3.0,"[1.7890727519989014,5.819291830062866,9.872545719146729]",False
user22|functional_action|stand_sit_transition|A1,user22,validation,functional_action,stand_sit_transition,Stand-sit transition,A1,released,,data/trials/user22/functional_action/stand_sit_transition/A1.npz,22411.0,14007.0,1261.0,14.006764888763428,True,3.0,"[1.717944860458374,5.75858473777771,9.80701470375061]",False
user22|functional_action|stand_sit_transition|A2,user22,validation,functional_action,stand_sit_transition,Stand-sit transition,A2,released,,data/trials/user22/functional_action/stand_sit_transition/A2.npz,22560.0,14100.0,1269.0,14.09961199760437,True,3.0,"[1.8259227275848389,5.8532469272613525,9.899125814437866]",False
user22|functional_action|stand_sit_transition|A3,user22,validation,functional_action,stand_sit_transition,Stand-sit transition,A3,released,,data/trials/user22/functional_action/stand_sit_transition/A3.npz,22450.0,14031.0,1263.0,14.031272172927856,True,3.0,"[1.7707960605621338,5.808964014053345,9.85620903968811]",False
user22|functional_action|stand_sit_transition|A4,user22,validation,functional_action,stand_sit_transition,Stand-sit transition,A4,released,,data/trials/user22/functional_action/stand_sit_transition/A4.npz,22490.0,14056.0,1265.0,14.056036472320557,True,3.0,"[1.7615742683410645,5.806379318237305,9.841629266738892]",False
user22|functional_action|vertical_jump|A1,user22,validation,functional_action,vertical_jump,Vertical Jump,A1,released,,data/trials/user22/functional_action/vertical_jump/A1.npz,22393.0,13996.0,1260.0,13.995944499969482,True,3.0,"[1.7257623672485352,5.757135391235352,9.796796560287476]",False
user22|functional_action|vertical_jump|A2,user22,validation,functional_action,vertical_jump,Vertical Jump,A2,released,,data/trials/user22/functional_action/vertical_jump/A2.npz,22426.0,14016.0,1262.0,14.015957355499268,True,3.0,"[1.7706711292266846,5.812741279602051,9.84414029121399]",False
user22|functional_action|vertical_jump|A3,user22,validation,functional_action,vertical_jump,Vertical Jump,A3,released,,data/trials/user22/functional_action/vertical_jump/A3.npz,22478.0,14048.0,1265.0,14.04884648323059,True,3.0,"[1.7569153308868408,5.78337025642395,9.815240383148193]",False
user22|functional_action|vertical_jump|A4,user22,validation,functional_action,vertical_jump,Vertical Jump,A4,released,,data/trials/user22/functional_action/vertical_jump/A4.npz,22396.0,13998.0,1260.0,13.997650384902954,True,3.0,"[1.7796282768249512,5.80786919593811,9.836035251617432]",False
user22|treadmill_walking|treadmill_walking_1_kmh|A1,user22,validation,treadmill_walking,treadmill_walking_1_kmh,Walk at 1 km/h,A1,released,,data/trials/user22/treadmill_walking/treadmill_walking_1_kmh/A1.npz,22398.0,13998.0,1260.0,13.998476266860962,True,3.0,"[1.7521469593048096,5.806538105010986,9.837720155715942]",False
user22|treadmill_walking|treadmill_walking_1_kmh|A2,user22,validation,treadmill_walking,treadmill_walking_1_kmh,Walk at 1 km/h,A2,released,,data/trials/user22/treadmill_walking/treadmill_walking_1_kmh/A2.npz,22496.0,14060.0,1266.0,14.05989122390747,True,3.0,"[1.7527210712432861,5.78361701965332,9.820800065994263]",False
user22|treadmill_walking|treadmill_walking_1_kmh|A3,user22,validation,treadmill_walking,treadmill_walking_1_kmh,Walk at 1 km/h,A3,released,,data/trials/user22/treadmill_walking/treadmill_walking_1_kmh/A3.npz,22477.0,14048.0,1265.0,14.048169374465942,True,3.0,"[1.7585933208465576,5.79940938949585,9.829528331756592]",False
user22|treadmill_walking|treadmill_walking_1_kmh|A4,user22,validation,treadmill_walking,treadmill_walking_1_kmh,Walk at 1 km/h,A4,released,,data/trials/user22/treadmill_walking/treadmill_walking_1_kmh/A4.npz,22374.0,13984.0,1259.0,13.98405408859253,True,3.0,"[1.7702538967132568,5.815301895141602,9.859190940856934]",False
user22|treadmill_walking|treadmill_walking_2_kmh|A1,user22,validation,treadmill_walking,treadmill_walking_2_kmh,Walk at 2 km/h,A1,released,,data/trials/user22/treadmill_walking/treadmill_walking_2_kmh/A1.npz,22497.0,14061.0,1266.0,14.060157537460327,True,3.0,"[1.7797825336456299,5.82418155670166,9.857995510101318]",False
user22|treadmill_walking|treadmill_walking_2_kmh|A2,user22,validation,treadmill_walking,treadmill_walking_2_kmh,Walk at 2 km/h,A2,released,,data/trials/user22/treadmill_walking/treadmill_walking_2_kmh/A2.npz,22289.0,13931.0,1254.0,13.93082046508789,True,3.0,"[1.7458484172821045,5.78475546836853,9.769140481948853]",False
user22|treadmill_walking|treadmill_walking_2_kmh|A3,user22,validation,treadmill_walking,treadmill_walking_2_kmh,Walk at 2 km/h,A3,released,,data/trials/user22/treadmill_walking/treadmill_walking_2_kmh/A3.npz,22233.0,13896.0,1251.0,13.895754337310793,True,3.0,"[1.765092372894287,5.812037229537964,9.759058237075806]",False
user22|treadmill_walking|treadmill_walking_2_kmh|A4,user22,validation,treadmill_walking,treadmill_walking_2_kmh,Walk at 2 km/h,A4,released,,data/trials/user22/treadmill_walking/treadmill_walking_2_kmh/A4.npz,22382.0,13989.0,1259.0,13.988574028015137,True,3.0,"[1.7725059986114502,5.819418907165527,9.859994888305664]",False
user22|treadmill_walking|treadmill_walking_3_kmh|A1,user22,validation,treadmill_walking,treadmill_walking_3_kmh,Walk at 3 km/h,A1,released,,data/trials/user22/treadmill_walking/treadmill_walking_3_kmh/A1.npz,22436.0,14023.0,1262.0,14.022658824920654,True,3.0,"[1.773608684539795,5.801640748977661,9.862222671508789]",False
user22|treadmill_walking|treadmill_walking_3_kmh|A2,user22,validation,treadmill_walking,treadmill_walking_3_kmh,Walk at 3 km/h,A2,released,,data/trials/user22/treadmill_walking/treadmill_walking_3_kmh/A2.npz,22458.0,14036.0,1264.0,14.036412715911863,True,3.0,"[1.751234531402588,5.803309440612793,9.842637538909912]",False
user22|treadmill_walking|treadmill_walking_3_kmh|A3,user22,validation,treadmill_walking,treadmill_walking_3_kmh,Walk at 3 km/h,A3,released,,data/trials/user22/treadmill_walking/treadmill_walking_3_kmh/A3.npz,22517.0,14073.0,1267.0,14.072847127914429,True,3.0,"[1.7657129764556885,5.805045127868652,9.836261987686157]",False
user22|treadmill_walking|treadmill_walking_3_kmh|A4,user22,validation,treadmill_walking,treadmill_walking_3_kmh,Walk at 3 km/h,A4,released,,data/trials/user22/treadmill_walking/treadmill_walking_3_kmh/A4.npz,22386.0,13991.0,1260.0,13.991260766983032,True,3.0,"[1.7624685764312744,5.791824579238892,9.826176643371582]",False
user22|treadmill_walking|treadmill_walking_4_kmh|A1,user22,validation,treadmill_walking,treadmill_walking_4_kmh,Walk at 4 km/h,A1,released,,data/trials/user22/treadmill_walking/treadmill_walking_4_kmh/A1.npz,22468.0,14043.0,1264.0,14.04239559173584,True,3.0,"[1.8618683815002441,5.891873598098755,9.925229549407959]",False
user22|treadmill_walking|treadmill_walking_4_kmh|A2,user22,validation,treadmill_walking,treadmill_walking_4_kmh,Walk at 4 km/h,A2,released,,data/trials/user22/treadmill_walking/treadmill_walking_4_kmh/A2.npz,22356.0,13972.0,1257.0,13.972424268722534,True,3.0,"[1.769578218460083,5.807128190994263,9.85228705406189]",False
user22|treadmill_walking|treadmill_walking_4_kmh|A3,user22,validation,treadmill_walking,treadmill_walking_4_kmh,Walk at 4 km/h,A3,released,,data/trials/user22/treadmill_walking/treadmill_walking_4_kmh/A3.npz,22502.0,14063.0,1266.0,14.063436269760132,True,3.0,"[1.7726221084594727,5.810265064239502,9.849691152572632]",False
user22|treadmill_walking|treadmill_walking_4_kmh|A4,user22,validation,treadmill_walking,treadmill_walking_4_kmh,Walk at 4 km/h,A4,released,,data/trials/user22/treadmill_walking/treadmill_walking_4_kmh/A4.npz,22489.0,14056.0,1265.0,14.05605959892273,True,3.0,"[1.804389476776123,5.8479015827178955,9.896049499511719]",False
user22|treadmill_walking|treadmill_walking_5_kmh|A1,user22,validation,treadmill_walking,treadmill_walking_5_kmh,Walk at 5 km/h,A1,released,,data/trials/user22/treadmill_walking/treadmill_walking_5_kmh/A1.npz,22316.0,13947.0,1256.0,13.94756007194519,True,3.0,"[1.7699089050292969,5.801191806793213,9.84621000289917]",False
user22|treadmill_walking|treadmill_walking_5_kmh|A2,user22,validation,treadmill_walking,treadmill_walking_5_kmh,Walk at 5 km/h,A2,released,,data/trials/user22/treadmill_walking/treadmill_walking_5_kmh/A2.npz,22271.0,13919.0,1253.0,13.91961145401001,True,3.0,"[1.7297842502593994,5.770511150360107,9.807795286178589]",False
user22|treadmill_walking|treadmill_walking_5_kmh|A3,user22,validation,treadmill_walking,treadmill_walking_5_kmh,Walk at 5 km/h,A3,released,,data/trials/user22/treadmill_walking/treadmill_walking_5_kmh/A3.npz,22305.0,13940.0,1255.0,13.940444946289062,True,3.0,"[1.7259647846221924,5.760248899459839,9.798611879348755]",False
user22|treadmill_walking|treadmill_walking_5_kmh|A4,user22,validation,treadmill_walking,treadmill_walking_5_kmh,Walk at 5 km/h,A4,released,,data/trials/user22/treadmill_walking/treadmill_walking_5_kmh/A4.npz,22464.0,14040.0,1264.0,14.040008306503296,True,3.0,"[1.749138355255127,5.784972190856934,9.818039178848267]",False
user23|functional_action|deadlift|A1,user23,validation,functional_action,deadlift,Deadlift,A1,released,,data/trials/user23/functional_action/deadlift/A1.npz,21829.0,13643.0,1228.0,13.642841815948486,True,3.0,"[1.7243635654449463,5.779088497161865,9.718838691711426]",False
user23|functional_action|deadlift|A2,user23,validation,functional_action,deadlift,Deadlift,A2,released,,data/trials/user23/functional_action/deadlift/A2.npz,21724.0,13578.0,1222.0,13.5775306224823,True,3.0,"[1.7036423683166504,5.745973348617554,9.785466432571411]",False
user23|functional_action|deadlift|A3,user23,validation,functional_action,deadlift,Deadlift,A3,released,,data/trials/user23/functional_action/deadlift/A3.npz,21851.0,13657.0,1230.0,13.656941175460815,True,3.0,"[1.6695780754089355,5.694287061691284,9.732741117477417]",False
user23|functional_action|deadlift|A4,user23,validation,functional_action,deadlift,Deadlift,A4,released,,data/trials/user23/functional_action/deadlift/A4.npz,21888.0,13680.0,1232.0,13.68000864982605,True,3.0,"[1.7183616161346436,5.757678508758545,9.797946691513062]",False
user23|functional_action|deep_squat|A1,user23,validation,functional_action,deep_squat,Deep Squat,A1,released,,data/trials/user23/functional_action/deep_squat/A1.npz,21823.0,13639.0,1228.0,13.639204502105711,True,3.0,"[1.7063944339752197,5.74598240852356,9.700166463851929]",False
user23|functional_action|deep_squat|A2,user23,validation,functional_action,deep_squat,Deep Squat,A2,released,,data/trials/user23/functional_action/deep_squat/A2.npz,22021.0,13764.0,1239.0,13.763361930847168,True,3.0,"[1.8092827796936035,5.8445398807525635,9.889925003051758]",False
user23|functional_action|deep_squat|A3,user23,validation,functional_action,deep_squat,Deep Squat,A3,released,,data/trials/user23/functional_action/deep_squat/A3.npz,21780.0,13612.0,1226.0,13.612712383270264,True,3.0,"[1.911311149597168,5.946886301040649,9.990461349487305]",False
user23|functional_action|deep_squat|A4,user23,validation,functional_action,deep_squat,Deep Squat,A4,released,,data/trials/user23/functional_action/deep_squat/A4.npz,21746.0,13591.0,1224.0,13.59125304222107,True,3.0,"[1.6792371273040771,5.715402126312256,9.749701976776123]",False
user23|functional_action|forward_lunge|A1,user23,validation,functional_action,forward_lunge,Forward Lunge,A1,released,,data/trials/user23/functional_action/forward_lunge/A1.npz,21937.0,13710.0,1234.0,13.710240602493286,True,3.0,"[1.7371256351470947,5.773292541503906,9.802575588226318]",False
user23|functional_action|forward_lunge|A2,user23,validation,functional_action,forward_lunge,Forward Lunge,A2,released,,data/trials/user23/functional_action/forward_lunge/A2.npz,21863.0,13664.0,1230.0,13.664304733276367,True,3.0,"[1.7090234756469727,5.737000465393066,9.772322654724121]",False
user23|functional_action|forward_lunge|A3,user23,validation,functional_action,forward_lunge,Forward Lunge,A3,released,,data/trials/user23/functional_action/forward_lunge/A3.npz,21854.0,13659.0,1230.0,13.65845012664795,True,3.0,"[1.7108829021453857,5.746532917022705,9.784081935882568]",False
user23|functional_action|forward_lunge|A4,user23,validation,functional_action,forward_lunge,Forward Lunge,A4,released,,data/trials/user23/functional_action/forward_lunge/A4.npz,21921.0,13701.0,1234.0,13.700884819030762,True,3.0,"[1.7225987911224365,5.754391670227051,9.798780679702759]",False
user23|functional_action|heel_raise|A1,user23,validation,functional_action,heel_raise,Heel Raise,A1,released,,data/trials/user23/functional_action/heel_raise/A1.npz,21718.0,13574.0,1222.0,13.57386350631714,True,3.0,"[1.740551471710205,5.779022455215454,9.830711364746094]",False
user23|functional_action|heel_raise|A2,user23,validation,functional_action,heel_raise,Heel Raise,A2,released,,data/trials/user23/functional_action/heel_raise/A2.npz,21918.0,13698.0,1233.0,13.698563575744627,True,3.0,"[1.9447333812713623,5.993174314498901,10.028149366378784]",False
user23|functional_action|heel_raise|A3,user23,validation,functional_action,heel_raise,Heel Raise,A3,released,,data/trials/user23/functional_action/heel_raise/A3.npz,21775.0,13610.0,1225.0,13.609849691390991,True,3.0,"[1.7248256206512451,5.764451503753662,9.79487657546997]",False
user23|functional_action|heel_raise|A4,user23,validation,functional_action,heel_raise,Heel Raise,A4,released,,data/trials/user23/functional_action/heel_raise/A4.npz,21715.0,13572.0,1222.0,13.571831464767456,True,3.0,"[1.67745041847229,5.724045276641846,9.6720871925354]",False
user23|functional_action|left_lunge|A1,user23,validation,functional_action,left_lunge,Left Lunge,A1,released,,data/trials/user23/functional_action/left_lunge/A1.npz,21850.0,13657.0,1229.0,13.656156301498411,True,3.0,"[1.689239263534546,5.733563184738159,9.77573823928833]",False
user23|functional_action|left_lunge|A2,user23,validation,functional_action,left_lunge,Left Lunge,A2,released,,data/trials/user23/functional_action/left_lunge/A2.npz,21867.0,13667.0,1230.0,13.667089939117432,True,3.0,"[1.760983943939209,5.794510841369629,9.835166931152344]",False
user23|functional_action|left_lunge|A3,user23,validation,functional_action,left_lunge,Left Lunge,A3,released,,data/trials/user23/functional_action/left_lunge/A3.npz,21947.0,13718.0,1235.0,13.717031002044678,True,3.0,"[1.7480707168579102,5.7787086963653564,9.816869735717773]",False
user23|functional_action|left_lunge|A4,user23,validation,functional_action,left_lunge,Left Lunge,A4,released,,data/trials/user23/functional_action/left_lunge/A4.npz,21823.0,13639.0,1228.0,13.638992071151732,True,3.0,"[1.6728019714355469,5.715282917022705,9.758472919464111]",False
user23|functional_action|quiet_sit|A1,user23,validation,functional_action,quiet_sit,Quiet Sit,A1,released,,data/trials/user23/functional_action/quiet_sit/A1.npz,21929.0,13705.0,1234.0,13.705785751342772,True,3.0,"[1.7562105655670166,5.791099548339844,9.751416683197021]",False
user23|functional_action|quiet_sit|A2,user23,validation,functional_action,quiet_sit,Quiet Sit,A2,released,,data/trials/user23/functional_action/quiet_sit/A2.npz,21725.0,13578.0,1222.0,13.578040599822998,True,3.0,"[1.7625024318695068,5.8044273853302,9.839697360992432]",False
user23|functional_action|quiet_sit|A3,user23,validation,functional_action,quiet_sit,Quiet Sit,A3,released,,data/trials/user23/functional_action/quiet_sit/A3.npz,21881.0,13676.0,1231.0,13.67534041404724,True,3.0,"[1.6864633560180664,5.728282451629639,9.762253522872925]",False
user23|functional_action|quiet_sit|A4,user23,validation,functional_action,quiet_sit,Quiet Sit,A4,released,,data/trials/user23/functional_action/quiet_sit/A4.npz,21910.0,13693.0,1233.0,13.69334363937378,True,3.0,"[1.8101286888122559,5.841678619384766,9.880540609359741]",False
user23|functional_action|quiet_stand|A1,user23,validation,functional_action,quiet_stand,Quiet Stand,A1,released,,data/trials/user23/functional_action/quiet_stand/A1.npz,21811.0,13632.0,1227.0,13.631494522094728,True,3.0,"[1.7080204486846924,5.749226331710815,9.794564485549927]",False
user23|functional_action|quiet_stand|A2,user23,validation,functional_action,quiet_stand,Quiet Stand,A2,released,,data/trials/user23/functional_action/quiet_stand/A2.npz,21848.0,13655.0,1229.0,13.65469241142273,True,3.0,"[1.7400803565979004,5.781094312667847,9.828485250473022]",False
user23|functional_action|quiet_stand|A3,user23,validation,functional_action,quiet_stand,Quiet Stand,A3,released,,data/trials/user23/functional_action/quiet_stand/A3.npz,21845.0,13653.0,1229.0,13.653218030929564,True,3.0,"[1.689396858215332,5.731647968292236,9.766126871109009]",False
user23|functional_action|quiet_stand|A4,user23,validation,functional_action,quiet_stand,Quiet Stand,A4,released,,data/trials/user23/functional_action/quiet_stand/A4.npz,21774.0,13608.0,1225.0,13.608704328536987,True,3.0,"[1.7886221408843994,5.822908163070679,9.856276273727417]",False
user23|functional_action|single_leg_stance|A1,user23,validation,functional_action,single_leg_stance,Single-leg Stance,A1,released,,data/trials/user23/functional_action/single_leg_stance/A1.npz,21859.0,13662.0,1230.0,13.661884069442747,True,3.0,"[1.6766560077667236,5.734261989593506,9.679796934127808]",False
user23|functional_action|single_leg_stance|A2,user23,validation,functional_action,single_leg_stance,Single-leg Stance,A2,released,,data/trials/user23/functional_action/single_leg_stance/A2.npz,21956.0,13722.0,1235.0,13.722623586654665,True,3.0,"[1.7245864868164062,5.750139474868774,9.795397520065308]",False
user23|functional_action|single_leg_stance|A3,user23,validation,functional_action,single_leg_stance,Single-leg Stance,A3,released,,data/trials/user23/functional_action/single_leg_stance/A3.npz,21829.0,13643.0,1228.0,13.642878770828249,True,3.0,"[1.6699457168579102,5.705276727676392,9.741894721984863]",False
user23|functional_action|single_leg_stance|A4,user23,validation,functional_action,single_leg_stance,Single-leg Stance,A4,released,,data/trials/user23/functional_action/single_leg_stance/A4.npz,21971.0,13732.0,1236.0,13.731489181518556,True,3.0,"[1.7574222087860107,5.794037103652954,9.820183992385864]",False
user23|functional_action|stair_ascent|A1,user23,validation,functional_action,stair_ascent,Stair Ascent,A1,released,,data/trials/user23/functional_action/stair_ascent/A1.npz,21861.0,13663.0,1230.0,13.6628520488739,True,3.0,"[1.7402079105377197,5.779651880264282,9.825180053710938]",False
user23|functional_action|stair_ascent|A2,user23,validation,functional_action,stair_ascent,Stair Ascent,A2,released,,data/trials/user23/functional_action/stair_ascent/A2.npz,21751.0,13594.0,1224.0,13.594316005706789,True,3.0,"[1.725883960723877,5.76793098449707,9.815754890441895]",False
user23|functional_action|stair_ascent|A3,user23,validation,functional_action,stair_ascent,Stair Ascent,A3,released,,data/trials/user23/functional_action/stair_ascent/A3.npz,21829.0,13643.0,1228.0,13.643210172653198,True,3.0,"[1.7449171543121338,5.780409097671509,9.812674045562744]",False
user23|functional_action|stair_ascent|A4,user23,validation,functional_action,stair_ascent,Stair Ascent,A4,released,,data/trials/user23/functional_action/stair_ascent/A4.npz,21850.0,13656.0,1229.0,13.65638279914856,True,3.0,"[1.7500107288360596,5.786705732345581,9.840369701385498]",False
user23|functional_action|stand_sit_transition|A1,user23,validation,functional_action,stand_sit_transition,Stand-sit transition,A1,released,,data/trials/user23/functional_action/stand_sit_transition/A1.npz,21939.0,13712.0,1234.0,13.7120840549469,True,3.0,"[1.7616350650787354,5.808583974838257,9.847173929214478]",False
user23|functional_action|stand_sit_transition|A2,user23,validation,functional_action,stand_sit_transition,Stand-sit transition,A2,released,,data/trials/user23/functional_action/stand_sit_transition/A2.npz,21813.0,13633.0,1227.0,13.632987022399902,True,3.0,"[1.7658848762512207,5.801187992095947,9.8417809009552]",False
user23|functional_action|stand_sit_transition|A3,user23,validation,functional_action,stand_sit_transition,Stand-sit transition,A3,released,,data/trials/user23/functional_action/stand_sit_transition/A3.npz,21834.0,13646.0,1229.0,13.64619207382202,True,3.0,"[1.7065739631652832,5.735318899154663,9.784571886062622]",False
user23|functional_action|stand_sit_transition|A4,user23,validation,functional_action,stand_sit_transition,Stand-sit transition,A4,released,,data/trials/user23/functional_action/stand_sit_transition/A4.npz,21735.0,13585.0,1223.0,13.584419012069702,True,3.0,"[1.8221607208251953,5.872006893157959,9.81817078590393]",False
user23|functional_action|vertical_jump|A1,user23,validation,functional_action,vertical_jump,Vertical Jump,A1,released,,data/trials/user23/functional_action/vertical_jump/A1.npz,21786.0,13617.0,1226.0,13.61670184135437,True,3.0,"[1.6628966331481934,5.692405700683594,9.72989273071289]",False
user23|functional_action|vertical_jump|A2,user23,validation,functional_action,vertical_jump,Vertical Jump,A2,released,,data/trials/user23/functional_action/vertical_jump/A2.npz,22001.0,13751.0,1238.0,13.75043249130249,True,3.0,"[2.0010924339294434,6.038177490234375,10.082047462463379]",False
user23|functional_action|vertical_jump|A3,user23,validation,functional_action,vertical_jump,Vertical Jump,A3,released,,data/trials/user23/functional_action/vertical_jump/A3.npz,21785.0,13615.0,1226.0,13.61531138420105,True,3.0,"[1.7962872982025146,5.827908277511597,9.874744176864624]",False
user23|functional_action|vertical_jump|A4,user23,validation,functional_action,vertical_jump,Vertical Jump,A4,released,,data/trials/user23/functional_action/vertical_jump/A4.npz,21750.0,13594.0,1224.0,13.593738317489624,True,3.0,"[1.6889111995697021,5.722003221511841,9.754619359970093]",False
user23|treadmill_walking|treadmill_walking_1_kmh|A1,user23,validation,treadmill_walking,treadmill_walking_1_kmh,Walk at 1 km/h,A1,released,,data/trials/user23/treadmill_walking/treadmill_walking_1_kmh/A1.npz,21747.0,13592.0,1224.0,13.59161615371704,True,3.0,"[1.6755001544952393,5.7147910594940186,9.75013017654419]",False
user23|treadmill_walking|treadmill_walking_1_kmh|A2,user23,validation,treadmill_walking,treadmill_walking_1_kmh,Walk at 1 km/h,A2,released,,data/trials/user23/treadmill_walking/treadmill_walking_1_kmh/A2.npz,21708.0,13568.0,1222.0,13.56764531135559,True,3.0,"[1.7278380393981934,5.767094135284424,9.812304973602295]",False
user23|treadmill_walking|treadmill_walking_1_kmh|A3,user23,validation,treadmill_walking,treadmill_walking_1_kmh,Walk at 1 km/h,A3,released,,data/trials/user23/treadmill_walking/treadmill_walking_1_kmh/A3.npz,21829.0,13644.0,1228.0,13.64354944229126,True,3.0,"[1.836085319519043,5.876222372055054,9.921600341796875]",False
user23|treadmill_walking|treadmill_walking_1_kmh|A4,user23,validation,treadmill_walking,treadmill_walking_1_kmh,Walk at 1 km/h,A4,released,,data/trials/user23/treadmill_walking/treadmill_walking_1_kmh/A4.npz,21819.0,13637.0,1228.0,13.637267351150513,True,3.0,"[1.8582322597503662,5.896122217178345,9.93306827545166]",False
user23|treadmill_walking|treadmill_walking_2_kmh|A1,user23,validation,treadmill_walking,treadmill_walking_2_kmh,Walk at 2 km/h,A1,released,,data/trials/user23/treadmill_walking/treadmill_walking_2_kmh/A1.npz,21756.0,13598.0,1224.0,13.597916841506958,True,3.0,"[1.7001128196716309,5.734674692153931,9.758569717407227]",False
user23|treadmill_walking|treadmill_walking_2_kmh|A2,user23,validation,treadmill_walking,treadmill_walking_2_kmh,Walk at 2 km/h,A2,released,,data/trials/user23/treadmill_walking/treadmill_walking_2_kmh/A2.npz,21776.0,13610.0,1225.0,13.60991907119751,True,3.0,"[1.7535638809204102,5.781941890716553,9.818647861480713]",False
user23|treadmill_walking|treadmill_walking_2_kmh|A3,user23,validation,treadmill_walking,treadmill_walking_2_kmh,Walk at 2 km/h,A3,excluded,data loss from a malfunctioning accelerometer,,,,,,,,,False
user23|treadmill_walking|treadmill_walking_2_kmh|A4,user23,validation,treadmill_walking,treadmill_walking_2_kmh,Walk at 2 km/h,A4,excluded,data loss from a malfunctioning accelerometer,,,,,,,,,False
user23|treadmill_walking|treadmill_walking_3_kmh|A1,user23,validation,treadmill_walking,treadmill_walking_3_kmh,Walk at 3 km/h,A1,released,,data/trials/user23/treadmill_walking/treadmill_walking_3_kmh/A1.npz,21936.0,13710.0,1234.0,13.710355520248411,True,3.0,"[1.7937824726104736,5.842093467712402,9.886544466018677]",False
user23|treadmill_walking|treadmill_walking_3_kmh|A2,user23,validation,treadmill_walking,treadmill_walking_3_kmh,Walk at 3 km/h,A2,released,,data/trials/user23/treadmill_walking/treadmill_walking_3_kmh/A2.npz,21687.0,13555.0,1220.0,13.554675340652466,True,3.0,"[1.7985711097717285,5.834534168243408,9.868231296539307]",False
user23|treadmill_walking|treadmill_walking_3_kmh|A3,user23,validation,treadmill_walking,treadmill_walking_3_kmh,Walk at 3 km/h,A3,released,,data/trials/user23/treadmill_walking/treadmill_walking_3_kmh/A3.npz,21829.0,13642.0,1228.0,13.64292049407959,True,3.0,"[1.7634375095367432,5.790459394454956,9.82887053489685]",False
user23|treadmill_walking|treadmill_walking_3_kmh|A4,user23,validation,treadmill_walking,treadmill_walking_3_kmh,Walk at 3 km/h,A4,released,,data/trials/user23/treadmill_walking/treadmill_walking_3_kmh/A4.npz,21777.0,13611.0,1225.0,13.610580205917358,True,3.0,"[1.746561050415039,5.786169052124023,9.817464113235474]",False
user23|treadmill_walking|treadmill_walking_4_kmh|A1,user23,validation,treadmill_walking,treadmill_walking_4_kmh,Walk at 4 km/h,A1,released,,data/trials/user23/treadmill_walking/treadmill_walking_4_kmh/A1.npz,21748.0,13592.0,1224.0,13.592003107070925,True,3.0,"[1.7487871646881104,5.777217149734497,9.818198204040527]",False
user23|treadmill_walking|treadmill_walking_4_kmh|A2,user23,validation,treadmill_walking,treadmill_walking_4_kmh,Walk at 4 km/h,A2,released,,data/trials/user23/treadmill_walking/treadmill_walking_4_kmh/A2.npz,21810.0,13631.0,1227.0,13.631174802780151,True,3.0,"[1.7154805660247803,5.751948595046997,9.795772552490234]",False
user23|treadmill_walking|treadmill_walking_4_kmh|A3,user23,validation,treadmill_walking,treadmill_walking_4_kmh,Walk at 4 km/h,A3,released,,data/trials/user23/treadmill_walking/treadmill_walking_4_kmh/A3.npz,21734.0,13584.0,1223.0,13.584007024765016,True,3.0,"[1.831362009048462,5.868130922317505,9.904058933258057]",False
user23|treadmill_walking|treadmill_walking_4_kmh|A4,user23,validation,treadmill_walking,treadmill_walking_4_kmh,Walk at 4 km/h,A4,released,,data/trials/user23/treadmill_walking/treadmill_walking_4_kmh/A4.npz,21666.0,13541.0,1219.0,13.541423559188845,True,3.0,"[1.65415358543396,5.692709445953369,9.725119590759277]",False
user23|treadmill_walking|treadmill_walking_5_kmh|A1,user23,validation,treadmill_walking,treadmill_walking_5_kmh,Walk at 5 km/h,A1,released,,data/trials/user23/treadmill_walking/treadmill_walking_5_kmh/A1.npz,21730.0,13581.0,1223.0,13.58138108253479,True,3.0,"[1.7175769805908203,5.758580923080444,9.712448835372925]",False
user23|treadmill_walking|treadmill_walking_5_kmh|A2,user23,validation,treadmill_walking,treadmill_walking_5_kmh,Walk at 5 km/h,A2,released,,data/trials/user23/treadmill_walking/treadmill_walking_5_kmh/A2.npz,21870.0,13668.0,1231.0,13.668307304382324,True,3.0,"[1.8178811073303223,5.860705137252808,9.894805192947388]",False
user23|treadmill_walking|treadmill_walking_5_kmh|A3,user23,validation,treadmill_walking,treadmill_walking_5_kmh,Walk at 5 km/h,A3,released,,data/trials/user23/treadmill_walking/treadmill_walking_5_kmh/A3.npz,21834.0,13646.0,1229.0,13.646312236785889,True,3.0,"[1.9078342914581299,5.948174238204956,9.987107276916504]",False
user23|treadmill_walking|treadmill_walking_5_kmh|A4,user23,validation,treadmill_walking,treadmill_walking_5_kmh,Walk at 5 km/h,A4,released,,data/trials/user23/treadmill_walking/treadmill_walking_5_kmh/A4.npz,21730.0,13581.0,1223.0,13.581517219543455,True,3.0,"[1.7900772094726562,5.830746173858643,9.859644174575806]",False
user24|functional_action|deadlift|A1,user24,test,functional_action,deadlift,Deadlift,A1,released,,data/trials/user24/functional_action/deadlift/A1.npz,22387.0,13992.0,1260.0,13.991666793823242,True,3.0,"[1.7405807971954346,5.782728910446167,9.74754786491394]",False
user24|functional_action|deadlift|A2,user24,test,functional_action,deadlift,Deadlift,A2,released,,data/trials/user24/functional_action/deadlift/A2.npz,22367.0,13979.0,1259.0,13.978954315185549,True,3.0,"[1.7225151062011719,5.795218229293823,9.741035223007202]",False
user24|functional_action|deadlift|A3,user24,test,functional_action,deadlift,Deadlift,A3,released,,data/trials/user24/functional_action/deadlift/A3.npz,22513.0,14070.0,1267.0,14.070619821548462,True,3.0,"[1.7689507007598877,5.797440767288208,9.838991641998291]",False
user24|functional_action|deadlift|A4,user24,test,functional_action,deadlift,Deadlift,A4,released,,data/trials/user24/functional_action/deadlift/A4.npz,22302.0,13939.0,1255.0,13.938514232635498,True,3.0,"[1.706322193145752,5.7389702796936035,9.797106266021729]",False
user24|functional_action|deep_squat|A1,user24,test,functional_action,deep_squat,Deep Squat,A1,released,,data/trials/user24/functional_action/deep_squat/A1.npz,22355.0,13972.0,1258.0,13.971982717514038,True,3.0,"[1.7093534469604492,5.755664587020874,9.800209522247314]",False
user24|functional_action|deep_squat|A2,user24,test,functional_action,deep_squat,Deep Squat,A2,released,,data/trials/user24/functional_action/deep_squat/A2.npz,22657.0,14160.0,1275.0,14.160123825073242,True,3.0,"[1.8580148220062256,5.906818866729736,9.8675537109375]",False
user24|functional_action|deep_squat|A3,user24,test,functional_action,deep_squat,Deep Squat,A3,released,,data/trials/user24/functional_action/deep_squat/A3.npz,22411.0,14007.0,1261.0,14.006746292114258,True,3.0,"[1.752455234527588,5.789031267166138,9.845003128051758]",False
user24|functional_action|deep_squat|A4,user24,test,functional_action,deep_squat,Deep Squat,A4,released,,data/trials/user24/functional_action/deep_squat/A4.npz,22343.0,13965.0,1257.0,13.964748620986938,True,3.0,"[1.7110955715179443,5.746631383895874,9.801640510559082]",False
user24|functional_action|forward_lunge|A1,user24,test,functional_action,forward_lunge,Forward Lunge,A1,released,,data/trials/user24/functional_action/forward_lunge/A1.npz,22378.0,13987.0,1259.0,13.986522436141968,True,3.0,"[1.736926555633545,5.788692474365234,9.740879535675049]",False
user24|functional_action|forward_lunge|A2,user24,test,functional_action,forward_lunge,Forward Lunge,A2,released,,data/trials/user24/functional_action/forward_lunge/A2.npz,22385.0,13991.0,1260.0,13.990762948989868,True,3.0,"[1.688032865524292,5.71924090385437,9.761573791503906]",False
user24|functional_action|forward_lunge|A3,user24,test,functional_action,forward_lunge,Forward Lunge,A3,released,,data/trials/user24/functional_action/forward_lunge/A3.npz,22330.0,13956.0,1256.0,13.956623315811155,True,3.0,"[1.6747901439666748,5.715976238250732,9.76107120513916]",False
user24|functional_action|forward_lunge|A4,user24,test,functional_action,forward_lunge,Forward Lunge,A4,released,,data/trials/user24/functional_action/forward_lunge/A4.npz,22429.0,14018.0,1262.0,14.017969131469728,True,3.0,"[1.7380290031433105,5.7882280349731445,9.73903203010559]",False
user24|functional_action|heel_raise|A1,user24,test,functional_action,heel_raise,Heel Raise,A1,released,,data/trials/user24/functional_action/heel_raise/A1.npz,22498.0,14062.0,1266.0,14.061243534088137,True,3.0,"[1.7832424640655518,5.838499307632446,9.788071393966675]",False
user24|functional_action|heel_raise|A2,user24,test,functional_action,heel_raise,Heel Raise,A2,released,,data/trials/user24/functional_action/heel_raise/A2.npz,22488.0,14055.0,1265.0,14.05486798286438,True,3.0,"[1.7544310092926025,5.794421911239624,9.845337867736816]",False
user24|functional_action|heel_raise|A3,user24,test,functional_action,heel_raise,Heel Raise,A3,released,,data/trials/user24/functional_action/heel_raise/A3.npz,22413.0,14008.0,1261.0,14.0081148147583,True,3.0,"[1.7515487670898438,5.7887938022613525,9.839735746383667]",False
user24|functional_action|heel_raise|A4,user24,test,functional_action,heel_raise,Heel Raise,A4,released,,data/trials/user24/functional_action/heel_raise/A4.npz,22333.0,13958.0,1257.0,13.957643747329712,True,3.0,"[1.7647526264190674,5.808952569961548,9.765109539031982]",False
user24|functional_action|left_lunge|A1,user24,test,functional_action,left_lunge,Left Lunge,A1,released,,data/trials/user24/functional_action/left_lunge/A1.npz,22351.0,13969.0,1258.0,13.969366788864136,True,3.0,"[1.676940679550171,5.724792718887329,9.761648654937744]",False
user24|functional_action|left_lunge|A2,user24,test,functional_action,left_lunge,Left Lunge,A2,released,,data/trials/user24/functional_action/left_lunge/A2.npz,22581.0,14113.0,1271.0,14.1130530834198,True,3.0,"[1.881788969039917,5.915428876876831,9.964205980300903]",False
user24|functional_action|left_lunge|A3,user24,test,functional_action,left_lunge,Left Lunge,A3,released,,data/trials/user24/functional_action/left_lunge/A3.npz,22479.0,14050.0,1265.0,14.049455881118774,True,3.0,"[1.892096757888794,5.934219837188721,9.887176752090454]",False
user24|functional_action|left_lunge|A4,user24,test,functional_action,left_lunge,Left Lunge,A4,released,,data/trials/user24/functional_action/left_lunge/A4.npz,22490.0,14056.0,1265.0,14.055963277816772,True,3.0,"[1.8478882312774658,5.896227121353149,9.852108240127563]",False
user24|functional_action|quiet_sit|A1,user24,test,functional_action,quiet_sit,Quiet Sit,A1,released,,data/trials/user24/functional_action/quiet_sit/A1.npz,22357.0,13973.0,1258.0,13.973175287246704,True,3.0,"[1.8496191501617432,5.89503026008606,9.852659225463867]",False
user24|functional_action|quiet_sit|A2,user24,test,functional_action,quiet_sit,Quiet Sit,A2,released,,data/trials/user24/functional_action/quiet_sit/A2.npz,22272.0,13919.0,1253.0,13.919606447219849,True,3.0,"[1.701662302017212,5.745647430419922,9.790186405181885]",False
user24|functional_action|quiet_sit|A3,user24,test,functional_action,quiet_sit,Quiet Sit,A3,released,,data/trials/user24/functional_action/quiet_sit/A3.npz,22322.0,13951.0,1256.0,13.951266765594482,True,3.0,"[1.7387094497680664,5.7843334674835205,9.824913501739502]",False
user24|functional_action|quiet_sit|A4,user24,test,functional_action,quiet_sit,Quiet Sit,A4,released,,data/trials/user24/functional_action/quiet_sit/A4.npz,22395.0,13997.0,1260.0,13.997014284133911,True,3.0,"[1.7395410537719727,5.782348155975342,9.812828063964844]",False
user24|functional_action|quiet_stand|A1,user24,test,functional_action,quiet_stand,Quiet Stand,A1,released,,data/trials/user24/functional_action/quiet_stand/A1.npz,22521.0,14076.0,1267.0,14.075947046279907,True,3.0,"[1.817544937133789,5.856271982192993,9.886198043823242]",False
user24|functional_action|quiet_stand|A2,user24,test,functional_action,quiet_stand,Quiet Stand,A2,released,,data/trials/user24/functional_action/quiet_stand/A2.npz,22490.0,14057.0,1266.0,14.056615352630615,True,3.0,"[1.776247262954712,5.829753160476685,9.864861249923706]",False
user24|functional_action|quiet_stand|A3,user24,test,functional_action,quiet_stand,Quiet Stand,A3,released,,data/trials/user24/functional_action/quiet_stand/A3.npz,22384.0,13989.0,1259.0,13.989652156829834,True,3.0,"[1.7604210376739502,5.815119981765747,9.814350128173828]",False
user24|functional_action|quiet_stand|A4,user24,test,functional_action,quiet_stand,Quiet Stand,A4,released,,data/trials/user24/functional_action/quiet_stand/A4.npz,22217.0,13885.0,1250.0,13.885456323623655,True,3.0,"[1.618779182434082,5.676578044891357,9.631964206695557]",False
user24|functional_action|single_leg_stance|A1,user24,test,functional_action,single_leg_stance,Single-leg Stance,A1,released,,data/trials/user24/functional_action/single_leg_stance/A1.npz,22417.0,14010.0,1261.0,14.01051115989685,True,3.0,"[1.6401121616363525,5.672475099563599,9.713077068328857]",False
user24|functional_action|single_leg_stance|A2,user24,test,functional_action,single_leg_stance,Single-leg Stance,A2,released,,data/trials/user24/functional_action/single_leg_stance/A2.npz,22358.0,13973.0,1258.0,13.973408460617064,True,3.0,"[1.835909366607666,5.884902477264404,9.83196234703064]",False
user24|functional_action|single_leg_stance|A3,user24,test,functional_action,single_leg_stance,Single-leg Stance,A3,released,,data/trials/user24/functional_action/single_leg_stance/A3.npz,22534.0,14084.0,1268.0,14.08381414413452,True,3.0,"[1.8759191036224365,5.907164096832275,9.87636423110962]",False
user24|functional_action|single_leg_stance|A4,user24,test,functional_action,single_leg_stance,Single-leg Stance,A4,released,,data/trials/user24/functional_action/single_leg_stance/A4.npz,22466.0,14042.0,1264.0,14.041494131088257,True,3.0,"[1.7102131843566895,5.77878212928772,9.72418212890625]",False
user24|functional_action|stair_ascent|A1,user24,test,functional_action,stair_ascent,Stair Ascent,A1,released,,data/trials/user24/functional_action/stair_ascent/A1.npz,22499.0,14062.0,1266.0,14.061538219451904,True,3.0,"[1.7258141040802002,5.770524024963379,9.723170042037964]",False
user24|functional_action|stair_ascent|A2,user24,test,functional_action,stair_ascent,Stair Ascent,A2,released,,data/trials/user24/functional_action/stair_ascent/A2.npz,22480.0,14050.0,1265.0,14.049975156784058,True,3.0,"[1.7521321773529053,5.781962156295776,9.765448093414307]",False
user24|functional_action|stair_ascent|A3,user24,test,functional_action,stair_ascent,Stair Ascent,A3,released,,data/trials/user24/functional_action/stair_ascent/A3.npz,22303.0,13939.0,1255.0,13.939148902893066,True,3.0,"[1.7453029155731201,5.773429870605469,9.827316761016846]",False
user24|functional_action|stair_ascent|A4,user24,test,functional_action,stair_ascent,Stair Ascent,A4,released,,data/trials/user24/functional_action/stair_ascent/A4.npz,22391.0,13994.0,1260.0,13.99383282661438,True,3.0,"[1.7351837158203125,5.770622730255127,9.736244678497314]",False
user24|functional_action|stand_sit_transition|A1,user24,test,functional_action,stand_sit_transition,Stand-sit transition,A1,released,,data/trials/user24/functional_action/stand_sit_transition/A1.npz,22364.0,13978.0,1258.0,13.9778254032135,True,3.0,"[1.7357394695281982,5.771218299865723,9.826154470443726]",False
user24|functional_action|stand_sit_transition|A2,user24,test,functional_action,stand_sit_transition,Stand-sit transition,A2,released,,data/trials/user24/functional_action/stand_sit_transition/A2.npz,22309.0,13943.0,1255.0,13.942930221557615,True,3.0,"[1.7446422576904297,5.793199300765991,9.739782094955444]",False
user24|functional_action|stand_sit_transition|A3,user24,test,functional_action,stand_sit_transition,Stand-sit transition,A3,released,,data/trials/user24/functional_action/stand_sit_transition/A3.npz,22315.0,13947.0,1256.0,13.946812629699709,True,3.0,"[1.7181205749511719,5.756983518600464,9.804506540298462]",False
user24|functional_action|stand_sit_transition|A4,user24,test,functional_action,stand_sit_transition,Stand-sit transition,A4,released,,data/trials/user24/functional_action/stand_sit_transition/A4.npz,22371.0,13982.0,1259.0,13.98180055618286,True,3.0,"[1.7775514125823975,5.822709560394287,9.772520542144775]",False
user24|functional_action|vertical_jump|A1,user24,test,functional_action,vertical_jump,Vertical Jump,A1,released,,data/trials/user24/functional_action/vertical_jump/A1.npz,22432.0,14020.0,1262.0,14.019949436187744,True,3.0,"[1.7455132007598877,5.791565179824829,9.839147329330444]",False
user24|functional_action|vertical_jump|A2,user24,test,functional_action,vertical_jump,Vertical Jump,A2,released,,data/trials/user24/functional_action/vertical_jump/A2.npz,22561.0,14101.0,1269.0,14.100542068481444,True,3.0,"[1.755491018295288,5.788419961929321,9.792510986328125]",False
user24|functional_action|vertical_jump|A3,user24,test,functional_action,vertical_jump,Vertical Jump,A3,released,,data/trials/user24/functional_action/vertical_jump/A3.npz,22338.0,13962.0,1257.0,13.961666822433472,True,3.0,"[1.8138086795806885,5.8465166091918945,9.892406702041626]",False
user24|functional_action|vertical_jump|A4,user24,test,functional_action,vertical_jump,Vertical Jump,A4,released,,data/trials/user24/functional_action/vertical_jump/A4.npz,22514.0,14072.0,1267.0,14.07126498222351,True,3.0,"[1.7775988578796387,5.818450689315796,9.865959644317627]",False
user24|treadmill_walking|treadmill_walking_1_kmh|A1,user24,test,treadmill_walking,treadmill_walking_1_kmh,Walk at 1 km/h,A1,released,,data/trials/user24/treadmill_walking/treadmill_walking_1_kmh/A1.npz,22339.0,13962.0,1257.0,13.96206760406494,True,3.0,"[1.7291827201843262,5.768831491470337,9.820711612701416]",False
user24|treadmill_walking|treadmill_walking_1_kmh|A2,user24,test,treadmill_walking,treadmill_walking_1_kmh,Walk at 1 km/h,A2,released,,data/trials/user24/treadmill_walking/treadmill_walking_1_kmh/A2.npz,22268.0,13918.0,1253.0,13.917641878128052,True,3.0,"[1.8201236724853516,5.8610687255859375,9.902637720108032]",False
user24|treadmill_walking|treadmill_walking_1_kmh|A3,user24,test,treadmill_walking,treadmill_walking_1_kmh,Walk at 1 km/h,A3,released,,data/trials/user24/treadmill_walking/treadmill_walking_1_kmh/A3.npz,22348.0,13968.0,1258.0,13.967658519744871,True,3.0,"[1.754415512084961,5.791343450546265,9.836225509643555]",False
user24|treadmill_walking|treadmill_walking_1_kmh|A4,user24,test,treadmill_walking,treadmill_walking_1_kmh,Walk at 1 km/h,A4,released,,data/trials/user24/treadmill_walking/treadmill_walking_1_kmh/A4.npz,22411.0,14007.0,1261.0,14.0073504447937,True,3.0,"[1.7757294178009033,5.81910252571106,9.858214378356934]",False
user24|treadmill_walking|treadmill_walking_2_kmh|A1,user24,test,treadmill_walking,treadmill_walking_2_kmh,Walk at 2 km/h,A1,released,,data/trials/user24/treadmill_walking/treadmill_walking_2_kmh/A1.npz,22384.0,13989.0,1260.0,13.989457845687866,True,3.0,"[1.7701737880706787,5.804287910461426,9.847290754318237]",False
user24|treadmill_walking|treadmill_walking_2_kmh|A2,user24,test,treadmill_walking,treadmill_walking_2_kmh,Walk at 2 km/h,A2,released,,data/trials/user24/treadmill_walking/treadmill_walking_2_kmh/A2.npz,22343.0,13964.0,1257.0,13.964437007904053,True,3.0,"[1.8026278018951416,5.854083776473999,9.80273985862732]",False
user24|treadmill_walking|treadmill_walking_2_kmh|A3,user24,test,treadmill_walking,treadmill_walking_2_kmh,Walk at 2 km/h,A3,released,,data/trials/user24/treadmill_walking/treadmill_walking_2_kmh/A3.npz,22266.0,13916.0,1253.0,13.91603708267212,True,3.0,"[1.7904210090637207,5.845227956771851,9.877018928527832]",False
user24|treadmill_walking|treadmill_walking_2_kmh|A4,user24,test,treadmill_walking,treadmill_walking_2_kmh,Walk at 2 km/h,A4,released,,data/trials/user24/treadmill_walking/treadmill_walking_2_kmh/A4.npz,22255.0,13909.0,1252.0,13.909141063690186,True,3.0,"[1.7089309692382812,5.752431154251099,9.794948101043701]",False
user24|treadmill_walking|treadmill_walking_3_kmh|A1,user24,test,treadmill_walking,treadmill_walking_3_kmh,Walk at 3 km/h,A1,released,,data/trials/user24/treadmill_walking/treadmill_walking_3_kmh/A1.npz,22396.0,13997.0,1260.0,13.997408628463743,True,3.0,"[1.6700685024261475,5.703517436981201,9.74019455909729]",False
user24|treadmill_walking|treadmill_walking_3_kmh|A2,user24,test,treadmill_walking,treadmill_walking_3_kmh,Walk at 3 km/h,A2,released,,data/trials/user24/treadmill_walking/treadmill_walking_3_kmh/A2.npz,22433.0,14021.0,1262.0,14.02086853981018,True,3.0,"[1.7670834064483643,5.798155307769775,9.84125828742981]",False
user24|treadmill_walking|treadmill_walking_3_kmh|A3,user24,test,treadmill_walking,treadmill_walking_3_kmh,Walk at 3 km/h,A3,released,,data/trials/user24/treadmill_walking/treadmill_walking_3_kmh/A3.npz,22430.0,14018.0,1262.0,14.018445014953612,True,3.0,"[1.770981788635254,5.817323923110962,9.770587921142578]",False
user24|treadmill_walking|treadmill_walking_3_kmh|A4,user24,test,treadmill_walking,treadmill_walking_3_kmh,Walk at 3 km/h,A4,released,,data/trials/user24/treadmill_walking/treadmill_walking_3_kmh/A4.npz,22263.0,13915.0,1253.0,13.914395093917848,True,3.0,"[1.7699940204620361,5.8208839893341064,9.774646043777466]",False
user24|treadmill_walking|treadmill_walking_4_kmh|A1,user24,test,treadmill_walking,treadmill_walking_4_kmh,Walk at 4 km/h,A1,released,,data/trials/user24/treadmill_walking/treadmill_walking_4_kmh/A1.npz,22387.0,13992.0,1260.0,13.99185061454773,True,3.0,"[1.8980865478515625,5.937992572784424,9.967131614685059]",False
user24|treadmill_walking|treadmill_walking_4_kmh|A2,user24,test,treadmill_walking,treadmill_walking_4_kmh,Walk at 4 km/h,A2,released,,data/trials/user24/treadmill_walking/treadmill_walking_4_kmh/A2.npz,22374.0,13984.0,1259.0,13.98375654220581,True,3.0,"[1.7848424911499023,5.841410398483276,9.781489372253418]",False
user24|treadmill_walking|treadmill_walking_4_kmh|A3,user24,test,treadmill_walking,treadmill_walking_4_kmh,Walk at 4 km/h,A3,released,,data/trials/user24/treadmill_walking/treadmill_walking_4_kmh/A3.npz,22378.0,13986.0,1259.0,13.986432075500488,True,3.0,"[1.7563838958740234,5.7861528396606445,9.831411838531494]",False
user24|treadmill_walking|treadmill_walking_4_kmh|A4,user24,test,treadmill_walking,treadmill_walking_4_kmh,Walk at 4 km/h,A4,released,,data/trials/user24/treadmill_walking/treadmill_walking_4_kmh/A4.npz,22337.0,13961.0,1257.0,13.960442066192629,True,3.0,"[1.7612791061401367,5.804638147354126,9.845036029815674]",False
user24|treadmill_walking|treadmill_walking_5_kmh|A1,user24,test,treadmill_walking,treadmill_walking_5_kmh,Walk at 5 km/h,A1,released,,data/trials/user24/treadmill_walking/treadmill_walking_5_kmh/A1.npz,22236.0,13898.0,1251.0,13.897493839263916,True,3.0,"[1.7825307846069336,5.819247722625732,9.852295875549316]",False
user24|treadmill_walking|treadmill_walking_5_kmh|A2,user24,test,treadmill_walking,treadmill_walking_5_kmh,Walk at 5 km/h,A2,released,,data/trials/user24/treadmill_walking/treadmill_walking_5_kmh/A2.npz,22279.0,13924.0,1254.0,13.924232482910156,True,3.0,"[1.7274973392486572,5.7735395431518555,9.729262351989746]",False
user24|treadmill_walking|treadmill_walking_5_kmh|A3,user24,test,treadmill_walking,treadmill_walking_5_kmh,Walk at 5 km/h,A3,released,,data/trials/user24/treadmill_walking/treadmill_walking_5_kmh/A3.npz,22402.0,14002.0,1260.0,14.001425981521606,True,3.0,"[1.7985048294067383,5.847376823425293,9.79445195198059]",False
user24|treadmill_walking|treadmill_walking_5_kmh|A4,user24,test,treadmill_walking,treadmill_walking_5_kmh,Walk at 5 km/h,A4,released,,data/trials/user24/treadmill_walking/treadmill_walking_5_kmh/A4.npz,22178.0,13861.0,1248.0,13.861149311065674,True,3.0,"[1.7255351543426514,5.773109197616577,9.809075355529785]",False
user25|functional_action|deadlift|A1,user25,test,functional_action,deadlift,Deadlift,A1,released,,data/trials/user25/functional_action/deadlift/A1.npz,22569.0,14106.0,1270.0,14.105571269989014,True,3.0,"[1.6879222393035889,5.723227262496948,9.756596326828003]",False
user25|functional_action|deadlift|A2,user25,test,functional_action,deadlift,Deadlift,A2,released,,data/trials/user25/functional_action/deadlift/A2.npz,22818.0,14260.0,1284.0,14.260711431503296,True,3.0,"[1.7462704181671143,5.790071249008179,9.828192234039307]",False
user25|functional_action|deadlift|A3,user25,test,functional_action,deadlift,Deadlift,A3,released,,data/trials/user25/functional_action/deadlift/A3.npz,22724.0,14203.0,1278.0,14.202438354492188,True,3.0,"[1.7074313163757324,5.747442245483398,9.788957357406616]",False
user25|functional_action|deadlift|A4,user25,test,functional_action,deadlift,Deadlift,A4,released,,data/trials/user25/functional_action/deadlift/A4.npz,22719.0,14200.0,1278.0,14.199370384216309,True,3.0,"[1.726607322692871,5.7550742626190186,9.7938814163208]",False
user25|functional_action|deep_squat|A1,user25,test,functional_action,deep_squat,Deep Squat,A1,released,,data/trials/user25/functional_action/deep_squat/A1.npz,22636.0,14147.0,1274.0,14.147109985351562,True,3.0,"[1.699774980545044,5.753309965133667,9.69456696510315]",False
user25|functional_action|deep_squat|A2,user25,test,functional_action,deep_squat,Deep Squat,A2,released,,data/trials/user25/functional_action/deep_squat/A2.npz,22696.0,14185.0,1277.0,14.18474006652832,True,3.0,"[1.7185618877410889,5.762351989746094,9.806079864501953]",False
user25|functional_action|deep_squat|A3,user25,test,functional_action,deep_squat,Deep Squat,A3,released,,data/trials/user25/functional_action/deep_squat/A3.npz,22693.0,14184.0,1277.0,14.183394432067873,True,3.0,"[1.6842772960662842,5.719337224960327,9.768209218978882]",False
user25|functional_action|deep_squat|A4,user25,test,functional_action,deep_squat,Deep Squat,A4,released,,data/trials/user25/functional_action/deep_squat/A4.npz,22704.0,14190.0,1278.0,14.18982481956482,True,3.0,"[1.7910776138305664,5.842617511749268,9.880622625350952]",False
user25|functional_action|forward_lunge|A1,user25,test,functional_action,forward_lunge,Forward Lunge,A1,released,,data/trials/user25/functional_action/forward_lunge/A1.npz,22725.0,14203.0,1279.0,14.202947616577148,True,3.0,"[1.7494785785675049,5.796967506408691,9.836684465408325]",False
user25|functional_action|forward_lunge|A2,user25,test,functional_action,forward_lunge,Forward Lunge,A2,released,,data/trials/user25/functional_action/forward_lunge/A2.npz,22689.0,14181.0,1277.0,14.18062138557434,True,3.0,"[1.781637191772461,5.829116344451904,9.777513265609741]",False
user25|functional_action|forward_lunge|A3,user25,test,functional_action,forward_lunge,Forward Lunge,A3,released,,data/trials/user25/functional_action/forward_lunge/A3.npz,22659.0,14162.0,1275.0,14.16160249710083,True,3.0,"[1.7515873908996582,5.792978525161743,9.828758478164673]",False
user25|functional_action|forward_lunge|A4,user25,test,functional_action,forward_lunge,Forward Lunge,A4,released,,data/trials/user25/functional_action/forward_lunge/A4.npz,22546.0,14091.0,1269.0,14.091216087341309,True,3.0,"[1.7825648784637451,5.81451678276062,9.85372281074524]",False
user25|functional_action|heel_raise|A1,user25,test,functional_action,heel_raise,Heel Raise,A1,released,,data/trials/user25/functional_action/heel_raise/A1.npz,22681.0,14175.0,1276.0,14.175727128982544,True,3.0,"[1.7400569915771484,5.7808849811553955,9.8193941116333]",False
user25|functional_action|heel_raise|A2,user25,test,functional_action,heel_raise,Heel Raise,A2,released,,data/trials/user25/functional_action/heel_raise/A2.npz,22749.0,14219.0,1280.0,14.21822428703308,True,3.0,"[1.7582991123199463,5.807877063751221,9.841979026794434]",False
user25|functional_action|heel_raise|A3,user25,test,functional_action,heel_raise,Heel Raise,A3,released,,data/trials/user25/functional_action/heel_raise/A3.npz,22633.0,14146.0,1274.0,14.145756244659424,True,3.0,"[1.7731502056121826,5.813125133514404,9.852305173873901]",False
user25|functional_action|heel_raise|A4,user25,test,functional_action,heel_raise,Heel Raise,A4,released,,data/trials/user25/functional_action/heel_raise/A4.npz,22760.0,14224.0,1281.0,14.22482180595398,True,3.0,"[1.7455155849456787,5.7735066413879395,9.815647602081299]",False
user25|functional_action|left_lunge|A1,user25,test,functional_action,left_lunge,Left Lunge,A1,released,,data/trials/user25/functional_action/left_lunge/A1.npz,22759.0,14224.0,1281.0,14.224207639694214,True,3.0,"[1.7338924407958984,5.765355587005615,9.801276445388794]",False
user25|functional_action|left_lunge|A2,user25,test,functional_action,left_lunge,Left Lunge,A2,released,,data/trials/user25/functional_action/left_lunge/A2.npz,22782.0,14239.0,1282.0,14.23904514312744,True,3.0,"[1.74281907081604,5.78200101852417,9.830916166305542]",False
user25|functional_action|left_lunge|A3,user25,test,functional_action,left_lunge,Left Lunge,A3,released,,data/trials/user25/functional_action/left_lunge/A3.npz,22729.0,14206.0,1279.0,14.205522298812866,True,3.0,"[1.7250661849975586,5.764742374420166,9.806747198104858]",False
user25|functional_action|left_lunge|A4,user25,test,functional_action,left_lunge,Left Lunge,A4,released,,data/trials/user25/functional_action/left_lunge/A4.npz,22709.0,14193.0,1278.0,14.19322419166565,True,3.0,"[1.7706961631774902,5.804082155227661,9.84597897529602]",False
user25|functional_action|quiet_sit|A1,user25,test,functional_action,quiet_sit,Quiet Sit,A1,released,,data/trials/user25/functional_action/quiet_sit/A1.npz,22600.0,14125.0,1272.0,14.124811172485352,True,3.0,"[1.678394079208374,5.7177650928497314,9.753288984298706]",False
user25|functional_action|quiet_sit|A2,user25,test,functional_action,quiet_sit,Quiet Sit,A2,released,,data/trials/user25/functional_action/quiet_sit/A2.npz,22713.0,14195.0,1278.0,14.195420265197754,True,3.0,"[1.7252070903778076,5.767697095870972,9.795965194702148]",False
user25|functional_action|quiet_sit|A3,user25,test,functional_action,quiet_sit,Quiet Sit,A3,released,,data/trials/user25/functional_action/quiet_sit/A3.npz,22588.0,14117.0,1271.0,14.116994142532349,True,3.0,"[1.7042570114135742,5.74195408821106,9.772162914276123]",False
user25|functional_action|quiet_sit|A4,user25,test,functional_action,quiet_sit,Quiet Sit,A4,released,,data/trials/user25/functional_action/quiet_sit/A4.npz,22492.0,14058.0,1266.0,14.05734086036682,True,3.0,"[1.725890874862671,5.756238698959351,9.799020767211914]",False
user25|functional_action|quiet_stand|A1,user25,test,functional_action,quiet_stand,Quiet Stand,A1,released,,data/trials/user25/functional_action/quiet_stand/A1.npz,22769.0,14230.0,1281.0,14.230305433273315,True,3.0,"[1.752577543258667,5.789961338043213,9.823473453521729]",False
user25|functional_action|quiet_stand|A2,user25,test,functional_action,quiet_stand,Quiet Stand,A2,released,,data/trials/user25/functional_action/quiet_stand/A2.npz,22768.0,14230.0,1281.0,14.2299644947052,True,3.0,"[1.8436613082885742,5.88745641708374,9.932982444763184]",False
user25|functional_action|quiet_stand|A3,user25,test,functional_action,quiet_stand,Quiet Stand,A3,released,,data/trials/user25/functional_action/quiet_stand/A3.npz,22596.0,14123.0,1272.0,14.122807502746582,True,3.0,"[1.7287724018096924,5.762432336807251,9.808648347854614]",False
user25|functional_action|quiet_stand|A4,user25,test,functional_action,quiet_stand,Quiet Stand,A4,released,,data/trials/user25/functional_action/quiet_stand/A4.npz,22644.0,14152.0,1274.0,14.152528285980225,True,3.0,"[1.779365062713623,5.81247615814209,9.853514194488525]",False
user25|functional_action|single_leg_stance|A1,user25,test,functional_action,single_leg_stance,Single-leg Stance,A1,released,,data/trials/user25/functional_action/single_leg_stance/A1.npz,22842.0,14276.0,1285.0,14.276263236999512,True,3.0,"[1.77882719039917,5.80551815032959,9.84565806388855]",False
user25|functional_action|single_leg_stance|A2,user25,test,functional_action,single_leg_stance,Single-leg Stance,A2,released,,data/trials/user25/functional_action/single_leg_stance/A2.npz,22794.0,14247.0,1283.0,14.246296644210815,True,3.0,"[1.726597547531128,5.751736640930176,9.794376611709595]",False
user25|functional_action|single_leg_stance|A3,user25,test,functional_action,single_leg_stance,Single-leg Stance,A3,released,,data/trials/user25/functional_action/single_leg_stance/A3.npz,22707.0,14192.0,1278.0,14.191763162612917,True,3.0,"[1.8018300533294678,5.838396072387695,9.88786792755127]",False
user25|functional_action|single_leg_stance|A4,user25,test,functional_action,single_leg_stance,Single-leg Stance,A4,released,,data/trials/user25/functional_action/single_leg_stance/A4.npz,22717.0,14199.0,1278.0,14.198407888412476,True,3.0,"[1.7282629013061523,5.758686780929565,9.798183917999268]",False
user25|functional_action|stair_ascent|A1,user25,test,functional_action,stair_ascent,Stair Ascent,A1,released,,data/trials/user25/functional_action/stair_ascent/A1.npz,22680.0,14175.0,1276.0,14.175132274627686,True,3.0,"[1.7206699848175049,5.7760090827941895,9.720323085784912]",False
user25|functional_action|stair_ascent|A2,user25,test,functional_action,stair_ascent,Stair Ascent,A2,released,,data/trials/user25/functional_action/stair_ascent/A2.npz,22625.0,14141.0,1273.0,14.140517473220823,True,3.0,"[1.6749532222747803,5.713568210601807,9.762585401535034]",False
user25|functional_action|stair_ascent|A3,user25,test,functional_action,stair_ascent,Stair Ascent,A3,released,,data/trials/user25/functional_action/stair_ascent/A3.npz,22634.0,14146.0,1273.0,14.145938396453856,True,3.0,"[1.6936662197113037,5.726999282836914,9.772530317306519]",False
user25|functional_action|stair_ascent|A4,user25,test,functional_action,stair_ascent,Stair Ascent,A4,released,,data/trials/user25/functional_action/stair_ascent/A4.npz,22644.0,14152.0,1274.0,14.15205979347229,True,3.0,"[1.6809766292572021,5.733072757720947,9.772903680801392]",False
user25|functional_action|stand_sit_transition|A1,user25,test,functional_action,stand_sit_transition,Stand-sit transition,A1,released,,data/trials/user25/functional_action/stand_sit_transition/A1.npz,22602.0,14126.0,1272.0,14.12629246711731,True,3.0,"[1.7556064128875732,5.791456460952759,9.782367467880249]",False
user25|functional_action|stand_sit_transition|A2,user25,test,functional_action,stand_sit_transition,Stand-sit transition,A2,released,,data/trials/user25/functional_action/stand_sit_transition/A2.npz,22624.0,14140.0,1273.0,14.139996767044067,True,3.0,"[1.742621660232544,5.791735649108887,9.83439564704895]",False
user25|functional_action|stand_sit_transition|A3,user25,test,functional_action,stand_sit_transition,Stand-sit transition,A3,released,,data/trials/user25/functional_action/stand_sit_transition/A3.npz,22626.0,14141.0,1273.0,14.140732526779177,True,3.0,"[1.735710620880127,5.773195505142212,9.81624960899353]",False
user25|functional_action|stand_sit_transition|A4,user25,test,functional_action,stand_sit_transition,Stand-sit transition,A4,released,,data/trials/user25/functional_action/stand_sit_transition/A4.npz,22561.0,14101.0,1270.0,14.100611448287964,True,3.0,"[1.7248804569244385,5.757164478302002,9.793421506881714]",False
user25|functional_action|vertical_jump|A1,user25,test,functional_action,vertical_jump,Vertical Jump,A1,released,,data/trials/user25/functional_action/vertical_jump/A1.npz,22492.0,14058.0,1266.0,14.057749032974243,True,3.0,"[1.63450288772583,5.71907377243042,9.658505916595459]",False
user25|functional_action|vertical_jump|A2,user25,test,functional_action,vertical_jump,Vertical Jump,A2,released,,data/trials/user25/functional_action/vertical_jump/A2.npz,21709.0,13567.0,1221.0,13.567943096160889,True,3.0,"[1.715242862701416,5.758863925933838,9.797484874725342]",False
user25|functional_action|vertical_jump|A3,user25,test,functional_action,vertical_jump,Vertical Jump,A3,released,,data/trials/user25/functional_action/vertical_jump/A3.npz,22845.0,14278.0,1285.0,14.27800226211548,True,3.0,"[1.777712106704712,5.807263135910034,9.847045183181763]",False
user25|functional_action|vertical_jump|A4,user25,test,functional_action,vertical_jump,Vertical Jump,A4,released,,data/trials/user25/functional_action/vertical_jump/A4.npz,22730.0,14206.0,1279.0,14.206049919128418,True,3.0,"[1.7048799991607666,5.732390880584717,9.7670419216156]",False
user25|treadmill_walking|treadmill_walking_1_kmh|A1,user25,test,treadmill_walking,treadmill_walking_1_kmh,Walk at 1 km/h,A1,released,,data/trials/user25/treadmill_walking/treadmill_walking_1_kmh/A1.npz,22750.0,14218.0,1280.0,14.218533039093018,True,3.0,"[1.755645990371704,5.804011821746826,9.842381000518799]",False
user25|treadmill_walking|treadmill_walking_1_kmh|A2,user25,test,treadmill_walking,treadmill_walking_1_kmh,Walk at 1 km/h,A2,released,,data/trials/user25/treadmill_walking/treadmill_walking_1_kmh/A2.npz,22544.0,14090.0,1269.0,14.090360879898071,True,3.0,"[1.6874547004699707,5.7252726554870605,9.766357660293579]",False
user25|treadmill_walking|treadmill_walking_1_kmh|A3,user25,test,treadmill_walking,treadmill_walking_1_kmh,Walk at 1 km/h,A3,released,,data/trials/user25/treadmill_walking/treadmill_walking_1_kmh/A3.npz,22588.0,14118.0,1271.0,14.117799520492554,True,3.0,"[1.7062444686889648,5.742356300354004,9.781328439712524]",False
user25|treadmill_walking|treadmill_walking_1_kmh|A4,user25,test,treadmill_walking,treadmill_walking_1_kmh,Walk at 1 km/h,A4,released,,data/trials/user25/treadmill_walking/treadmill_walking_1_kmh/A4.npz,22629.0,14143.0,1273.0,14.143029928207396,True,3.0,"[1.7011528015136719,5.750249862670898,9.78653883934021]",False
user25|treadmill_walking|treadmill_walking_2_kmh|A1,user25,test,treadmill_walking,treadmill_walking_2_kmh,Walk at 2 km/h,A1,released,,data/trials/user25/treadmill_walking/treadmill_walking_2_kmh/A1.npz,21993.0,13746.0,1237.0,13.745546102523804,True,3.0,"[1.5553679466247559,5.589060068130493,9.62975001335144]",False
user25|treadmill_walking|treadmill_walking_2_kmh|A2,user25,test,treadmill_walking,treadmill_walking_2_kmh,Walk at 2 km/h,A2,released,,data/trials/user25/treadmill_walking/treadmill_walking_2_kmh/A2.npz,22654.0,14159.0,1275.0,14.158571243286133,True,3.0,"[1.74369215965271,5.775112152099609,9.817791223526001]",False
user25|treadmill_walking|treadmill_walking_2_kmh|A3,user25,test,treadmill_walking,treadmill_walking_2_kmh,Walk at 2 km/h,A3,released,,data/trials/user25/treadmill_walking/treadmill_walking_2_kmh/A3.npz,22526.0,14079.0,1268.0,14.078865766525269,True,3.0,"[1.7219266891479492,5.752802610397339,9.790310621261597]",False
user25|treadmill_walking|treadmill_walking_2_kmh|A4,user25,test,treadmill_walking,treadmill_walking_2_kmh,Walk at 2 km/h,A4,released,,data/trials/user25/treadmill_walking/treadmill_walking_2_kmh/A4.npz,22674.0,14171.0,1276.0,14.171340942382812,True,3.0,"[1.7650108337402344,5.804614782333374,9.8451828956604]",False
user25|treadmill_walking|treadmill_walking_3_kmh|A1,user25,test,treadmill_walking,treadmill_walking_3_kmh,Walk at 3 km/h,A1,released,,data/trials/user25/treadmill_walking/treadmill_walking_3_kmh/A1.npz,22596.0,14123.0,1271.0,14.122392654418944,True,3.0,"[1.7445406913757324,5.77942156791687,9.835811614990234]",False
user25|treadmill_walking|treadmill_walking_3_kmh|A2,user25,test,treadmill_walking,treadmill_walking_3_kmh,Walk at 3 km/h,A2,released,,data/trials/user25/treadmill_walking/treadmill_walking_3_kmh/A2.npz,22630.0,14144.0,1273.0,14.143869161605837,True,3.0,"[1.7306621074676514,5.773864269256592,9.816879272460938]",False
user25|treadmill_walking|treadmill_walking_3_kmh|A3,user25,test,treadmill_walking,treadmill_walking_3_kmh,Walk at 3 km/h,A3,released,,data/trials/user25/treadmill_walking/treadmill_walking_3_kmh/A3.npz,22570.0,14107.0,1270.0,14.10648488998413,True,3.0,"[2.3316237926483154,6.37071681022644,10.41404676437378]",False
user25|treadmill_walking|treadmill_walking_3_kmh|A4,user25,test,treadmill_walking,treadmill_walking_3_kmh,Walk at 3 km/h,A4,released,,data/trials/user25/treadmill_walking/treadmill_walking_3_kmh/A4.npz,20586.0,12866.0,1158.0,12.865833044052124,True,3.0,"[0.7015018463134766,4.740108013153076,8.781195878982544]",False
user25|treadmill_walking|treadmill_walking_4_kmh|A1,user25,test,treadmill_walking,treadmill_walking_4_kmh,Walk at 4 km/h,A1,released,,data/trials/user25/treadmill_walking/treadmill_walking_4_kmh/A1.npz,22623.0,14140.0,1273.0,14.13927435874939,True,3.0,"[1.8078923225402832,5.837100267410278,9.868613243103027]",False
user25|treadmill_walking|treadmill_walking_4_kmh|A2,user25,test,treadmill_walking,treadmill_walking_4_kmh,Walk at 4 km/h,A2,released,,data/trials/user25/treadmill_walking/treadmill_walking_4_kmh/A2.npz,22773.0,14233.0,1281.0,14.233164310455322,True,3.0,"[1.757681131362915,5.7837982177734375,9.821815252304077]",False
user25|treadmill_walking|treadmill_walking_4_kmh|A3,user25,test,treadmill_walking,treadmill_walking_4_kmh,Walk at 4 km/h,A3,released,,data/trials/user25/treadmill_walking/treadmill_walking_4_kmh/A3.npz,22542.0,14089.0,1268.0,14.08873701095581,True,3.0,"[1.839082956314087,5.8788158893585205,9.915096044540405]",False
user25|treadmill_walking|treadmill_walking_4_kmh|A4,user25,test,treadmill_walking,treadmill_walking_4_kmh,Walk at 4 km/h,A4,released,,data/trials/user25/treadmill_walking/treadmill_walking_4_kmh/A4.npz,22519.0,14074.0,1267.0,14.073915243148804,True,3.0,"[1.942399024963379,5.979807138442993,10.01118516921997]",False
user25|treadmill_walking|treadmill_walking_5_kmh|A1,user25,test,treadmill_walking,treadmill_walking_5_kmh,Walk at 5 km/h,A1,released,,data/trials/user25/treadmill_walking/treadmill_walking_5_kmh/A1.npz,22607.0,14130.0,1272.0,14.129477739334106,True,3.0,"[1.740135669708252,5.780980587005615,9.816746711730957]",False
user25|treadmill_walking|treadmill_walking_5_kmh|A2,user25,test,treadmill_walking,treadmill_walking_5_kmh,Walk at 5 km/h,A2,released,,data/trials/user25/treadmill_walking/treadmill_walking_5_kmh/A2.npz,22577.0,14110.0,1270.0,14.110575914382936,True,3.0,"[1.731536626815796,5.763760805130005,9.804113626480103]",False
user25|treadmill_walking|treadmill_walking_5_kmh|A3,user25,test,treadmill_walking,treadmill_walking_5_kmh,Walk at 5 km/h,A3,released,,data/trials/user25/treadmill_walking/treadmill_walking_5_kmh/A3.npz,22623.0,14139.0,1273.0,14.139203548431396,True,3.0,"[1.8456554412841797,5.893101453781128,9.930184364318848]",False
user25|treadmill_walking|treadmill_walking_5_kmh|A4,user25,test,treadmill_walking,treadmill_walking_5_kmh,Walk at 5 km/h,A4,released,,data/trials/user25/treadmill_walking/treadmill_walking_5_kmh/A4.npz,21729.0,13580.0,1223.0,13.580242156982422,True,3.0,"[1.2709159851074219,5.3031980991363525,9.35302996635437]",False
user26|functional_action|deadlift|A1,user26,test,functional_action,deadlift,Deadlift,A1,released,,data/trials/user26/functional_action/deadlift/A1.npz,23115.0,14447.0,1301.0,14.44649863243103,True,3.0,"[1.7985296249389648,5.849092721939087,9.881460666656494]",False
user26|functional_action|deadlift|A2,user26,test,functional_action,deadlift,Deadlift,A2,released,,data/trials/user26/functional_action/deadlift/A2.npz,23085.0,14428.0,1299.0,14.428094863891602,True,3.0,"[1.7553927898406982,5.7943806648254395,9.847618818283081]",False
user26|functional_action|deadlift|A3,user26,test,functional_action,deadlift,Deadlift,A3,released,,data/trials/user26/functional_action/deadlift/A3.npz,22826.0,14266.0,1284.0,14.265949010849,True,3.0,"[1.6988630294799805,5.734200954437256,9.775194883346558]",False
user26|functional_action|deadlift|A4,user26,test,functional_action,deadlift,Deadlift,A4,released,,data/trials/user26/functional_action/deadlift/A4.npz,23123.0,14452.0,1301.0,14.451608896255491,True,3.0,"[1.7075307369232178,5.756318807601929,9.790527582168579]",False
user26|functional_action|deep_squat|A1,user26,test,functional_action,deep_squat,Deep Squat,A1,released,,data/trials/user26/functional_action/deep_squat/A1.npz,23032.0,14394.0,1296.0,14.394536972045898,True,3.0,"[1.692734718322754,5.723420858383179,9.776816844940186]",False
user26|functional_action|deep_squat|A2,user26,test,functional_action,deep_squat,Deep Squat,A2,released,,data/trials/user26/functional_action/deep_squat/A2.npz,23027.0,14391.0,1296.0,14.3915536403656,True,3.0,"[1.7131524085998535,5.742227554321289,9.783007383346558]",False
user26|functional_action|deep_squat|A3,user26,test,functional_action,deep_squat,Deep Squat,A3,released,,data/trials/user26/functional_action/deep_squat/A3.npz,23046.0,14403.0,1297.0,14.403313875198364,True,3.0,"[1.6330885887145996,5.680083751678467,9.719736576080322]",False
user26|functional_action|deep_squat|A4,user26,test,functional_action,deep_squat,Deep Squat,A4,released,,data/trials/user26/functional_action/deep_squat/A4.npz,22973.0,14358.0,1293.0,14.358339548110962,True,3.0,"[1.7436254024505615,5.779639482498169,9.82105040550232]",False
user26|functional_action|forward_lunge|A1,user26,test,functional_action,forward_lunge,Forward Lunge,A1,released,,data/trials/user26/functional_action/forward_lunge/A1.npz,23015.0,14384.0,1295.0,14.384351015090942,True,3.0,"[1.7275078296661377,5.7655088901519775,9.811598777770996]",False
user26|functional_action|forward_lunge|A2,user26,test,functional_action,forward_lunge,Forward Lunge,A2,released,,data/trials/user26/functional_action/forward_lunge/A2.npz,23127.0,14454.0,1301.0,14.454167604446411,True,3.0,"[1.7519714832305908,5.790328502655029,9.841290473937988]",False
user26|functional_action|forward_lunge|A3,user26,test,functional_action,forward_lunge,Forward Lunge,A3,released,,data/trials/user26/functional_action/forward_lunge/A3.npz,23067.0,14417.0,1298.0,14.416934967041016,True,3.0,"[1.8117330074310303,5.852118015289307,9.8994300365448]",False
user26|functional_action|forward_lunge|A4,user26,test,functional_action,forward_lunge,Forward Lunge,A4,released,,data/trials/user26/functional_action/forward_lunge/A4.npz,23127.0,14454.0,1301.0,14.454131603240969,True,3.0,"[1.7264153957366943,5.757531404495239,9.79125452041626]",False
user26|functional_action|heel_raise|A1,user26,test,functional_action,heel_raise,Heel Raise,A1,released,,data/trials/user26/functional_action/heel_raise/A1.npz,23149.0,14468.0,1303.0,14.468469619750977,True,3.0,"[1.7190124988555908,5.760212659835815,9.809799671173096]",False
user26|functional_action|heel_raise|A2,user26,test,functional_action,heel_raise,Heel Raise,A2,released,,data/trials/user26/functional_action/heel_raise/A2.npz,23100.0,14438.0,1300.0,14.43794846534729,True,3.0,"[1.7049274444580078,5.742738246917725,9.781376361846924]",False
user26|functional_action|heel_raise|A3,user26,test,functional_action,heel_raise,Heel Raise,A3,released,,data/trials/user26/functional_action/heel_raise/A3.npz,23355.0,14597.0,1314.0,14.597251892089844,True,3.0,"[1.7025959491729736,5.729639768600464,9.769475936889648]",False
user26|functional_action|heel_raise|A4,user26,test,functional_action,heel_raise,Heel Raise,A4,released,,data/trials/user26/functional_action/heel_raise/A4.npz,23198.0,14498.0,1305.0,14.498615503311155,True,3.0,"[1.7225613594055176,5.74688720703125,9.790966272354126]",False
user26|functional_action|left_lunge|A1,user26,test,functional_action,left_lunge,Left Lunge,A1,released,,data/trials/user26/functional_action/left_lunge/A1.npz,23199.0,14499.0,1305.0,14.49927258491516,True,3.0,"[1.750786542892456,5.7784504890441895,9.814700365066528]",False
user26|functional_action|left_lunge|A2,user26,test,functional_action,left_lunge,Left Lunge,A2,released,,data/trials/user26/functional_action/left_lunge/A2.npz,23102.0,14439.0,1300.0,14.43873119354248,True,3.0,"[1.6936640739440918,5.731029987335205,9.775659084320068]",False
user26|functional_action|left_lunge|A3,user26,test,functional_action,left_lunge,Left Lunge,A3,released,,data/trials/user26/functional_action/left_lunge/A3.npz,23014.0,14383.0,1295.0,14.38358736038208,True,3.0,"[1.7857182025909424,5.831352233886719,9.783391237258911]",False
user26|functional_action|left_lunge|A4,user26,test,functional_action,left_lunge,Left Lunge,A4,released,,data/trials/user26/functional_action/left_lunge/A4.npz,23188.0,14492.0,1305.0,14.492171049118042,True,3.0,"[1.7610619068145752,5.826856851577759,9.768380880355835]",False
user26|functional_action|quiet_sit|A1,user26,test,functional_action,quiet_sit,Quiet Sit,A1,released,,data/trials/user26/functional_action/quiet_sit/A1.npz,23106.0,14441.0,1300.0,14.441076040267944,True,3.0,"[1.8301489353179932,5.860626935958862,9.905937910079956]",False
user26|functional_action|quiet_sit|A2,user26,test,functional_action,quiet_sit,Quiet Sit,A2,released,,data/trials/user26/functional_action/quiet_sit/A2.npz,23190.0,14494.0,1305.0,14.493813514709473,True,3.0,"[1.7621142864227295,5.807551383972168,9.853960275650024]",False
user26|functional_action|quiet_sit|A3,user26,test,functional_action,quiet_sit,Quiet Sit,A3,released,,data/trials/user26/functional_action/quiet_sit/A3.npz,23005.0,14378.0,1294.0,14.378015041351318,True,3.0,"[1.6574769020080566,5.697455883026123,9.736748933792114]",False
user26|functional_action|quiet_sit|A4,user26,test,functional_action,quiet_sit,Quiet Sit,A4,released,,data/trials/user26/functional_action/quiet_sit/A4.npz,23086.0,14429.0,1299.0,14.429107189178469,True,3.0,"[1.6360211372375488,5.681755304336548,9.718232154846191]",False
user26|functional_action|quiet_stand|A1,user26,test,functional_action,quiet_stand,Quiet Stand,A1,released,,data/trials/user26/functional_action/quiet_stand/A1.npz,22993.0,14370.0,1294.0,14.370509386062622,True,3.0,"[1.6938683986663818,5.7173073291778564,9.757845401763916]",False
user26|functional_action|quiet_stand|A2,user26,test,functional_action,quiet_stand,Quiet Stand,A2,released,,data/trials/user26/functional_action/quiet_stand/A2.npz,23203.0,14502.0,1305.0,14.501336812973022,True,3.0,"[1.7575347423553467,5.790787696838379,9.831102848052979]",False
user26|functional_action|quiet_stand|A3,user26,test,functional_action,quiet_stand,Quiet Stand,A3,released,,data/trials/user26/functional_action/quiet_stand/A3.npz,23021.0,14388.0,1295.0,14.387925148010254,True,3.0,"[1.7541451454162598,5.7969090938568115,9.83258605003357]",False
user26|functional_action|quiet_stand|A4,user26,test,functional_action,quiet_stand,Quiet Stand,A4,released,,data/trials/user26/functional_action/quiet_stand/A4.npz,23072.0,14420.0,1298.0,14.420160293579102,True,3.0,"[1.6783840656280518,5.722826242446899,9.753433227539062]",False
user26|functional_action|single_leg_stance|A1,user26,test,functional_action,single_leg_stance,Single-leg Stance,A1,released,,data/trials/user26/functional_action/single_leg_stance/A1.npz,23000.0,14375.0,1294.0,14.374734163284302,True,3.0,"[1.671260118484497,5.7088892459869385,9.751439094543457]",False
user26|functional_action|single_leg_stance|A2,user26,test,functional_action,single_leg_stance,Single-leg Stance,A2,released,,data/trials/user26/functional_action/single_leg_stance/A2.npz,23188.0,14492.0,1305.0,14.492228031158447,True,3.0,"[1.7235679626464844,5.746608018875122,9.787888050079346]",False
user26|functional_action|single_leg_stance|A3,user26,test,functional_action,single_leg_stance,Single-leg Stance,A3,released,,data/trials/user26/functional_action/single_leg_stance/A3.npz,23030.0,14394.0,1296.0,14.393865585327148,True,3.0,"[1.7377445697784424,5.7852654457092285,9.75585150718689]",False
user26|functional_action|single_leg_stance|A4,user26,test,functional_action,single_leg_stance,Single-leg Stance,A4,released,,data/trials/user26/functional_action/single_leg_stance/A4.npz,23070.0,14418.0,1298.0,14.418692827224731,True,3.0,"[1.7775256633758545,5.805372714996338,9.855095624923706]",False
user26|functional_action|stair_ascent|A1,user26,test,functional_action,stair_ascent,Stair Ascent,A1,released,,data/trials/user26/functional_action/stair_ascent/A1.npz,23063.0,14415.0,1298.0,14.414188861846924,True,3.0,"[1.7085797786712646,5.784798860549927,9.727491855621338]",False
user26|functional_action|stair_ascent|A2,user26,test,functional_action,stair_ascent,Stair Ascent,A2,released,,data/trials/user26/functional_action/stair_ascent/A2.npz,23120.0,14450.0,1301.0,14.449743032455444,True,3.0,"[1.7515819072723389,5.8105809688568115,9.765658855438232]",False
user26|functional_action|stair_ascent|A3,user26,test,functional_action,stair_ascent,Stair Ascent,A3,released,,data/trials/user26/functional_action/stair_ascent/A3.npz,23108.0,14442.0,1300.0,14.442296743392944,True,3.0,"[1.738588571548462,5.778347730636597,9.7333345413208]",False
user26|functional_action|stair_ascent|A4,user26,test,functional_action,stair_ascent,Stair Ascent,A4,released,,data/trials/user26/functional_action/stair_ascent/A4.npz,23020.0,14388.0,1295.0,14.38786506652832,True,3.0,"[1.752565860748291,5.804994821548462,9.76164197921753]",False
user26|functional_action|stand_sit_transition|A1,user26,test,functional_action,stand_sit_transition,Stand-sit transition,A1,released,,data/trials/user26/functional_action/stand_sit_transition/A1.npz,23272.0,14544.0,1309.0,14.544793605804443,True,3.0,"[1.838789463043213,5.876435279846191,9.914364337921143]",False
user26|functional_action|stand_sit_transition|A2,user26,test,functional_action,stand_sit_transition,Stand-sit transition,A2,released,,data/trials/user26/functional_action/stand_sit_transition/A2.npz,23216.0,14510.0,1306.0,14.509879112243652,True,3.0,"[1.6397979259490967,5.680665016174316,9.724169969558716]",False
user26|functional_action|stand_sit_transition|A3,user26,test,functional_action,stand_sit_transition,Stand-sit transition,A3,released,,data/trials/user26/functional_action/stand_sit_transition/A3.npz,23312.0,14570.0,1312.0,14.570308446884155,True,3.0,"[1.7609663009643555,5.792860269546509,9.832240343093872]",False
user26|functional_action|stand_sit_transition|A4,user26,test,functional_action,stand_sit_transition,Stand-sit transition,A4,released,,data/trials/user26/functional_action/stand_sit_transition/A4.npz,23152.0,14470.0,1303.0,14.46966290473938,True,3.0,"[1.7302937507629395,5.76489782333374,9.809670686721802]",False
user26|functional_action|vertical_jump|A1,user26,test,functional_action,vertical_jump,Vertical Jump,A1,released,,data/trials/user26/functional_action/vertical_jump/A1.npz,23186.0,14492.0,1305.0,14.491101741790771,True,3.0,"[1.7634377479553223,5.804044723510742,9.78745985031128]",False
user26|functional_action|vertical_jump|A2,user26,test,functional_action,vertical_jump,Vertical Jump,A2,released,,data/trials/user26/functional_action/vertical_jump/A2.npz,23075.0,14423.0,1298.0,14.422215938568115,True,3.0,"[1.7186408042907715,5.74925684928894,9.789320707321167]",False
user26|functional_action|vertical_jump|A3,user26,test,functional_action,vertical_jump,Vertical Jump,A3,released,,data/trials/user26/functional_action/vertical_jump/A3.npz,23065.0,14416.0,1298.0,14.415782928466797,True,3.0,"[1.7522459030151367,5.815677881240845,9.760079860687256]",False
user26|functional_action|vertical_jump|A4,user26,test,functional_action,vertical_jump,Vertical Jump,A4,released,,data/trials/user26/functional_action/vertical_jump/A4.npz,23073.0,14421.0,1298.0,14.420682907104492,True,3.0,"[1.7594177722930908,5.7854509353637695,9.838028907775879]",False
user26|treadmill_walking|treadmill_walking_1_kmh|A1,user26,test,treadmill_walking,treadmill_walking_1_kmh,Walk at 1 km/h,A1,released,,data/trials/user26/treadmill_walking/treadmill_walking_1_kmh/A1.npz,22994.0,14372.0,1294.0,14.3714759349823,True,3.0,"[1.6446638107299805,5.67709493637085,9.716858863830566]",False
user26|treadmill_walking|treadmill_walking_1_kmh|A2,user26,test,treadmill_walking,treadmill_walking_1_kmh,Walk at 1 km/h,A2,released,,data/trials/user26/treadmill_walking/treadmill_walking_1_kmh/A2.npz,23032.0,14396.0,1296.0,14.395122051239014,True,3.0,"[1.721890926361084,5.792212963104248,9.733752012252808]",False
user26|treadmill_walking|treadmill_walking_1_kmh|A3,user26,test,treadmill_walking,treadmill_walking_1_kmh,Walk at 1 km/h,A3,released,,data/trials/user26/treadmill_walking/treadmill_walking_1_kmh/A3.npz,23025.0,14391.0,1296.0,14.391185522079468,True,3.0,"[1.7674944400787354,5.798769474029541,9.836596488952637]",False
user26|treadmill_walking|treadmill_walking_1_kmh|A4,user26,test,treadmill_walking,treadmill_walking_1_kmh,Walk at 1 km/h,A4,released,,data/trials/user26/treadmill_walking/treadmill_walking_1_kmh/A4.npz,23000.0,14375.0,1294.0,14.374870777130129,True,3.0,"[1.733290672302246,5.770915746688843,9.804687738418579]",False
user26|treadmill_walking|treadmill_walking_2_kmh|A1,user26,test,treadmill_walking,treadmill_walking_2_kmh,Walk at 2 km/h,A1,released,,data/trials/user26/treadmill_walking/treadmill_walking_2_kmh/A1.npz,23090.0,14431.0,1299.0,14.430869340896606,True,3.0,"[1.7337532043457031,5.786667346954346,9.736100196838379]",False
user26|treadmill_walking|treadmill_walking_2_kmh|A2,user26,test,treadmill_walking,treadmill_walking_2_kmh,Walk at 2 km/h,A2,released,,data/trials/user26/treadmill_walking/treadmill_walking_2_kmh/A2.npz,23056.0,14410.0,1297.0,14.409808874130247,True,3.0,"[1.9326896667480469,5.963973760604858,10.00515866279602]",False
user26|treadmill_walking|treadmill_walking_2_kmh|A3,user26,test,treadmill_walking,treadmill_walking_2_kmh,Walk at 2 km/h,A3,released,,data/trials/user26/treadmill_walking/treadmill_walking_2_kmh/A3.npz,22941.0,14338.0,1291.0,14.338517904281616,True,3.0,"[1.650768756866455,5.686334609985352,9.652398586273193]",False
user26|treadmill_walking|treadmill_walking_2_kmh|A4,user26,test,treadmill_walking,treadmill_walking_2_kmh,Walk at 2 km/h,A4,released,,data/trials/user26/treadmill_walking/treadmill_walking_2_kmh/A4.npz,23022.0,14389.0,1295.0,14.388914346694946,True,3.0,"[1.719588279724121,5.7517921924591064,9.793865203857422]",False
user26|treadmill_walking|treadmill_walking_3_kmh|A1,user26,test,treadmill_walking,treadmill_walking_3_kmh,Walk at 3 km/h,A1,released,,data/trials/user26/treadmill_walking/treadmill_walking_3_kmh/A1.npz,23048.0,14405.0,1297.0,14.405065774917604,True,3.0,"[1.7548105716705322,5.792161703109741,9.830515623092651]",False
user26|treadmill_walking|treadmill_walking_3_kmh|A2,user26,test,treadmill_walking,treadmill_walking_3_kmh,Walk at 3 km/h,A2,released,,data/trials/user26/treadmill_walking/treadmill_walking_3_kmh/A2.npz,23133.0,14458.0,1302.0,14.457968711853027,True,3.0,"[1.7404954433441162,5.782501459121704,9.814809560775757]",False
user26|treadmill_walking|treadmill_walking_3_kmh|A3,user26,test,treadmill_walking,treadmill_walking_3_kmh,Walk at 3 km/h,A3,released,,data/trials/user26/treadmill_walking/treadmill_walking_3_kmh/A3.npz,23040.0,14400.0,1296.0,14.399905920028688,True,3.0,"[1.7273459434509277,5.773977756500244,9.806610822677612]",False
user26|treadmill_walking|treadmill_walking_3_kmh|A4,user26,test,treadmill_walking,treadmill_walking_3_kmh,Walk at 3 km/h,A4,released,,data/trials/user26/treadmill_walking/treadmill_walking_3_kmh/A4.npz,22991.0,14370.0,1294.0,14.36977767944336,True,3.0,"[1.6624805927276611,5.698428392410278,9.741270542144775]",False
user26|treadmill_walking|treadmill_walking_4_kmh|A1,user26,test,treadmill_walking,treadmill_walking_4_kmh,Walk at 4 km/h,A1,released,,data/trials/user26/treadmill_walking/treadmill_walking_4_kmh/A1.npz,22977.0,14361.0,1293.0,14.360709190368652,True,3.0,"[1.7184419631958008,5.76137113571167,9.795704126358032]",False
user26|treadmill_walking|treadmill_walking_4_kmh|A2,user26,test,treadmill_walking,treadmill_walking_4_kmh,Walk at 4 km/h,A2,released,,data/trials/user26/treadmill_walking/treadmill_walking_4_kmh/A2.npz,23186.0,14491.0,1305.0,14.490887641906738,True,3.0,"[1.7576215267181396,5.79814338684082,9.837900400161743]",False
user26|treadmill_walking|treadmill_walking_4_kmh|A3,user26,test,treadmill_walking,treadmill_walking_4_kmh,Walk at 4 km/h,A3,released,,data/trials/user26/treadmill_walking/treadmill_walking_4_kmh/A3.npz,23223.0,14515.0,1307.0,14.514656782150269,True,3.0,"[1.9380197525024414,5.96907377243042,10.00751280784607]",False
user26|treadmill_walking|treadmill_walking_4_kmh|A4,user26,test,treadmill_walking,treadmill_walking_4_kmh,Walk at 4 km/h,A4,released,,data/trials/user26/treadmill_walking/treadmill_walking_4_kmh/A4.npz,22895.0,14309.0,1288.0,14.309486389160156,True,3.0,"[1.8999912738800049,5.93578028678894,9.978424310684204]",False
user26|treadmill_walking|treadmill_walking_5_kmh|A1,user26,test,treadmill_walking,treadmill_walking_5_kmh,Walk at 5 km/h,A1,released,,data/trials/user26/treadmill_walking/treadmill_walking_5_kmh/A1.npz,23172.0,14482.0,1304.0,14.482572555541992,True,3.0,"[1.7536473274230957,5.785949468612671,9.831671476364136]",False
user26|treadmill_walking|treadmill_walking_5_kmh|A2,user26,test,treadmill_walking,treadmill_walking_5_kmh,Walk at 5 km/h,A2,released,,data/trials/user26/treadmill_walking/treadmill_walking_5_kmh/A2.npz,23048.0,14405.0,1297.0,14.404883623123167,True,3.0,"[1.7411625385284424,5.781634330749512,9.81605052947998]",False
user26|treadmill_walking|treadmill_walking_5_kmh|A3,user26,test,treadmill_walking,treadmill_walking_5_kmh,Walk at 5 km/h,A3,released,,data/trials/user26/treadmill_walking/treadmill_walking_5_kmh/A3.npz,23117.0,14448.0,1301.0,14.448201179504396,True,3.0,"[1.7701151371002197,5.803242206573486,9.852862119674683]",False
user26|treadmill_walking|treadmill_walking_5_kmh|A4,user26,test,treadmill_walking,treadmill_walking_5_kmh,Walk at 5 km/h,A4,released,,data/trials/user26/treadmill_walking/treadmill_walking_5_kmh/A4.npz,23020.0,14388.0,1295.0,14.387573719024658,True,3.0,"[1.7027294635772705,5.7479026317596436,9.794406652450562]",False
user27|functional_action|deadlift|A1,user27,test,functional_action,deadlift,Deadlift,A1,released,,data/trials/user27/functional_action/deadlift/A1.npz,22533.0,14083.0,1268.0,14.083387613296509,True,3.0,"[1.9486184120178223,5.988736391067505,9.94909930229187]",False
user27|functional_action|deadlift|A2,user27,test,functional_action,deadlift,Deadlift,A2,released,,data/trials/user27/functional_action/deadlift/A2.npz,22407.0,14004.0,1261.0,14.004252195358276,True,3.0,"[1.704185962677002,5.750217914581299,9.698374032974243]",False
user27|functional_action|deadlift|A3,user27,test,functional_action,deadlift,Deadlift,A3,released,,data/trials/user27/functional_action/deadlift/A3.npz,22613.0,14133.0,1272.0,14.133169412612917,True,3.0,"[1.7882773876190186,5.830852270126343,9.869660377502441]",False
user27|functional_action|deadlift|A4,user27,test,functional_action,deadlift,Deadlift,A4,released,,data/trials/user27/functional_action/deadlift/A4.npz,22463.0,14039.0,1264.0,14.039060592651367,True,3.0,"[1.761413335800171,5.795867443084717,9.786362409591675]",False
user27|functional_action|deep_squat|A1,user27,test,functional_action,deep_squat,Deep Squat,A1,released,,data/trials/user27/functional_action/deep_squat/A1.npz,22454.0,14033.0,1263.0,14.033705234527588,True,3.0,"[1.7775001525878906,5.825447082519531,9.782366037368774]",False
user27|functional_action|deep_squat|A2,user27,test,functional_action,deep_squat,Deep Squat,A2,released,,data/trials/user27/functional_action/deep_squat/A2.npz,22484.0,14053.0,1265.0,14.052760362625122,True,3.0,"[1.7633733749389648,5.818610191345215,9.76658320426941]",False
user27|functional_action|deep_squat|A3,user27,test,functional_action,deep_squat,Deep Squat,A3,released,,data/trials/user27/functional_action/deep_squat/A3.npz,22572.0,14108.0,1270.0,14.107438802719116,True,3.0,"[1.788219690322876,5.82711386680603,9.856841802597046]",False
user27|functional_action|deep_squat|A4,user27,test,functional_action,deep_squat,Deep Squat,A4,released,,data/trials/user27/functional_action/deep_squat/A4.npz,22443.0,14027.0,1263.0,14.02672553062439,True,3.0,"[1.756657600402832,5.801474571228027,9.846064567565918]",False
user27|functional_action|forward_lunge|A1,user27,test,functional_action,forward_lunge,Forward Lunge,A1,released,,data/trials/user27/functional_action/forward_lunge/A1.npz,22638.0,14148.0,1274.0,14.14861273765564,True,3.0,"[1.7891497611999512,5.835272789001465,9.879796743392944]",False
user27|functional_action|forward_lunge|A2,user27,test,functional_action,forward_lunge,Forward Lunge,A2,released,,data/trials/user27/functional_action/forward_lunge/A2.npz,22524.0,14078.0,1267.0,14.077688217163086,True,3.0,"[1.7590019702911377,5.788010120391846,9.845315933227539]",False
user27|functional_action|forward_lunge|A3,user27,test,functional_action,forward_lunge,Forward Lunge,A3,released,,data/trials/user27/functional_action/forward_lunge/A3.npz,22453.0,14033.0,1263.0,14.03325891494751,True,3.0,"[1.6925179958343506,5.753522872924805,9.696460008621216]",False
user27|functional_action|forward_lunge|A4,user27,test,functional_action,forward_lunge,Forward Lunge,A4,released,,data/trials/user27/functional_action/forward_lunge/A4.npz,22480.0,14050.0,1265.0,14.050042629241943,True,3.0,"[1.8266973495483398,5.860171318054199,9.909489393234253]",False
user27|functional_action|heel_raise|A1,user27,test,functional_action,heel_raise,Heel Raise,A1,released,,data/trials/user27/functional_action/heel_raise/A1.npz,22429.0,14018.0,1262.0,14.01836609840393,True,3.0,"[1.7645580768585205,5.802923202514648,9.848942041397095]",False
user27|functional_action|heel_raise|A2,user27,test,functional_action,heel_raise,Heel Raise,A2,released,,data/trials/user27/functional_action/heel_raise/A2.npz,22483.0,14052.0,1265.0,14.051681518554688,True,3.0,"[1.945920467376709,6.006943464279175,9.97221851348877]",False
user27|functional_action|heel_raise|A3,user27,test,functional_action,heel_raise,Heel Raise,A3,released,,data/trials/user27/functional_action/heel_raise/A3.npz,22510.0,14068.0,1267.0,14.068334102630615,True,3.0,"[1.7659831047058105,5.814542055130005,9.853293180465698]",False
user27|functional_action|heel_raise|A4,user27,test,functional_action,heel_raise,Heel Raise,A4,released,,data/trials/user27/functional_action/heel_raise/A4.npz,22393.0,13996.0,1260.0,13.996071815490724,True,3.0,"[1.8568685054779053,5.907161712646484,9.941601514816284]",False
user27|functional_action|left_lunge|A1,user27,test,functional_action,left_lunge,Left Lunge,A1,released,,data/trials/user27/functional_action/left_lunge/A1.npz,20242.0,12652.0,1139.0,12.651561498641968,True,3.0,"[1.007725477218628,5.038541316986084,9.08298134803772]",False
user27|functional_action|left_lunge|A2,user27,test,functional_action,left_lunge,Left Lunge,A2,released,,data/trials/user27/functional_action/left_lunge/A2.npz,22497.0,14061.0,1266.0,14.060580253601074,True,3.0,"[1.7616021633148193,5.805456161499023,9.855040311813354]",False
user27|functional_action|left_lunge|A3,user27,test,functional_action,left_lunge,Left Lunge,A3,released,,data/trials/user27/functional_action/left_lunge/A3.npz,22597.0,14123.0,1272.0,14.123409986495972,True,3.0,"[1.7742018699645996,5.8191609382629395,9.77475881576538]",False
user27|functional_action|left_lunge|A4,user27,test,functional_action,left_lunge,Left Lunge,A4,released,,data/trials/user27/functional_action/left_lunge/A4.npz,22433.0,14021.0,1262.0,14.02062177658081,True,3.0,"[1.7035818099975586,5.747697591781616,9.70172667503357]",False
user27|functional_action|quiet_sit|A1,user27,test,functional_action,quiet_sit,Quiet Sit,A1,released,,data/trials/user27/functional_action/quiet_sit/A1.npz,22520.0,14075.0,1267.0,14.07533574104309,True,3.0,"[1.7778656482696533,5.831072568893433,9.870782613754272]",False
user27|functional_action|quiet_sit|A2,user27,test,functional_action,quiet_sit,Quiet Sit,A2,released,,data/trials/user27/functional_action/quiet_sit/A2.npz,22474.0,14046.0,1265.0,14.04642653465271,True,3.0,"[1.9603543281555176,5.992138385772705,10.030302286148071]",False
user27|functional_action|quiet_sit|A3,user27,test,functional_action,quiet_sit,Quiet Sit,A3,released,,data/trials/user27/functional_action/quiet_sit/A3.npz,22465.0,14041.0,1264.0,14.040830373764038,True,3.0,"[1.7677123546600342,5.800796270370483,9.854716300964355]",False
user27|functional_action|quiet_sit|A4,user27,test,functional_action,quiet_sit,Quiet Sit,A4,released,,data/trials/user27/functional_action/quiet_sit/A4.npz,22558.0,14099.0,1269.0,14.098911046981812,True,3.0,"[1.7875280380249023,5.843685150146484,9.790122032165527]",False
user27|functional_action|quiet_stand|A1,user27,test,functional_action,quiet_stand,Quiet Stand,A1,released,,data/trials/user27/functional_action/quiet_stand/A1.npz,22464.0,14040.0,1264.0,14.039913892745972,True,3.0,"[1.7596867084503174,5.789061784744263,9.819947719573975]",False
user27|functional_action|quiet_stand|A2,user27,test,functional_action,quiet_stand,Quiet Stand,A2,released,,data/trials/user27/functional_action/quiet_stand/A2.npz,22404.0,14002.0,1261.0,14.00227952003479,True,3.0,"[1.7801845073699951,5.820719480514526,9.85322642326355]",False
user27|functional_action|quiet_stand|A3,user27,test,functional_action,quiet_stand,Quiet Stand,A3,released,,data/trials/user27/functional_action/quiet_stand/A3.npz,22356.0,13972.0,1258.0,13.972397565841677,True,3.0,"[1.689739465713501,5.727794408798218,9.764338254928589]",False
user27|functional_action|quiet_stand|A4,user27,test,functional_action,quiet_stand,Quiet Stand,A4,released,,data/trials/user27/functional_action/quiet_stand/A4.npz,22500.0,14062.0,1266.0,14.062490701675417,True,3.0,"[1.7534596920013428,5.8006815910339355,9.84143853187561]",False
user27|functional_action|single_leg_stance|A1,user27,test,functional_action,single_leg_stance,Single-leg Stance,A1,released,,data/trials/user27/functional_action/single_leg_stance/A1.npz,22535.0,14084.0,1268.0,14.084057092666626,True,3.0,"[1.8317887783050537,5.869464874267578,9.919182777404785]",False
user27|functional_action|single_leg_stance|A2,user27,test,functional_action,single_leg_stance,Single-leg Stance,A2,released,,data/trials/user27/functional_action/single_leg_stance/A2.npz,22428.0,14017.0,1262.0,14.017846822738647,True,3.0,"[1.698861837387085,5.7297186851501465,9.784489631652832]",False
user27|functional_action|single_leg_stance|A3,user27,test,functional_action,single_leg_stance,Single-leg Stance,A3,released,,data/trials/user27/functional_action/single_leg_stance/A3.npz,22609.0,14130.0,1272.0,14.130418062210085,True,3.0,"[1.7784450054168701,5.8115270137786865,9.856827020645142]",False
user27|functional_action|single_leg_stance|A4,user27,test,functional_action,single_leg_stance,Single-leg Stance,A4,released,,data/trials/user27/functional_action/single_leg_stance/A4.npz,22567.0,14104.0,1270.0,14.104156732559204,True,3.0,"[1.7503297328948975,5.783135652542114,9.826871633529663]",False
user27|functional_action|stair_ascent|A1,user27,test,functional_action,stair_ascent,Stair Ascent,A1,released,,data/trials/user27/functional_action/stair_ascent/A1.npz,22420.0,14013.0,1262.0,14.012814998626707,True,3.0,"[1.9228227138519287,5.9773008823394775,9.933050870895386]",False
user27|functional_action|stair_ascent|A2,user27,test,functional_action,stair_ascent,Stair Ascent,A2,released,,data/trials/user27/functional_action/stair_ascent/A2.npz,22539.0,14086.0,1268.0,14.086633920669556,True,3.0,"[1.7753777503967285,5.823542594909668,9.790846824645996]",False
user27|functional_action|stair_ascent|A3,user27,test,functional_action,stair_ascent,Stair Ascent,A3,released,,data/trials/user27/functional_action/stair_ascent/A3.npz,22574.0,14109.0,1270.0,14.109310626983644,True,3.0,"[1.78468656539917,5.824475526809692,9.876847505569458]",False
user27|functional_action|stair_ascent|A4,user27,test,functional_action,stair_ascent,Stair Ascent,A4,released,,data/trials/user27/functional_action/stair_ascent/A4.npz,22443.0,14027.0,1263.0,14.02718210220337,True,3.0,"[1.728240966796875,5.773413896560669,9.724629878997803]",False
user27|functional_action|stand_sit_transition|A1,user27,test,functional_action,stand_sit_transition,Stand-sit transition,A1,released,,data/trials/user27/functional_action/stand_sit_transition/A1.npz,22540.0,14088.0,1268.0,14.0873384475708,True,3.0,"[1.7785015106201172,5.836485385894775,9.793724536895752]",False
user27|functional_action|stand_sit_transition|A2,user27,test,functional_action,stand_sit_transition,Stand-sit transition,A2,released,,data/trials/user27/functional_action/stand_sit_transition/A2.npz,22498.0,14062.0,1266.0,14.061208486557009,True,3.0,"[1.7693493366241455,5.814309358596802,9.861299514770508]",False
user27|functional_action|stand_sit_transition|A3,user27,test,functional_action,stand_sit_transition,Stand-sit transition,A3,released,,data/trials/user27/functional_action/stand_sit_transition/A3.npz,22410.0,14007.0,1261.0,14.00683045387268,True,3.0,"[1.7215793132781982,5.757105350494385,9.79800534248352]",False
user27|functional_action|stand_sit_transition|A4,user27,test,functional_action,stand_sit_transition,Stand-sit transition,A4,released,,data/trials/user27/functional_action/stand_sit_transition/A4.npz,22448.0,14030.0,1263.0,14.029946565628052,True,3.0,"[1.7533395290374756,5.797174453735352,9.829527616500854]",False
user27|functional_action|vertical_jump|A1,user27,test,functional_action,vertical_jump,Vertical Jump,A1,released,,data/trials/user27/functional_action/vertical_jump/A1.npz,22516.0,14072.0,1267.0,14.072404623031616,True,3.0,"[1.731452465057373,5.7760725021362305,9.819305419921875]",False
user27|functional_action|vertical_jump|A2,user27,test,functional_action,vertical_jump,Vertical Jump,A2,released,,data/trials/user27/functional_action/vertical_jump/A2.npz,22557.0,14097.0,1269.0,14.097662925720217,True,3.0,"[1.7562627792358398,5.789930820465088,9.840024709701538]",False
user27|functional_action|vertical_jump|A3,user27,test,functional_action,vertical_jump,Vertical Jump,A3,released,,data/trials/user27/functional_action/vertical_jump/A3.npz,22594.0,14122.0,1271.0,14.121533155441284,True,3.0,"[1.7668180465698242,5.828450918197632,9.782038927078247]",False
user27|functional_action|vertical_jump|A4,user27,test,functional_action,vertical_jump,Vertical Jump,A4,released,,data/trials/user27/functional_action/vertical_jump/A4.npz,22493.0,14058.0,1266.0,14.057717561721802,True,3.0,"[1.724668264389038,5.753239393234253,9.804153442382812]",False
user27|treadmill_walking|treadmill_walking_1_kmh|A1,user27,test,treadmill_walking,treadmill_walking_1_kmh,Walk at 1 km/h,A1,released,,data/trials/user27/treadmill_walking/treadmill_walking_1_kmh/A1.npz,22354.0,13972.0,1258.0,13.971486806869509,True,3.0,"[1.744295597076416,5.7859907150268555,9.824803590774536]",False
user27|treadmill_walking|treadmill_walking_1_kmh|A2,user27,test,treadmill_walking,treadmill_walking_1_kmh,Walk at 1 km/h,A2,released,,data/trials/user27/treadmill_walking/treadmill_walking_1_kmh/A2.npz,22392.0,13995.0,1260.0,13.994581699371338,True,3.0,"[1.740931749343872,5.784682512283325,9.82450270652771]",False
user27|treadmill_walking|treadmill_walking_1_kmh|A3,user27,test,treadmill_walking,treadmill_walking_1_kmh,Walk at 1 km/h,A3,released,,data/trials/user27/treadmill_walking/treadmill_walking_1_kmh/A3.npz,22588.0,14118.0,1271.0,14.117708444595335,True,3.0,"[1.8223552703857422,5.863892316818237,9.890787363052368]",False
user27|treadmill_walking|treadmill_walking_1_kmh|A4,user27,test,treadmill_walking,treadmill_walking_1_kmh,Walk at 1 km/h,A4,released,,data/trials/user27/treadmill_walking/treadmill_walking_1_kmh/A4.npz,22407.0,14005.0,1261.0,14.004817724227903,True,3.0,"[1.7706027030944824,5.808485746383667,9.848982572555542]",False
user27|treadmill_walking|treadmill_walking_2_kmh|A1,user27,test,treadmill_walking,treadmill_walking_2_kmh,Walk at 2 km/h,A1,released,,data/trials/user27/treadmill_walking/treadmill_walking_2_kmh/A1.npz,22475.0,14047.0,1265.0,14.046878814697266,True,3.0,"[1.768953800201416,5.809600830078125,9.76966667175293]",False
user27|treadmill_walking|treadmill_walking_2_kmh|A2,user27,test,treadmill_walking,treadmill_walking_2_kmh,Walk at 2 km/h,A2,released,,data/trials/user27/treadmill_walking/treadmill_walking_2_kmh/A2.npz,22440.0,14025.0,1263.0,14.025292873382568,True,3.0,"[1.7764346599578857,5.827685594558716,9.856500625610352]",False
user27|treadmill_walking|treadmill_walking_2_kmh|A3,user27,test,treadmill_walking,treadmill_walking_2_kmh,Walk at 2 km/h,A3,released,,data/trials/user27/treadmill_walking/treadmill_walking_2_kmh/A3.npz,22446.0,14029.0,1263.0,14.029195308685305,True,3.0,"[1.7230792045593262,5.7732532024383545,9.72336220741272]",False
user27|treadmill_walking|treadmill_walking_2_kmh|A4,user27,test,treadmill_walking,treadmill_walking_2_kmh,Walk at 2 km/h,A4,released,,data/trials/user27/treadmill_walking/treadmill_walking_2_kmh/A4.npz,22421.0,14013.0,1262.0,14.01311206817627,True,3.0,"[1.7700510025024414,5.8109519481658936,9.847059965133667]",False
user27|treadmill_walking|treadmill_walking_3_kmh|A1,user27,test,treadmill_walking,treadmill_walking_3_kmh,Walk at 3 km/h,A1,released,,data/trials/user27/treadmill_walking/treadmill_walking_3_kmh/A1.npz,23086.0,14429.0,1299.0,14.429154872894289,True,3.0,"[1.671557903289795,5.7070629596710205,9.743314981460571]",False
user27|treadmill_walking|treadmill_walking_3_kmh|A2,user27,test,treadmill_walking,treadmill_walking_3_kmh,Walk at 3 km/h,A2,released,,data/trials/user27/treadmill_walking/treadmill_walking_3_kmh/A2.npz,22983.0,14364.0,1293.0,14.364559173583984,True,3.0,"[1.7164170742034912,5.752015113830566,9.798009157180786]",False
user27|treadmill_walking|treadmill_walking_3_kmh|A3,user27,test,treadmill_walking,treadmill_walking_3_kmh,Walk at 3 km/h,A3,released,,data/trials/user27/treadmill_walking/treadmill_walking_3_kmh/A3.npz,22978.0,14362.0,1293.0,14.361313819885254,True,3.0,"[1.7083945274353027,5.7483625411987305,9.785820722579956]",False
user27|treadmill_walking|treadmill_walking_3_kmh|A4,user27,test,treadmill_walking,treadmill_walking_3_kmh,Walk at 3 km/h,A4,released,,data/trials/user27/treadmill_walking/treadmill_walking_3_kmh/A4.npz,23072.0,14420.0,1298.0,14.420053243637083,True,3.0,"[1.8250741958618164,5.874061107635498,9.90506911277771]",False
user27|treadmill_walking|treadmill_walking_4_kmh|A1,user27,test,treadmill_walking,treadmill_walking_4_kmh,Walk at 4 km/h,A1,released,,data/trials/user27/treadmill_walking/treadmill_walking_4_kmh/A1.npz,22986.0,14366.0,1293.0,14.366458415985107,True,3.0,"[1.7464711666107178,5.785573244094849,9.821429252624512]",False
user27|treadmill_walking|treadmill_walking_4_kmh|A2,user27,test,treadmill_walking,treadmill_walking_4_kmh,Walk at 4 km/h,A2,released,,data/trials/user27/treadmill_walking/treadmill_walking_4_kmh/A2.npz,23046.0,14403.0,1297.0,14.40368127822876,True,3.0,"[1.6561243534088135,5.700635194778442,9.742985248565674]",False
user27|treadmill_walking|treadmill_walking_4_kmh|A3,user27,test,treadmill_walking,treadmill_walking_4_kmh,Walk at 4 km/h,A3,released,,data/trials/user27/treadmill_walking/treadmill_walking_4_kmh/A3.npz,23177.0,14486.0,1304.0,14.485645294189451,True,3.0,"[1.8283560276031494,5.856008052825928,9.8871431350708]",False
user27|treadmill_walking|treadmill_walking_4_kmh|A4,user27,test,treadmill_walking,treadmill_walking_4_kmh,Walk at 4 km/h,A4,released,,data/trials/user27/treadmill_walking/treadmill_walking_4_kmh/A4.npz,23381.0,14613.0,1316.0,14.612775564193726,True,3.0,"[1.7838313579559326,5.827475547790527,9.868557453155518]",False
user27|treadmill_walking|treadmill_walking_5_kmh|A1,user27,test,treadmill_walking,treadmill_walking_5_kmh,Walk at 5 km/h,A1,released,,data/trials/user27/treadmill_walking/treadmill_walking_5_kmh/A1.npz,23199.0,14499.0,1305.0,14.499682188034058,True,3.0,"[1.6668109893798828,5.7008140087127686,9.742645025253296]",False
user27|treadmill_walking|treadmill_walking_5_kmh|A2,user27,test,treadmill_walking,treadmill_walking_5_kmh,Walk at 5 km/h,A2,released,,data/trials/user27/treadmill_walking/treadmill_walking_5_kmh/A2.npz,23207.0,14504.0,1306.0,14.504045963287354,True,3.0,"[1.7287137508392334,5.772921800613403,9.815860748291016]",False
user27|treadmill_walking|treadmill_walking_5_kmh|A3,user27,test,treadmill_walking,treadmill_walking_5_kmh,Walk at 5 km/h,A3,released,,data/trials/user27/treadmill_walking/treadmill_walking_5_kmh/A3.npz,23244.0,14527.0,1308.0,14.527313470840454,True,3.0,"[1.8367831707000732,5.87673020362854,9.905946254730225]",False
user27|treadmill_walking|treadmill_walking_5_kmh|A4,user27,test,treadmill_walking,treadmill_walking_5_kmh,Walk at 5 km/h,A4,released,,data/trials/user27/treadmill_walking/treadmill_walking_5_kmh/A4.npz,22859.0,14287.0,1286.0,14.28654408454895,True,3.0,"[1.4902479648590088,5.527708053588867,9.573817014694214]",False
user28|functional_action|deadlift|A1,user28,test,functional_action,deadlift,Deadlift,A1,released,,data/trials/user28/functional_action/deadlift/A1.npz,21805.0,13628.0,1227.0,13.628199577331545,True,3.0,"[1.7510004043579102,5.79618239402771,9.74332332611084]",False
user28|functional_action|deadlift|A2,user28,test,functional_action,deadlift,Deadlift,A2,released,,data/trials/user28/functional_action/deadlift/A2.npz,21823.0,13639.0,1228.0,13.639572143554688,True,3.0,"[1.765843152999878,5.848741054534912,9.807375192642212]",False
user28|functional_action|deadlift|A3,user28,test,functional_action,deadlift,Deadlift,A3,released,,data/trials/user28/functional_action/deadlift/A3.npz,21713.0,13571.0,1222.0,13.570842266082764,True,3.0,"[1.7654201984405518,5.7964112758636475,9.849624156951904]",False
user28|functional_action|deadlift|A4,user28,test,functional_action,deadlift,Deadlift,A4,released,,data/trials/user28/functional_action/deadlift/A4.npz,21766.0,13604.0,1225.0,13.60396146774292,True,3.0,"[1.9009413719177246,5.944721221923828,9.992961168289185]",False
user28|functional_action|deep_squat|A1,user28,test,functional_action,deep_squat,Deep Squat,A1,released,,data/trials/user28/functional_action/deep_squat/A1.npz,21730.0,13581.0,1223.0,13.580978631973268,True,3.0,"[1.8000576496124268,5.8551106452941895,9.813259601593018]",False
user28|functional_action|deep_squat|A2,user28,test,functional_action,deep_squat,Deep Squat,A2,released,,data/trials/user28/functional_action/deep_squat/A2.npz,21878.0,13673.0,1231.0,13.673612117767334,True,3.0,"[1.8594300746917725,5.906054973602295,9.90218710899353]",False
user28|functional_action|deep_squat|A3,user28,test,functional_action,deep_squat,Deep Squat,A3,released,,data/trials/user28/functional_action/deep_squat/A3.npz,21861.0,13663.0,1230.0,13.662948846817017,True,3.0,"[1.8674578666687012,5.900202751159668,9.953070878982544]",False
user28|functional_action|deep_squat|A4,user28,test,functional_action,deep_squat,Deep Squat,A4,released,,data/trials/user28/functional_action/deep_squat/A4.npz,21730.0,13581.0,1223.0,13.581344604492188,True,3.0,"[1.8402376174926758,5.889029502868652,9.934757471084595]",False
user28|functional_action|forward_lunge|A1,user28,test,functional_action,forward_lunge,Forward Lunge,A1,released,,data/trials/user28/functional_action/forward_lunge/A1.npz,21678.0,13548.0,1220.0,13.548467874526978,True,3.0,"[1.7803099155426025,5.838757753372192,9.786097764968872]",False
user28|functional_action|forward_lunge|A2,user28,test,functional_action,forward_lunge,Forward Lunge,A2,released,,data/trials/user28/functional_action/forward_lunge/A2.npz,21780.0,13613.0,1225.0,13.61273431777954,True,3.0,"[1.776172161102295,5.8058180809021,9.847060203552246]",False
user28|functional_action|forward_lunge|A3,user28,test,functional_action,forward_lunge,Forward Lunge,A3,released,,data/trials/user28/functional_action/forward_lunge/A3.npz,21614.0,13509.0,1216.0,13.50855278968811,True,3.0,"[1.7307507991790771,5.770116806030273,9.819055795669556]",False
user28|functional_action|forward_lunge|A4,user28,test,functional_action,forward_lunge,Forward Lunge,A4,released,,data/trials/user28/functional_action/forward_lunge/A4.npz,21854.0,13659.0,1230.0,13.658627033233644,True,3.0,"[1.7927749156951904,5.8330419063568115,9.879848957061768]",False
user28|functional_action|heel_raise|A1,user28,test,functional_action,heel_raise,Heel Raise,A1,released,,data/trials/user28/functional_action/heel_raise/A1.npz,21842.0,13652.0,1229.0,13.65147304534912,True,3.0,"[1.911742925643921,5.9460768699646,9.996662855148315]",False
user28|functional_action|heel_raise|A2,user28,test,functional_action,heel_raise,Heel Raise,A2,released,,data/trials/user28/functional_action/heel_raise/A2.npz,21884.0,13678.0,1231.0,13.677645206451416,True,3.0,"[1.8238072395324707,5.854812145233154,9.90371823310852]",False
user28|functional_action|heel_raise|A3,user28,test,functional_action,heel_raise,Heel Raise,A3,released,,data/trials/user28/functional_action/heel_raise/A3.npz,21834.0,13646.0,1229.0,13.645956039428713,True,3.0,"[1.768968105316162,5.803519010543823,9.853289127349854]",False
user28|functional_action|heel_raise|A4,user28,test,functional_action,heel_raise,Heel Raise,A4,released,,data/trials/user28/functional_action/heel_raise/A4.npz,21783.0,13615.0,1226.0,13.614708423614502,True,3.0,"[1.7992093563079834,5.839657306671143,9.793086290359497]",False
user28|functional_action|left_lunge|A1,user28,test,functional_action,left_lunge,Left Lunge,A1,released,,data/trials/user28/functional_action/left_lunge/A1.npz,21741.0,13588.0,1223.0,13.588422775268556,True,3.0,"[1.7564635276794434,5.824673652648926,9.787632465362549]",False
user28|functional_action|left_lunge|A2,user28,test,functional_action,left_lunge,Left Lunge,A2,released,,data/trials/user28/functional_action/left_lunge/A2.npz,21740.0,13587.0,1223.0,13.58743405342102,True,3.0,"[1.7985708713531494,5.835525989532471,9.795132875442505]",False
user28|functional_action|left_lunge|A3,user28,test,functional_action,left_lunge,Left Lunge,A3,released,,data/trials/user28/functional_action/left_lunge/A3.npz,21801.0,13625.0,1227.0,13.625617742538452,True,3.0,"[1.8383536338806152,5.880562782287598,9.928316593170166]",False
user28|functional_action|left_lunge|A4,user28,test,functional_action,left_lunge,Left Lunge,A4,released,,data/trials/user28/functional_action/left_lunge/A4.npz,21871.0,13670.0,1231.0,13.669700145721436,True,3.0,"[1.790452003479004,5.842586994171143,9.78617000579834]",False
user28|functional_action|quiet_sit|A1,user28,test,functional_action,quiet_sit,Quiet Sit,A1,released,,data/trials/user28/functional_action/quiet_sit/A1.npz,21676.0,13547.0,1220.0,13.547333002090454,True,3.0,"[1.6666319370269775,5.6957080364227295,9.727187871932983]",False
user28|functional_action|quiet_sit|A2,user28,test,functional_action,quiet_sit,Quiet Sit,A2,released,,data/trials/user28/functional_action/quiet_sit/A2.npz,21685.0,13554.0,1220.0,13.55346393585205,True,3.0,"[1.7367019653320312,5.77181601524353,9.807678937911987]",False
user28|functional_action|quiet_sit|A3,user28,test,functional_action,quiet_sit,Quiet Sit,A3,released,,data/trials/user28/functional_action/quiet_sit/A3.npz,21789.0,13619.0,1226.0,13.618505001068115,True,3.0,"[1.7689049243927002,5.801799774169922,9.838621854782104]",False
user28|functional_action|quiet_sit|A4,user28,test,functional_action,quiet_sit,Quiet Sit,A4,released,,data/trials/user28/functional_action/quiet_sit/A4.npz,21767.0,13605.0,1225.0,13.604281187057495,True,3.0,"[1.71293306350708,5.74574613571167,9.78422212600708]",False
user28|functional_action|quiet_stand|A1,user28,test,functional_action,quiet_stand,Quiet Stand,A1,released,,data/trials/user28/functional_action/quiet_stand/A1.npz,21675.0,13546.0,1220.0,13.546492099761965,True,3.0,"[1.8217549324035645,5.852473020553589,9.89175796508789]",False
user28|functional_action|quiet_stand|A2,user28,test,functional_action,quiet_stand,Quiet Stand,A2,released,,data/trials/user28/functional_action/quiet_stand/A2.npz,21672.0,13546.0,1220.0,13.54515814781189,True,3.0,"[1.6356449127197266,5.678659915924072,9.716788053512573]",False
user28|functional_action|quiet_stand|A3,user28,test,functional_action,quiet_stand,Quiet Stand,A3,released,,data/trials/user28/functional_action/quiet_stand/A3.npz,21730.0,13582.0,1223.0,13.581291437149048,True,3.0,"[1.774658441543579,5.813305377960205,9.802331447601318]",False
user28|functional_action|quiet_stand|A4,user28,test,functional_action,quiet_stand,Quiet Stand,A4,released,,data/trials/user28/functional_action/quiet_stand/A4.npz,21798.0,13623.0,1227.0,13.62368392944336,True,3.0,"[1.8741016387939453,5.929289817810059,9.96502685546875]",False
user28|functional_action|single_leg_stance|A1,user28,test,functional_action,single_leg_stance,Single-leg Stance,A1,released,,data/trials/user28/functional_action/single_leg_stance/A1.npz,21716.0,13572.0,1222.0,13.572556257247925,True,3.0,"[1.8806471824645996,5.921462059020996,9.879390001296997]",False
user28|functional_action|single_leg_stance|A2,user28,test,functional_action,single_leg_stance,Single-leg Stance,A2,released,,data/trials/user28/functional_action/single_leg_stance/A2.npz,21730.0,13581.0,1223.0,13.58091950416565,True,3.0,"[1.7769043445587158,5.814531326293945,9.86738634109497]",False
user28|functional_action|single_leg_stance|A3,user28,test,functional_action,single_leg_stance,Single-leg Stance,A3,released,,data/trials/user28/functional_action/single_leg_stance/A3.npz,21692.0,13558.0,1221.0,13.557573556900024,True,3.0,"[1.687788486480713,5.726792573928833,9.77375841140747]",False
user28|functional_action|single_leg_stance|A4,user28,test,functional_action,single_leg_stance,Single-leg Stance,A4,released,,data/trials/user28/functional_action/single_leg_stance/A4.npz,21968.0,13730.0,1236.0,13.730300664901732,True,3.0,"[1.9680774211883545,5.998279571533203,10.046254396438599]",False
user28|functional_action|stair_ascent|A1,user28,test,functional_action,stair_ascent,Stair Ascent,A1,released,,data/trials/user28/functional_action/stair_ascent/A1.npz,21779.0,13612.0,1225.0,13.611956596374512,True,3.0,"[1.7780475616455078,5.815318584442139,9.77341341972351]",False
user28|functional_action|stair_ascent|A2,user28,test,functional_action,stair_ascent,Stair Ascent,A2,released,,data/trials/user28/functional_action/stair_ascent/A2.npz,21735.0,13584.0,1223.0,13.58414888381958,True,3.0,"[1.7358238697052002,5.781688928604126,9.830690860748291]",False
user28|functional_action|stair_ascent|A3,user28,test,functional_action,stair_ascent,Stair Ascent,A3,released,,data/trials/user28/functional_action/stair_ascent/A3.npz,21666.0,13542.0,1219.0,13.54136848449707,True,3.0,"[1.789945363998413,5.867975234985352,9.821247339248657]",False
user28|functional_action|stair_ascent|A4,user28,test,functional_action,stair_ascent,Stair Ascent,A4,released,,data/trials/user28/functional_action/stair_ascent/A4.npz,21667.0,13542.0,1219.0,13.54223132133484,True,3.0,"[1.7787160873413086,5.809883117675781,9.774939060211182]",False
user28|functional_action|stand_sit_transition|A1,user28,test,functional_action,stand_sit_transition,Stand-sit transition,A1,released,,data/trials/user28/functional_action/stand_sit_transition/A1.npz,21761.0,13600.0,1224.0,13.600205898284912,True,3.0,"[1.7463467121124268,5.795519828796387,9.84054970741272]",False
user28|functional_action|stand_sit_transition|A2,user28,test,functional_action,stand_sit_transition,Stand-sit transition,A2,released,,data/trials/user28/functional_action/stand_sit_transition/A2.npz,21666.0,13542.0,1219.0,13.5414400100708,True,3.0,"[1.6844608783721924,5.726043939590454,9.77596378326416]",False
user28|functional_action|stand_sit_transition|A3,user28,test,functional_action,stand_sit_transition,Stand-sit transition,A3,released,,data/trials/user28/functional_action/stand_sit_transition/A3.npz,21762.0,13602.0,1225.0,13.601369857788086,True,3.0,"[1.747741937637329,5.783125877380371,9.833625793457031]",False
user28|functional_action|stand_sit_transition|A4,user28,test,functional_action,stand_sit_transition,Stand-sit transition,A4,released,,data/trials/user28/functional_action/stand_sit_transition/A4.npz,21776.0,13610.0,1225.0,13.609888315200806,True,3.0,"[1.7702093124389648,5.805143356323242,9.855324268341064]",False
user28|functional_action|vertical_jump|A1,user28,test,functional_action,vertical_jump,Vertical Jump,A1,released,,data/trials/user28/functional_action/vertical_jump/A1.npz,21716.0,13572.0,1222.0,13.57256841659546,True,3.0,"[1.7713253498077393,5.803114414215088,9.863072395324707]",False
user28|functional_action|vertical_jump|A2,user28,test,functional_action,vertical_jump,Vertical Jump,A2,released,,data/trials/user28/functional_action/vertical_jump/A2.npz,21795.0,13622.0,1226.0,13.621872186660768,True,3.0,"[1.7936630249023438,5.869343996047974,9.82882809638977]",False
user28|functional_action|vertical_jump|A3,user28,test,functional_action,vertical_jump,Vertical Jump,A3,released,,data/trials/user28/functional_action/vertical_jump/A3.npz,21856.0,13660.0,1230.0,13.659716844558716,True,3.0,"[1.7489047050476074,5.782934904098511,9.829012870788574]",False
user28|functional_action|vertical_jump|A4,user28,test,functional_action,vertical_jump,Vertical Jump,A4,released,,data/trials/user28/functional_action/vertical_jump/A4.npz,21766.0,13603.0,1225.0,13.603721618652344,True,3.0,"[1.7734825611114502,5.814971685409546,9.86172366142273]",False
user28|treadmill_walking|treadmill_walking_1_kmh|A1,user28,test,treadmill_walking,treadmill_walking_1_kmh,Walk at 1 km/h,A1,released,,data/trials/user28/treadmill_walking/treadmill_walking_1_kmh/A1.npz,21747.0,13592.0,1224.0,13.591762781143188,True,3.0,"[1.8541486263275146,5.905003786087036,9.94666576385498]",False
user28|treadmill_walking|treadmill_walking_1_kmh|A2,user28,test,treadmill_walking,treadmill_walking_1_kmh,Walk at 1 km/h,A2,released,,data/trials/user28/treadmill_walking/treadmill_walking_1_kmh/A2.npz,21847.0,13654.0,1229.0,13.654112100601196,True,3.0,"[1.8049569129943848,5.849782943725586,9.891556978225708]",False
user28|treadmill_walking|treadmill_walking_1_kmh|A3,user28,test,treadmill_walking,treadmill_walking_1_kmh,Walk at 1 km/h,A3,released,,data/trials/user28/treadmill_walking/treadmill_walking_1_kmh/A3.npz,21687.0,13554.0,1220.0,13.55447483062744,True,3.0,"[1.7787926197052002,5.8172287940979,9.859976768493652]",False
user28|treadmill_walking|treadmill_walking_1_kmh|A4,user28,test,treadmill_walking,treadmill_walking_1_kmh,Walk at 1 km/h,A4,released,,data/trials/user28/treadmill_walking/treadmill_walking_1_kmh/A4.npz,21817.0,13636.0,1228.0,13.63585114479065,True,3.0,"[1.9230709075927734,5.955779075622559,9.998347997665405]",False
user28|treadmill_walking|treadmill_walking_2_kmh|A1,user28,test,treadmill_walking,treadmill_walking_2_kmh,Walk at 2 km/h,A1,released,,data/trials/user28/treadmill_walking/treadmill_walking_2_kmh/A1.npz,21813.0,13633.0,1227.0,13.633007049560549,True,3.0,"[1.7904279232025146,5.836370944976807,9.87651014328003]",False
user28|treadmill_walking|treadmill_walking_2_kmh|A2,user28,test,treadmill_walking,treadmill_walking_2_kmh,Walk at 2 km/h,A2,released,,data/trials/user28/treadmill_walking/treadmill_walking_2_kmh/A2.npz,21642.0,13526.0,1218.0,13.525999546051024,True,3.0,"[1.8104453086853027,5.858769416809082,9.802313327789307]",False
user28|treadmill_walking|treadmill_walking_2_kmh|A3,user28,test,treadmill_walking,treadmill_walking_2_kmh,Walk at 2 km/h,A3,released,,data/trials/user28/treadmill_walking/treadmill_walking_2_kmh/A3.npz,21682.0,13551.0,1220.0,13.5507972240448,True,3.0,"[1.9464621543884277,5.9914391040802,9.942538976669312]",False
user28|treadmill_walking|treadmill_walking_2_kmh|A4,user28,test,treadmill_walking,treadmill_walking_2_kmh,Walk at 2 km/h,A4,released,,data/trials/user28/treadmill_walking/treadmill_walking_2_kmh/A4.npz,21888.0,13680.0,1232.0,13.68024444580078,True,3.0,"[1.8149693012237549,5.845693349838257,9.886504173278809]",False
user28|treadmill_walking|treadmill_walking_3_kmh|A1,user28,test,treadmill_walking,treadmill_walking_3_kmh,Walk at 3 km/h,A1,released,,data/trials/user28/treadmill_walking/treadmill_walking_3_kmh/A1.npz,21885.0,13678.0,1231.0,13.67796516418457,True,3.0,"[1.8154571056365967,5.856415033340454,9.90754222869873]",False
user28|treadmill_walking|treadmill_walking_3_kmh|A2,user28,test,treadmill_walking,treadmill_walking_3_kmh,Walk at 3 km/h,A2,released,,data/trials/user28/treadmill_walking/treadmill_walking_3_kmh/A2.npz,21780.0,13612.0,1226.0,13.61213517189026,True,3.0,"[1.808467149734497,5.8648481369018555,9.826825141906738]",False
user28|treadmill_walking|treadmill_walking_3_kmh|A3,user28,test,treadmill_walking,treadmill_walking_3_kmh,Walk at 3 km/h,A3,released,,data/trials/user28/treadmill_walking/treadmill_walking_3_kmh/A3.npz,21828.0,13643.0,1228.0,13.642366647720335,True,3.0,"[2.0772416591644287,6.127499580383301,10.072750568389893]",False
user28|treadmill_walking|treadmill_walking_3_kmh|A4,user28,test,treadmill_walking,treadmill_walking_3_kmh,Walk at 3 km/h,A4,released,,data/trials/user28/treadmill_walking/treadmill_walking_3_kmh/A4.npz,21754.0,13596.0,1224.0,13.596415281295776,True,3.0,"[1.7574381828308105,5.803596019744873,9.837954998016357]",False
user28|treadmill_walking|treadmill_walking_4_kmh|A1,user28,test,treadmill_walking,treadmill_walking_4_kmh,Walk at 4 km/h,A1,released,,data/trials/user28/treadmill_walking/treadmill_walking_4_kmh/A1.npz,21815.0,13634.0,1228.0,13.634378910064695,True,3.0,"[1.7691688537597656,5.806365013122559,9.763899803161621]",False
user28|treadmill_walking|treadmill_walking_4_kmh|A2,user28,test,treadmill_walking,treadmill_walking_4_kmh,Walk at 4 km/h,A2,released,,data/trials/user28/treadmill_walking/treadmill_walking_4_kmh/A2.npz,21629.0,13518.0,1217.0,13.517868518829346,True,3.0,"[1.7700762748718262,5.805911302566528,9.841036319732666]",False
user28|treadmill_walking|treadmill_walking_4_kmh|A3,user28,test,treadmill_walking,treadmill_walking_4_kmh,Walk at 4 km/h,A3,released,,data/trials/user28/treadmill_walking/treadmill_walking_4_kmh/A3.npz,21815.0,13634.0,1227.0,13.63416314125061,True,3.0,"[1.781480073928833,5.8221001625061035,9.87332010269165]",False
user28|treadmill_walking|treadmill_walking_4_kmh|A4,user28,test,treadmill_walking,treadmill_walking_4_kmh,Walk at 4 km/h,A4,released,,data/trials/user28/treadmill_walking/treadmill_walking_4_kmh/A4.npz,21710.0,13569.0,1222.0,13.56867814064026,True,3.0,"[1.7761850357055664,5.82667088508606,9.776599884033203]",False
user28|treadmill_walking|treadmill_walking_5_kmh|A1,user28,test,treadmill_walking,treadmill_walking_5_kmh,Walk at 5 km/h,A1,released,,data/trials/user28/treadmill_walking/treadmill_walking_5_kmh/A1.npz,21794.0,13621.0,1226.0,13.621025562286375,True,3.0,"[1.7641453742980957,5.813704490661621,9.805001497268677]",False
user28|treadmill_walking|treadmill_walking_5_kmh|A2,user28,test,treadmill_walking,treadmill_walking_5_kmh,Walk at 5 km/h,A2,released,,data/trials/user28/treadmill_walking/treadmill_walking_5_kmh/A2.npz,21776.0,13610.0,1225.0,13.610082387924194,True,3.0,"[1.814831256866455,5.864093065261841,9.903991222381592]",False
user28|treadmill_walking|treadmill_walking_5_kmh|A3,user28,test,treadmill_walking,treadmill_walking_5_kmh,Walk at 5 km/h,A3,released,,data/trials/user28/treadmill_walking/treadmill_walking_5_kmh/A3.npz,21705.0,13566.0,1221.0,13.565532684326172,True,3.0,"[1.7634546756744385,5.818318605422974,9.856876611709595]",False
user28|treadmill_walking|treadmill_walking_5_kmh|A4,user28,test,treadmill_walking,treadmill_walking_5_kmh,Walk at 5 km/h,A4,released,,data/trials/user28/treadmill_walking/treadmill_walking_5_kmh/A4.npz,21661.0,13538.0,1219.0,13.53853178024292,True,3.0,"[1.8134887218475342,5.851215600967407,9.894521713256836]",False
user29|functional_action|deadlift|A1,user29,test,functional_action,deadlift,Deadlift,A1,released,,data/trials/user29/functional_action/deadlift/A1.npz,21844.0,13652.0,1229.0,13.652540922164915,True,3.0,"[1.770887851715088,5.812143802642822,9.765403747558594]",False
user29|functional_action|deadlift|A2,user29,test,functional_action,deadlift,Deadlift,A2,released,,data/trials/user29/functional_action/deadlift/A2.npz,21867.0,13667.0,1230.0,13.666712522506714,True,3.0,"[1.6887884140014648,5.720744371414185,9.757792472839355]",False
user29|functional_action|deadlift|A3,user29,test,functional_action,deadlift,Deadlift,A3,released,,data/trials/user29/functional_action/deadlift/A3.npz,21972.0,13732.0,1236.0,13.732347011566162,True,3.0,"[1.7682788372039795,5.803479909896851,9.846768856048584]",False
user29|functional_action|deadlift|A4,user29,test,functional_action,deadlift,Deadlift,A4,released,,data/trials/user29/functional_action/deadlift/A4.npz,21829.0,13643.0,1228.0,13.643330335617064,True,3.0,"[1.8098762035369873,5.877504348754883,9.824068307876587]",False
user29|functional_action|deep_squat|A1,user29,test,functional_action,deep_squat,Deep Squat,A1,released,,data/trials/user29/functional_action/deep_squat/A1.npz,21815.0,13634.0,1228.0,13.634454727172852,True,3.0,"[1.7460856437683105,5.780729532241821,9.818415641784668]",False
user29|functional_action|deep_squat|A2,user29,test,functional_action,deep_squat,Deep Squat,A2,released,,data/trials/user29/functional_action/deep_squat/A2.npz,21978.0,13736.0,1237.0,13.736046314239502,True,3.0,"[1.742274284362793,5.773805141448975,9.815282106399536]",False
user29|functional_action|deep_squat|A3,user29,test,functional_action,deep_squat,Deep Squat,A3,released,,data/trials/user29/functional_action/deep_squat/A3.npz,21879.0,13674.0,1231.0,13.674075365066528,True,3.0,"[1.7163593769073486,5.748214244842529,9.794103384017944]",False
user29|functional_action|deep_squat|A4,user29,test,functional_action,deep_squat,Deep Squat,A4,released,,data/trials/user29/functional_action/deep_squat/A4.npz,21700.0,13562.0,1221.0,13.562504053115845,True,3.0,"[1.6163361072540283,5.644222974777222,9.687445163726807]",False
user29|functional_action|forward_lunge|A1,user29,test,functional_action,forward_lunge,Forward Lunge,A1,released,,data/trials/user29/functional_action/forward_lunge/A1.npz,21896.0,13685.0,1232.0,13.685364007949827,True,3.0,"[1.7324259281158447,5.772878885269165,9.81899380683899]",False
user29|functional_action|forward_lunge|A2,user29,test,functional_action,forward_lunge,Forward Lunge,A2,released,,data/trials/user29/functional_action/forward_lunge/A2.npz,21942.0,13714.0,1235.0,13.71358060836792,True,3.0,"[1.741856336593628,5.784867286682129,9.828925371170044]",False
user29|functional_action|forward_lunge|A3,user29,test,functional_action,forward_lunge,Forward Lunge,A3,released,,data/trials/user29/functional_action/forward_lunge/A3.npz,21936.0,13711.0,1234.0,13.710250854492188,True,3.0,"[1.7544846534729004,5.7871787548065186,9.829410552978516]",False
user29|functional_action|forward_lunge|A4,user29,test,functional_action,forward_lunge,Forward Lunge,A4,released,,data/trials/user29/functional_action/forward_lunge/A4.npz,21970.0,13731.0,1236.0,13.731121063232422,True,3.0,"[1.7545909881591797,5.786412954330444,9.835438966751099]",False
user29|functional_action|heel_raise|A1,user29,test,functional_action,heel_raise,Heel Raise,A1,released,,data/trials/user29/functional_action/heel_raise/A1.npz,21822.0,13639.0,1228.0,13.63895869255066,True,3.0,"[1.7143614292144775,5.752666473388672,9.80217456817627]",False
user29|functional_action|heel_raise|A2,user29,test,functional_action,heel_raise,Heel Raise,A2,released,,data/trials/user29/functional_action/heel_raise/A2.npz,21755.0,13597.0,1224.0,13.596821784973145,True,3.0,"[1.7064156532287598,5.733677625656128,9.775983810424805]",False
user29|functional_action|heel_raise|A3,user29,test,functional_action,heel_raise,Heel Raise,A3,released,,data/trials/user29/functional_action/heel_raise/A3.npz,21953.0,13722.0,1235.0,13.721084594726562,True,3.0,"[1.8926305770874023,5.924954414367676,9.975057363510132]",False
user29|functional_action|heel_raise|A4,user29,test,functional_action,heel_raise,Heel Raise,A4,released,,data/trials/user29/functional_action/heel_raise/A4.npz,21901.0,13687.0,1232.0,13.687817096710203,True,3.0,"[1.7334120273590088,5.782519102096558,9.82485318183899]",False
user29|functional_action|left_lunge|A1,user29,test,functional_action,left_lunge,Left Lunge,A1,released,,data/trials/user29/functional_action/left_lunge/A1.npz,21836.0,13648.0,1229.0,13.647804260253906,True,3.0,"[1.723297119140625,5.765478134155273,9.811419248580933]",False
user29|functional_action|left_lunge|A2,user29,test,functional_action,left_lunge,Left Lunge,A2,released,,data/trials/user29/functional_action/left_lunge/A2.npz,21828.0,13642.0,1228.0,13.642385721206663,True,3.0,"[1.681107759475708,5.708342790603638,9.750739812850952]",False
user29|functional_action|left_lunge|A3,user29,test,functional_action,left_lunge,Left Lunge,A3,released,,data/trials/user29/functional_action/left_lunge/A3.npz,21910.0,13694.0,1233.0,13.693910360336304,True,3.0,"[1.8145132064819336,5.851860284805298,9.886152267456055]",False
user29|functional_action|left_lunge|A4,user29,test,functional_action,left_lunge,Left Lunge,A4,released,,data/trials/user29/functional_action/left_lunge/A4.npz,21944.0,13715.0,1235.0,13.715250968933104,True,3.0,"[1.74043869972229,5.779082775115967,9.824410676956177]",False
user29|functional_action|quiet_sit|A1,user29,test,functional_action,quiet_sit,Quiet Sit,A1,released,,data/trials/user29/functional_action/quiet_sit/A1.npz,21922.0,13702.0,1234.0,13.701743125915527,True,3.0,"[1.748304843902588,5.780890941619873,9.809777021408081]",False
user29|functional_action|quiet_sit|A2,user29,test,functional_action,quiet_sit,Quiet Sit,A2,released,,data/trials/user29/functional_action/quiet_sit/A2.npz,21911.0,13694.0,1233.0,13.694209098815918,True,3.0,"[1.9468388557434082,6.005610942840576,9.95569896697998]",False
user29|functional_action|quiet_sit|A3,user29,test,functional_action,quiet_sit,Quiet Sit,A3,released,,data/trials/user29/functional_action/quiet_sit/A3.npz,21825.0,13641.0,1228.0,13.640881538391112,True,3.0,"[1.8434102535247803,5.878319263458252,9.925122261047363]",False
user29|functional_action|quiet_sit|A4,user29,test,functional_action,quiet_sit,Quiet Sit,A4,released,,data/trials/user29/functional_action/quiet_sit/A4.npz,21817.0,13636.0,1228.0,13.635740995407104,True,3.0,"[1.7808709144592285,5.8300299644470215,9.858530044555664]",False
user29|functional_action|quiet_stand|A1,user29,test,functional_action,quiet_stand,Quiet Stand,A1,released,,data/trials/user29/functional_action/quiet_stand/A1.npz,21788.0,13618.0,1226.0,13.617648124694824,True,3.0,"[1.6895320415496826,5.7334349155426025,9.763221979141235]",False
user29|functional_action|quiet_stand|A2,user29,test,functional_action,quiet_stand,Quiet Stand,A2,released,,data/trials/user29/functional_action/quiet_stand/A2.npz,21879.0,13674.0,1231.0,13.674211978912354,True,3.0,"[1.7677910327911377,5.8088538646698,9.840208053588867]",False
user29|functional_action|quiet_stand|A3,user29,test,functional_action,quiet_stand,Quiet Stand,A3,released,,data/trials/user29/functional_action/quiet_stand/A3.npz,21783.0,13615.0,1226.0,13.614712715148926,True,3.0,"[1.6929056644439697,5.734073638916016,9.774604558944702]",False
user29|functional_action|quiet_stand|A4,user29,test,functional_action,quiet_stand,Quiet Stand,A4,released,,data/trials/user29/functional_action/quiet_stand/A4.npz,21943.0,13714.0,1235.0,13.714394092559814,True,3.0,"[1.7301900386810303,5.766077041625977,9.804565906524658]",False
user29|functional_action|single_leg_stance|A1,user29,test,functional_action,single_leg_stance,Single-leg Stance,A1,released,,data/trials/user29/functional_action/single_leg_stance/A1.npz,21877.0,13673.0,1231.0,13.67326045036316,True,3.0,"[1.8006772994995117,5.8312153816223145,9.872171401977539]",False
user29|functional_action|single_leg_stance|A2,user29,test,functional_action,single_leg_stance,Single-leg Stance,A2,released,,data/trials/user29/functional_action/single_leg_stance/A2.npz,21889.0,13681.0,1232.0,13.681029319763184,True,3.0,"[1.7138352394104004,5.742592096328735,9.788641214370728]",False
user29|functional_action|single_leg_stance|A3,user29,test,functional_action,single_leg_stance,Single-leg Stance,A3,released,,data/trials/user29/functional_action/single_leg_stance/A3.npz,21879.0,13674.0,1231.0,13.674129009246826,True,3.0,"[1.7085309028625488,5.740216970443726,9.78369688987732]",False
user29|functional_action|single_leg_stance|A4,user29,test,functional_action,single_leg_stance,Single-leg Stance,A4,released,,data/trials/user29/functional_action/single_leg_stance/A4.npz,22013.0,13758.0,1239.0,13.758442640304564,True,3.0,"[1.7616863250732422,5.799112319946289,9.843422412872314]",False
user29|functional_action|stair_ascent|A1,user29,test,functional_action,stair_ascent,Stair Ascent,A1,released,,data/trials/user29/functional_action/stair_ascent/A1.npz,21781.0,13614.0,1226.0,13.61331057548523,True,3.0,"[1.6664164066314697,5.711792469024658,9.748462438583374]",False
user29|functional_action|stair_ascent|A2,user29,test,functional_action,stair_ascent,Stair Ascent,A2,released,,data/trials/user29/functional_action/stair_ascent/A2.npz,21890.0,13681.0,1232.0,13.68125605583191,True,3.0,"[1.6997859477996826,5.7286598682403564,9.769927024841309]",False
user29|functional_action|stair_ascent|A3,user29,test,functional_action,stair_ascent,Stair Ascent,A3,released,,data/trials/user29/functional_action/stair_ascent/A3.npz,21984.0,13740.0,1237.0,13.739688873291016,True,3.0,"[1.7960577011108398,5.8293538093566895,9.871249914169312]",False
user29|functional_action|stair_ascent|A4,user29,test,functional_action,stair_ascent,Stair Ascent,A4,released,,data/trials/user29/functional_action/stair_ascent/A4.npz,21857.0,13660.0,1230.0,13.66036581993103,True,3.0,"[1.6852576732635498,5.744318723678589,9.68334674835205]",False
user29|functional_action|stand_sit_transition|A1,user29,test,functional_action,stand_sit_transition,Stand-sit transition,A1,released,,data/trials/user29/functional_action/stand_sit_transition/A1.npz,21914.0,13697.0,1233.0,13.696226835250854,True,3.0,"[1.685680866241455,5.713940858840942,9.760503768920898]",False
user29|functional_action|stand_sit_transition|A2,user29,test,functional_action,stand_sit_transition,Stand-sit transition,A2,released,,data/trials/user29/functional_action/stand_sit_transition/A2.npz,21927.0,13705.0,1234.0,13.704585313796995,True,3.0,"[1.7314512729644775,5.764158248901367,9.803036212921143]",False
user29|functional_action|stand_sit_transition|A3,user29,test,functional_action,stand_sit_transition,Stand-sit transition,A3,released,,data/trials/user29/functional_action/stand_sit_transition/A3.npz,21949.0,13717.0,1235.0,13.717840194702148,True,3.0,"[1.7865242958068848,5.813241243362427,9.845627307891846]",False
user29|functional_action|stand_sit_transition|A4,user29,test,functional_action,stand_sit_transition,Stand-sit transition,A4,released,,data/trials/user29/functional_action/stand_sit_transition/A4.npz,21798.0,13624.0,1227.0,13.62393879890442,True,3.0,"[2.0039029121398926,6.034557819366455,10.077518701553345]",False
user29|functional_action|vertical_jump|A1,user29,test,functional_action,vertical_jump,Vertical Jump,A1,released,,data/trials/user29/functional_action/vertical_jump/A1.npz,21931.0,13707.0,1234.0,13.707151651382446,True,3.0,"[1.7140014171600342,5.755460500717163,9.792114496231079]",False
user29|functional_action|vertical_jump|A2,user29,test,functional_action,vertical_jump,Vertical Jump,A2,released,,data/trials/user29/functional_action/vertical_jump/A2.npz,21885.0,13677.0,1231.0,13.677555322647097,True,3.0,"[1.737680196762085,5.769946098327637,9.830024242401123]",False
user29|functional_action|vertical_jump|A3,user29,test,functional_action,vertical_jump,Vertical Jump,A3,released,,data/trials/user29/functional_action/vertical_jump/A3.npz,21835.0,13647.0,1229.0,13.646858930587769,True,3.0,"[1.747532844543457,5.785802841186523,9.825293779373169]",False
user29|functional_action|vertical_jump|A4,user29,test,functional_action,vertical_jump,Vertical Jump,A4,released,,data/trials/user29/functional_action/vertical_jump/A4.npz,21810.0,13632.0,1227.0,13.631785154342651,True,3.0,"[1.7246642112731934,5.763130187988281,9.814622163772583]",False
user29|treadmill_walking|treadmill_walking_1_kmh|A1,user29,test,treadmill_walking,treadmill_walking_1_kmh,Walk at 1 km/h,A1,released,,data/trials/user29/treadmill_walking/treadmill_walking_1_kmh/A1.npz,21902.0,13689.0,1232.0,13.688580751419067,True,3.0,"[1.7066256999969482,5.746856689453125,9.774176597595215]",False
user29|treadmill_walking|treadmill_walking_1_kmh|A2,user29,test,treadmill_walking,treadmill_walking_1_kmh,Walk at 1 km/h,A2,released,,data/trials/user29/treadmill_walking/treadmill_walking_1_kmh/A2.npz,21770.0,13606.0,1225.0,13.6065776348114,True,3.0,"[1.6800544261932373,5.711993455886841,9.751349449157715]",False
user29|treadmill_walking|treadmill_walking_1_kmh|A3,user29,test,treadmill_walking,treadmill_walking_1_kmh,Walk at 1 km/h,A3,released,,data/trials/user29/treadmill_walking/treadmill_walking_1_kmh/A3.npz,21751.0,13594.0,1224.0,13.594270944595335,True,3.0,"[1.7786688804626465,5.816991806030273,9.844576835632324]",False
user29|treadmill_walking|treadmill_walking_1_kmh|A4,user29,test,treadmill_walking,treadmill_walking_1_kmh,Walk at 1 km/h,A4,released,,data/trials/user29/treadmill_walking/treadmill_walking_1_kmh/A4.npz,21813.0,13633.0,1227.0,13.63328218460083,True,3.0,"[1.7180769443511963,5.780174970626831,9.7184739112854]",False
user29|treadmill_walking|treadmill_walking_2_kmh|A1,user29,test,treadmill_walking,treadmill_walking_2_kmh,Walk at 2 km/h,A1,released,,data/trials/user29/treadmill_walking/treadmill_walking_2_kmh/A1.npz,21873.0,13670.0,1231.0,13.670079946517944,True,3.0,"[1.7865698337554932,5.820788860321045,9.851221799850464]",False
user29|treadmill_walking|treadmill_walking_2_kmh|A2,user29,test,treadmill_walking,treadmill_walking_2_kmh,Walk at 2 km/h,A2,released,,data/trials/user29/treadmill_walking/treadmill_walking_2_kmh/A2.npz,21771.0,13607.0,1225.0,13.607356548309326,True,3.0,"[1.6584324836730957,5.693042516708374,9.667828559875488]",False
user29|treadmill_walking|treadmill_walking_2_kmh|A3,user29,test,treadmill_walking,treadmill_walking_2_kmh,Walk at 2 km/h,A3,released,,data/trials/user29/treadmill_walking/treadmill_walking_2_kmh/A3.npz,21782.0,13613.0,1226.0,13.61357831954956,True,3.0,"[1.8289272785186768,5.880937337875366,9.826303243637085]",False
user29|treadmill_walking|treadmill_walking_2_kmh|A4,user29,test,treadmill_walking,treadmill_walking_2_kmh,Walk at 2 km/h,A4,released,,data/trials/user29/treadmill_walking/treadmill_walking_2_kmh/A4.npz,21863.0,13664.0,1230.0,13.663880586624146,True,3.0,"[1.7013375759124756,5.745354413986206,9.785914421081543]",False
user29|treadmill_walking|treadmill_walking_3_kmh|A1,user29,test,treadmill_walking,treadmill_walking_3_kmh,Walk at 3 km/h,A1,released,,data/trials/user29/treadmill_walking/treadmill_walking_3_kmh/A1.npz,21802.0,13626.0,1227.0,13.626418590545654,True,3.0,"[1.6913585662841797,5.717513561248779,9.747305631637573]",False
user29|treadmill_walking|treadmill_walking_3_kmh|A2,user29,test,treadmill_walking,treadmill_walking_3_kmh,Walk at 3 km/h,A2,released,,data/trials/user29/treadmill_walking/treadmill_walking_3_kmh/A2.npz,21826.0,13641.0,1228.0,13.640862703323364,True,3.0,"[1.7319176197052002,5.776668548583984,9.805652618408203]",False
user29|treadmill_walking|treadmill_walking_3_kmh|A3,user29,test,treadmill_walking,treadmill_walking_3_kmh,Walk at 3 km/h,A3,released,,data/trials/user29/treadmill_walking/treadmill_walking_3_kmh/A3.npz,21891.0,13682.0,1232.0,13.682068109512327,True,3.0,"[1.7557709217071533,5.782853841781616,9.825029850006104]",False
user29|treadmill_walking|treadmill_walking_3_kmh|A4,user29,test,treadmill_walking,treadmill_walking_3_kmh,Walk at 3 km/h,A4,released,,data/trials/user29/treadmill_walking/treadmill_walking_3_kmh/A4.npz,21857.0,13661.0,1230.0,13.660572052001951,True,3.0,"[1.7508888244628906,5.7992589473724365,9.839707851409912]",False
user29|treadmill_walking|treadmill_walking_4_kmh|A1,user29,test,treadmill_walking,treadmill_walking_4_kmh,Walk at 4 km/h,A1,released,,data/trials/user29/treadmill_walking/treadmill_walking_4_kmh/A1.npz,21965.0,13728.0,1236.0,13.727951049804688,True,3.0,"[1.7643749713897705,5.803033828735352,9.84632396697998]",False
user29|treadmill_walking|treadmill_walking_4_kmh|A2,user29,test,treadmill_walking,treadmill_walking_4_kmh,Walk at 4 km/h,A2,released,,data/trials/user29/treadmill_walking/treadmill_walking_4_kmh/A2.npz,21935.0,13709.0,1234.0,13.709022760391235,True,3.0,"[1.7664096355438232,5.805982828140259,9.843423843383789]",False
user29|treadmill_walking|treadmill_walking_4_kmh|A3,user29,test,treadmill_walking,treadmill_walking_4_kmh,Walk at 4 km/h,A3,released,,data/trials/user29/treadmill_walking/treadmill_walking_4_kmh/A3.npz,21719.0,13575.0,1222.0,13.574424982070925,True,3.0,"[1.6881928443908691,5.7353479862213135,9.768802881240845]",False
user29|treadmill_walking|treadmill_walking_4_kmh|A4,user29,test,treadmill_walking,treadmill_walking_4_kmh,Walk at 4 km/h,A4,released,,data/trials/user29/treadmill_walking/treadmill_walking_4_kmh/A4.npz,21841.0,13650.0,1229.0,13.650265455245972,True,3.0,"[1.7596824169158936,5.798108339309692,9.84507155418396]",False
user29|treadmill_walking|treadmill_walking_5_kmh|A1,user29,test,treadmill_walking,treadmill_walking_5_kmh,Walk at 5 km/h,A1,released,,data/trials/user29/treadmill_walking/treadmill_walking_5_kmh/A1.npz,21882.0,13676.0,1231.0,13.676457166671751,True,3.0,"[1.7263789176940918,5.759274005889893,9.801932096481323]",False
user29|treadmill_walking|treadmill_walking_5_kmh|A2,user29,test,treadmill_walking,treadmill_walking_5_kmh,Walk at 5 km/h,A2,released,,data/trials/user29/treadmill_walking/treadmill_walking_5_kmh/A2.npz,21755.0,13597.0,1224.0,13.597063302993774,True,3.0,"[1.6828603744506836,5.712698221206665,9.74686336517334]",False
user29|treadmill_walking|treadmill_walking_5_kmh|A3,user29,test,treadmill_walking,treadmill_walking_5_kmh,Walk at 5 km/h,A3,released,,data/trials/user29/treadmill_walking/treadmill_walking_5_kmh/A3.npz,21735.0,13584.0,1223.0,13.584847688674929,True,3.0,"[1.7598445415496826,5.794436454772949,9.831990480422974]",False
user29|treadmill_walking|treadmill_walking_5_kmh|A4,user29,test,treadmill_walking,treadmill_walking_5_kmh,Walk at 5 km/h,A4,released,,data/trials/user29/treadmill_walking/treadmill_walking_5_kmh/A4.npz,21797.0,13624.0,1226.0,13.62339162826538,True,3.0,"[1.6943104267120361,5.728314399719238,9.767892599105835]",False
user30|functional_action|deadlift|A1,user30,test,functional_action,deadlift,Deadlift,A1,released,,data/trials/user30/functional_action/deadlift/A1.npz,22897.0,14310.0,1288.0,14.31032133102417,True,3.0,"[1.8984260559082031,5.940995216369629,9.987811088562012]",False
user30|functional_action|deadlift|A2,user30,test,functional_action,deadlift,Deadlift,A2,released,,data/trials/user30/functional_action/deadlift/A2.npz,22796.0,14248.0,1283.0,14.24721384048462,True,3.0,"[1.760575771331787,5.809991836547852,9.760497808456421]",False
user30|functional_action|deadlift|A3,user30,test,functional_action,deadlift,Deadlift,A3,released,,data/trials/user30/functional_action/deadlift/A3.npz,22718.0,14199.0,1278.0,14.19897437095642,True,3.0,"[1.9596362113952637,6.032689094543457,9.974200248718262]",False
user30|functional_action|deadlift|A4,user30,test,functional_action,deadlift,Deadlift,A4,released,,data/trials/user30/functional_action/deadlift/A4.npz,22599.0,14125.0,1272.0,14.124514102935793,True,3.0,"[1.9572131633758545,6.010594129562378,9.959431171417236]",False
user30|functional_action|deep_squat|A1,user30,test,functional_action,deep_squat,Deep Squat,A1,released,,data/trials/user30/functional_action/deep_squat/A1.npz,22746.0,14217.0,1280.0,14.216068983078005,True,3.0,"[1.8322789669036865,5.865518808364868,9.919519901275635]",False
user30|functional_action|deep_squat|A2,user30,test,functional_action,deep_squat,Deep Squat,A2,released,,data/trials/user30/functional_action/deep_squat/A2.npz,22708.0,14192.0,1278.0,14.192095518112184,True,3.0,"[1.7883474826812744,5.827959299087524,9.876603364944458]",False
user30|functional_action|deep_squat|A3,user30,test,functional_action,deep_squat,Deep Squat,A3,released,,data/trials/user30/functional_action/deep_squat/A3.npz,22780.0,14237.0,1282.0,14.237119674682615,True,3.0,"[1.7874436378479004,5.823218584060669,9.876968622207642]",False
user30|functional_action|deep_squat|A4,user30,test,functional_action,deep_squat,Deep Squat,A4,released,,data/trials/user30/functional_action/deep_squat/A4.npz,22868.0,14293.0,1287.0,14.292781114578249,True,3.0,"[1.8172588348388672,5.858872890472412,9.89813494682312]",False
user30|functional_action|forward_lunge|A1,user30,test,functional_action,forward_lunge,Forward Lunge,A1,released,,data/trials/user30/functional_action/forward_lunge/A1.npz,22944.0,14341.0,1291.0,14.340452432632446,True,3.0,"[1.7959003448486328,5.874645233154297,9.829017400741577]",False
user30|functional_action|forward_lunge|A2,user30,test,functional_action,forward_lunge,Forward Lunge,A2,released,,data/trials/user30/functional_action/forward_lunge/A2.npz,22726.0,14204.0,1279.0,14.203762531280518,True,3.0,"[1.808903455734253,5.847554445266724,9.895037412643433]",False
user30|functional_action|forward_lunge|A3,user30,test,functional_action,forward_lunge,Forward Lunge,A3,released,,data/trials/user30/functional_action/forward_lunge/A3.npz,22837.0,14274.0,1285.0,14.273083209991457,True,3.0,"[1.7668380737304688,5.813697099685669,9.775251150131226]",False
user30|functional_action|forward_lunge|A4,user30,test,functional_action,forward_lunge,Forward Lunge,A4,released,,data/trials/user30/functional_action/forward_lunge/A4.npz,22903.0,14314.0,1289.0,14.31469440460205,True,3.0,"[1.7907233238220215,5.83050012588501,9.786976337432861]",False
user30|functional_action|heel_raise|A1,user30,test,functional_action,heel_raise,Heel Raise,A1,released,,data/trials/user30/functional_action/heel_raise/A1.npz,22692.0,14183.0,1277.0,14.182677745819092,True,3.0,"[1.7343754768371582,5.791937589645386,9.744229555130005]",False
user30|functional_action|heel_raise|A2,user30,test,functional_action,heel_raise,Heel Raise,A2,released,,data/trials/user30/functional_action/heel_raise/A2.npz,22681.0,14176.0,1276.0,14.17546534538269,True,3.0,"[1.7575762271881104,5.804112195968628,9.759320259094238]",False
user30|functional_action|heel_raise|A3,user30,test,functional_action,heel_raise,Heel Raise,A3,released,,data/trials/user30/functional_action/heel_raise/A3.npz,22775.0,14234.0,1281.0,14.233962059020996,True,3.0,"[1.7978849411010742,5.848379850387573,9.799126863479614]",False
user30|functional_action|heel_raise|A4,user30,test,functional_action,heel_raise,Heel Raise,A4,released,,data/trials/user30/functional_action/heel_raise/A4.npz,22698.0,14186.0,1277.0,14.186124324798584,True,3.0,"[1.7885472774505615,5.842613220214844,9.793984174728394]",False
user30|functional_action|left_lunge|A1,user30,test,functional_action,left_lunge,Left Lunge,A1,released,,data/trials/user30/functional_action/left_lunge/A1.npz,22891.0,14307.0,1288.0,14.306825399398804,True,3.0,"[1.7973551750183105,5.8344032764434814,9.889109134674072]",False
user30|functional_action|left_lunge|A2,user30,test,functional_action,left_lunge,Left Lunge,A2,released,,data/trials/user30/functional_action/left_lunge/A2.npz,22939.0,14337.0,1291.0,14.337300300598145,True,3.0,"[1.8330252170562744,5.876025199890137,9.835399389266968]",False
user30|functional_action|left_lunge|A3,user30,test,functional_action,left_lunge,Left Lunge,A3,released,,data/trials/user30/functional_action/left_lunge/A3.npz,22930.0,14331.0,1290.0,14.331106424331663,True,3.0,"[1.7857513427734375,5.8292083740234375,9.779200315475464]",False
user30|functional_action|left_lunge|A4,user30,test,functional_action,left_lunge,Left Lunge,A4,released,,data/trials/user30/functional_action/left_lunge/A4.npz,22752.0,14220.0,1280.0,14.219727754592896,True,3.0,"[1.7617607116699219,5.811055660247803,9.766480684280396]",False
user30|functional_action|quiet_sit|A1,user30,test,functional_action,quiet_sit,Quiet Sit,A1,released,,data/trials/user30/functional_action/quiet_sit/A1.npz,22810.0,14256.0,1283.0,14.2562358379364,True,3.0,"[1.8449068069458008,5.8989338874816895,9.854430913925171]",False
user30|functional_action|quiet_sit|A2,user30,test,functional_action,quiet_sit,Quiet Sit,A2,released,,data/trials/user30/functional_action/quiet_sit/A2.npz,22909.0,14318.0,1289.0,14.318297863006592,True,3.0,"[1.8606107234954834,5.913914680480957,9.860228776931763]",False
user30|functional_action|quiet_sit|A3,user30,test,functional_action,quiet_sit,Quiet Sit,A3,released,,data/trials/user30/functional_action/quiet_sit/A3.npz,22678.0,14174.0,1276.0,14.17381238937378,True,3.0,"[1.8043992519378662,5.859020233154297,9.820354223251343]",False
user30|functional_action|quiet_sit|A4,user30,test,functional_action,quiet_sit,Quiet Sit,A4,released,,data/trials/user30/functional_action/quiet_sit/A4.npz,22882.0,14301.0,1287.0,14.301285028457642,True,3.0,"[1.818006992340088,5.855617046356201,9.890069007873535]",False
user30|functional_action|quiet_stand|A1,user30,test,functional_action,quiet_stand,Quiet Stand,A1,released,,data/trials/user30/functional_action/quiet_stand/A1.npz,22692.0,14182.0,1277.0,14.182774305343628,True,3.0,"[1.7984192371368408,5.850319147109985,9.804463148117065]",False
user30|functional_action|quiet_stand|A2,user30,test,functional_action,quiet_stand,Quiet Stand,A2,released,,data/trials/user30/functional_action/quiet_stand/A2.npz,22692.0,14182.0,1277.0,14.182228088378906,True,3.0,"[1.764840841293335,5.820720911026001,9.776793003082275]",False
user30|functional_action|quiet_stand|A3,user30,test,functional_action,quiet_stand,Quiet Stand,A3,released,,data/trials/user30/functional_action/quiet_stand/A3.npz,22727.0,14204.0,1279.0,14.204413175582886,True,3.0,"[1.8348751068115234,5.892404079437256,9.843927145004272]",False
user30|functional_action|quiet_stand|A4,user30,test,functional_action,quiet_stand,Quiet Stand,A4,released,,data/trials/user30/functional_action/quiet_stand/A4.npz,22780.0,14237.0,1282.0,14.237662076950071,True,3.0,"[1.7942500114440918,5.827272891998291,9.866267919540405]",False
user30|functional_action|single_leg_stance|A1,user30,test,functional_action,single_leg_stance,Single-leg Stance,A1,released,,data/trials/user30/functional_action/single_leg_stance/A1.npz,22803.0,14252.0,1283.0,14.251826524734495,True,3.0,"[1.8553643226623535,5.891890287399292,9.9429292678833]",False
user30|functional_action|single_leg_stance|A2,user30,test,functional_action,single_leg_stance,Single-leg Stance,A2,released,,data/trials/user30/functional_action/single_leg_stance/A2.npz,22689.0,14181.0,1277.0,14.180458307266235,True,3.0,"[1.7798762321472168,5.821020126342773,9.86487102508545]",False
user30|functional_action|single_leg_stance|A3,user30,test,functional_action,single_leg_stance,Single-leg Stance,A3,released,,data/trials/user30/functional_action/single_leg_stance/A3.npz,22809.0,14255.0,1283.0,14.255064725875854,True,3.0,"[1.873694658279419,5.90470552444458,9.95480751991272]",False
user30|functional_action|single_leg_stance|A4,user30,test,functional_action,single_leg_stance,Single-leg Stance,A4,released,,data/trials/user30/functional_action/single_leg_stance/A4.npz,22832.0,14270.0,1285.0,14.26991891860962,True,3.0,"[1.788527011871338,5.830502033233643,9.876601934432983]",False
user30|functional_action|stair_ascent|A1,user30,test,functional_action,stair_ascent,Stair Ascent,A1,released,,data/trials/user30/functional_action/stair_ascent/A1.npz,22773.0,14233.0,1281.0,14.233218908309937,True,3.0,"[1.7720308303833008,5.827424764633179,9.778934001922607]",False
user30|functional_action|stair_ascent|A2,user30,test,functional_action,stair_ascent,Stair Ascent,A2,released,,data/trials/user30/functional_action/stair_ascent/A2.npz,22841.0,14275.0,1285.0,14.275411128997805,True,3.0,"[1.7928688526153564,5.849185943603516,9.793653011322021]",False
user30|functional_action|stair_ascent|A3,user30,test,functional_action,stair_ascent,Stair Ascent,A3,released,,data/trials/user30/functional_action/stair_ascent/A3.npz,22774.0,14234.0,1281.0,14.233848810195925,True,3.0,"[1.734818696975708,5.780107736587524,9.734299659729004]",False
user30|functional_action|stair_ascent|A4,user30,test,functional_action,stair_ascent,Stair Ascent,A4,released,,data/trials/user30/functional_action/stair_ascent/A4.npz,22946.0,14341.0,1291.0,14.340738534927368,True,3.0,"[1.8143064975738525,5.855802536010742,9.813580513000488]",False
user30|functional_action|stand_sit_transition|A1,user30,test,functional_action,stand_sit_transition,Stand-sit transition,A1,released,,data/trials/user30/functional_action/stand_sit_transition/A1.npz,22734.0,14209.0,1279.0,14.208696842193604,True,3.0,"[1.7761387825012207,5.82531476020813,9.865384817123413]",False
user30|functional_action|stand_sit_transition|A2,user30,test,functional_action,stand_sit_transition,Stand-sit transition,A2,released,,data/trials/user30/functional_action/stand_sit_transition/A2.npz,22711.0,14194.0,1278.0,14.193809032440186,True,3.0,"[1.8034567832946777,5.849930763244629,9.809653759002686]",False
user30|functional_action|stand_sit_transition|A3,user30,test,functional_action,stand_sit_transition,Stand-sit transition,A3,released,,data/trials/user30/functional_action/stand_sit_transition/A3.npz,22767.0,14229.0,1281.0,14.229647397994995,True,3.0,"[1.7706632614135742,5.8128581047058105,9.77386212348938]",False
user30|functional_action|stand_sit_transition|A4,user30,test,functional_action,stand_sit_transition,Stand-sit transition,A4,released,,data/trials/user30/functional_action/stand_sit_transition/A4.npz,22667.0,14167.0,1275.0,14.166831493377686,True,3.0,"[1.767397403717041,5.821489334106445,9.765130281448364]",False
user30|functional_action|vertical_jump|A1,user30,test,functional_action,vertical_jump,Vertical Jump,A1,released,,data/trials/user30/functional_action/vertical_jump/A1.npz,22812.0,14258.0,1284.0,14.257460355758669,True,3.0,"[1.7442972660064697,5.783640146255493,9.832017183303833]",False
user30|functional_action|vertical_jump|A2,user30,test,functional_action,vertical_jump,Vertical Jump,A2,released,,data/trials/user30/functional_action/vertical_jump/A2.npz,22791.0,14244.0,1283.0,14.244874238967896,True,3.0,"[1.9092233180999756,5.949315309524536,10.002808332443237]",False
user30|functional_action|vertical_jump|A3,user30,test,functional_action,vertical_jump,Vertical Jump,A3,released,,data/trials/user30/functional_action/vertical_jump/A3.npz,22923.0,14327.0,1290.0,14.326844453811646,True,3.0,"[1.7856383323669434,5.823995351791382,9.782979488372803]",False
user30|functional_action|vertical_jump|A4,user30,test,functional_action,vertical_jump,Vertical Jump,A4,released,,data/trials/user30/functional_action/vertical_jump/A4.npz,22905.0,14316.0,1289.0,14.315752029418944,True,3.0,"[1.8049829006195068,5.879820823669434,9.826604843139648]",False
user30|treadmill_walking|treadmill_walking_1_kmh|A1,user30,test,treadmill_walking,treadmill_walking_1_kmh,Walk at 1 km/h,A1,released,,data/trials/user30/treadmill_walking/treadmill_walking_1_kmh/A1.npz,22856.0,14285.0,1286.0,14.285032510757446,True,3.0,"[1.8112883567810059,5.858539342880249,9.891088247299194]",False
user30|treadmill_walking|treadmill_walking_1_kmh|A2,user30,test,treadmill_walking,treadmill_walking_1_kmh,Walk at 1 km/h,A2,released,,data/trials/user30/treadmill_walking/treadmill_walking_1_kmh/A2.npz,22782.0,14238.0,1282.0,14.238511085510254,True,3.0,"[1.803591012954712,5.842538118362427,9.887134075164795]",False
user30|treadmill_walking|treadmill_walking_1_kmh|A3,user30,test,treadmill_walking,treadmill_walking_1_kmh,Walk at 1 km/h,A3,released,,data/trials/user30/treadmill_walking/treadmill_walking_1_kmh/A3.npz,22772.0,14233.0,1281.0,14.232435703277588,True,3.0,"[1.7177047729492188,5.756401777267456,9.790475606918335]",False
user30|treadmill_walking|treadmill_walking_1_kmh|A4,user30,test,treadmill_walking,treadmill_walking_1_kmh,Walk at 1 km/h,A4,released,,data/trials/user30/treadmill_walking/treadmill_walking_1_kmh/A4.npz,22614.0,14134.0,1272.0,14.133997678756714,True,3.0,"[1.7884654998779297,5.8322296142578125,9.87046766281128]",False
user30|treadmill_walking|treadmill_walking_2_kmh|A1,user30,test,treadmill_walking,treadmill_walking_2_kmh,Walk at 2 km/h,A1,released,,data/trials/user30/treadmill_walking/treadmill_walking_2_kmh/A1.npz,22719.0,14199.0,1278.0,14.199130296707152,True,3.0,"[1.750502347946167,5.792873382568359,9.834835290908813]",False
user30|treadmill_walking|treadmill_walking_2_kmh|A2,user30,test,treadmill_walking,treadmill_walking_2_kmh,Walk at 2 km/h,A2,released,,data/trials/user30/treadmill_walking/treadmill_walking_2_kmh/A2.npz,22747.0,14217.0,1280.0,14.217080116271973,True,3.0,"[1.6896069049835205,5.73122501373291,9.782882928848267]",False
user30|treadmill_walking|treadmill_walking_2_kmh|A3,user30,test,treadmill_walking,treadmill_walking_2_kmh,Walk at 2 km/h,A3,released,,data/trials/user30/treadmill_walking/treadmill_walking_2_kmh/A3.npz,22785.0,14241.0,1282.0,14.24052906036377,True,3.0,"[1.7991809844970703,5.840051889419556,9.885127067565918]",False
user30|treadmill_walking|treadmill_walking_2_kmh|A4,user30,test,treadmill_walking,treadmill_walking_2_kmh,Walk at 2 km/h,A4,released,,data/trials/user30/treadmill_walking/treadmill_walking_2_kmh/A4.npz,22784.0,14240.0,1282.0,14.240145206451416,True,3.0,"[1.8366889953613281,5.879233121871948,9.925694942474365]",False
user30|treadmill_walking|treadmill_walking_3_kmh|A1,user30,test,treadmill_walking,treadmill_walking_3_kmh,Walk at 3 km/h,A1,released,,data/trials/user30/treadmill_walking/treadmill_walking_3_kmh/A1.npz,22687.0,14180.0,1277.0,14.179514646530151,True,3.0,"[1.8025104999542236,5.841975450515747,9.884801387786865]",False
user30|treadmill_walking|treadmill_walking_3_kmh|A2,user30,test,treadmill_walking,treadmill_walking_3_kmh,Walk at 3 km/h,A2,released,,data/trials/user30/treadmill_walking/treadmill_walking_3_kmh/A2.npz,22651.0,14157.0,1275.0,14.15701174736023,True,3.0,"[1.8040587902069092,5.841965675354004,9.893664598464966]",False
user30|treadmill_walking|treadmill_walking_3_kmh|A3,user30,test,treadmill_walking,treadmill_walking_3_kmh,Walk at 3 km/h,A3,released,,data/trials/user30/treadmill_walking/treadmill_walking_3_kmh/A3.npz,22713.0,14195.0,1278.0,14.195385932922363,True,3.0,"[1.7729299068450928,5.811637878417969,9.851598978042603]",False
user30|treadmill_walking|treadmill_walking_3_kmh|A4,user30,test,treadmill_walking,treadmill_walking_3_kmh,Walk at 3 km/h,A4,released,,data/trials/user30/treadmill_walking/treadmill_walking_3_kmh/A4.npz,22836.0,14273.0,1285.0,14.27239179611206,True,3.0,"[1.7949645519256592,5.846341609954834,9.884790658950806]",False
user30|treadmill_walking|treadmill_walking_4_kmh|A1,user30,test,treadmill_walking,treadmill_walking_4_kmh,Walk at 4 km/h,A1,released,,data/trials/user30/treadmill_walking/treadmill_walking_4_kmh/A1.npz,22681.0,14176.0,1276.0,14.175756454467772,True,3.0,"[1.8631703853607178,5.904169321060181,9.949440479278564]",False
user30|treadmill_walking|treadmill_walking_4_kmh|A2,user30,test,treadmill_walking,treadmill_walking_4_kmh,Walk at 4 km/h,A2,released,,data/trials/user30/treadmill_walking/treadmill_walking_4_kmh/A2.npz,22721.0,14201.0,1279.0,14.200836420059204,True,3.0,"[1.7956063747406006,5.840026378631592,9.876221179962158]",False
user30|treadmill_walking|treadmill_walking_4_kmh|A3,user30,test,treadmill_walking,treadmill_walking_4_kmh,Walk at 4 km/h,A3,released,,data/trials/user30/treadmill_walking/treadmill_walking_4_kmh/A3.npz,22658.0,14162.0,1275.0,14.161495685577393,True,3.0,"[1.8970134258270264,5.940602540969849,9.981468439102173]",False
user30|treadmill_walking|treadmill_walking_4_kmh|A4,user30,test,treadmill_walking,treadmill_walking_4_kmh,Walk at 4 km/h,A4,released,,data/trials/user30/treadmill_walking/treadmill_walking_4_kmh/A4.npz,22655.0,14159.0,1275.0,14.159046173095703,True,3.0,"[1.8155059814453125,5.8551719188690186,9.897305011749268]",False
user30|treadmill_walking|treadmill_walking_5_kmh|A1,user30,test,treadmill_walking,treadmill_walking_5_kmh,Walk at 5 km/h,A1,released,,data/trials/user30/treadmill_walking/treadmill_walking_5_kmh/A1.npz,22776.0,14235.0,1282.0,14.235051155090332,True,3.0,"[1.8974270820617676,5.9429450035095215,9.981808185577393]",False
user30|treadmill_walking|treadmill_walking_5_kmh|A2,user30,test,treadmill_walking,treadmill_walking_5_kmh,Walk at 5 km/h,A2,released,,data/trials/user30/treadmill_walking/treadmill_walking_5_kmh/A2.npz,22716.0,14198.0,1278.0,14.1977961063385,True,3.0,"[1.7127280235290527,5.757915019989014,9.790951013565063]",False
user30|treadmill_walking|treadmill_walking_5_kmh|A3,user30,test,treadmill_walking,treadmill_walking_5_kmh,Walk at 5 km/h,A3,released,,data/trials/user30/treadmill_walking/treadmill_walking_5_kmh/A3.npz,22736.0,14210.0,1279.0,14.20999813079834,True,3.0,"[1.8350861072540283,5.875529050827026,9.918339014053345]",False
user30|treadmill_walking|treadmill_walking_5_kmh|A4,user30,test,treadmill_walking,treadmill_walking_5_kmh,Walk at 5 km/h,A4,released,,data/trials/user30/treadmill_walking/treadmill_walking_5_kmh/A4.npz,22798.0,14249.0,1283.0,14.24868941307068,True,3.0,"[1.7465553283691406,5.789628505706787,9.821710348129272]",False
